ISO-10303-21;
HEADER;
FILE_DESCRIPTION (( 'STEP AP214' ),
    '1' );
FILE_NAME ('ASMPH-0806.STEP',
    '2013-10-11T11:28:40',
    ( '' ),
    ( '' ),
    'SwSTEP 2.0',
    'SolidWorks 2012',
    '' );
FILE_SCHEMA (( 'AUTOMOTIVE_DESIGN' ));
ENDSEC;

DATA;
#1 = CARTESIAN_POINT ( 'NONE',  ( 0.2683413517649516100, 0.4500000000000001200, -0.02953478793089758100 ) ) ;
#2 = CARTESIAN_POINT ( 'NONE',  ( 0.2672009713763522400, 0.4499999999999997300, -0.02662558681857921800 ) ) ;
#3 = CARTESIAN_POINT ( 'NONE',  ( 0.2656439952911199800, 0.4500000000000000700, -0.02388064532800554500 ) ) ;
#4 = CARTESIAN_POINT ( 'NONE',  ( 0.2636146956486630800, 0.4499999999999997300, -0.02134974539629911500 ) ) ;
#5 = CARTESIAN_POINT ( 'NONE',  ( 0.2611401604187562600, 0.4499999999999999000, -0.01900070339940255700 ) ) ;
#6 = CARTESIAN_POINT ( 'NONE',  ( 0.2582401181828883900, 0.4499999999999999600, -0.01681422258989672200 ) ) ;
#7 = CARTESIAN_POINT ( 'NONE',  ( 0.2560612357196469500, 0.4499999999999999000, -0.01558032646770230100 ) ) ;
#8 = CARTESIAN_POINT ( 'NONE',  ( 0.2549372529975711400, 0.4499999999999999000, -0.01494381764008994100 ) ) ;
#9 = CARTESIAN_POINT ( 'NONE',  ( -0.06509479828448015700, 0.4489999999999998400, -0.05923468302470532400 ) ) ;
#10 = CARTESIAN_POINT ( 'NONE',  ( -0.06509479828448015700, 0.4499999999999999000, -0.05923468302470532400 ) ) ;
#11 = CARTESIAN_POINT ( 'NONE',  ( -0.06374591525157552500, 0.4489999999999998400, -0.05923320027496691700 ) ) ;
#12 = CARTESIAN_POINT ( 'NONE',  ( -0.06374591525157552500, 0.4499999999999999000, -0.05923320027496691700 ) ) ;
#13 = CARTESIAN_POINT ( 'NONE',  ( -0.06116139545698426300, 0.4489999999999998400, -0.05923035926061960600 ) ) ;
#14 = CARTESIAN_POINT ( 'NONE',  ( -0.06116139545698426300, 0.4499999999999999000, -0.05923035926061960600 ) ) ;
#15 = CARTESIAN_POINT ( 'NONE',  ( -0.05745525100815892400, 0.4489999999999997900, -0.05914422366560116700 ) ) ;
#16 = CARTESIAN_POINT ( 'NONE',  ( -0.05745525100815892400, 0.4499999999999998400, -0.05914422366560116700 ) ) ;
#17 = CARTESIAN_POINT ( 'NONE',  ( -0.05408925867597787200, 0.4489999999999998400, -0.05902917532009360100 ) ) ;
#18 = CARTESIAN_POINT ( 'NONE',  ( -0.05408925867597787200, 0.4499999999999999000, -0.05902917532009360100 ) ) ;
#19 = CARTESIAN_POINT ( 'NONE',  ( -0.05107067636378582300, 0.4489999999999999000, -0.05886969265743299100 ) ) ;
#20 = CARTESIAN_POINT ( 'NONE',  ( -0.05107067636378582300, 0.4499999999999999600, -0.05886969265743299100 ) ) ;
#21 = CARTESIAN_POINT ( 'NONE',  ( -0.04839021641845491600, 0.4489999999999999500, -0.05868121865036138300 ) ) ;
#22 = CARTESIAN_POINT ( 'NONE',  ( -0.04839021641845491600, 0.4500000000000000100, -0.05868121865036138300 ) ) ;
#23 = CARTESIAN_POINT ( 'NONE',  ( -0.04606000785998175300, 0.4489999999999997900, -0.05841687466814914100 ) ) ;
#24 = CARTESIAN_POINT ( 'NONE',  ( -0.04606000785998175300, 0.4499999999999998400, -0.05841687466814914100 ) ) ;
#25 = CARTESIAN_POINT ( 'NONE',  ( -0.04406173482187195800, 0.4489999999999998400, -0.05814086622376832300 ) ) ;
#26 = CARTESIAN_POINT ( 'NONE',  ( -0.04406173482187195800, 0.4499999999999999000, -0.05814086622376832300 ) ) ;
#27 = CARTESIAN_POINT ( 'NONE',  ( -0.04286440769482865300, 0.4489999999999998400, -0.05786025460892852600 ) ) ;
#28 = CARTESIAN_POINT ( 'NONE',  ( -0.04286440769482865300, 0.4499999999999999000, -0.05786025460892852600 ) ) ;
#29 = CARTESIAN_POINT ( 'NONE',  ( -0.04231835597678782600, 0.4489999999999998400, -0.05773227917855149000 ) ) ;
#30 = CARTESIAN_POINT ( 'NONE',  ( -0.04231835597678782600, 0.4499999999999999000, -0.05773227917855149000 ) ) ;
#31 = CARTESIAN_POINT ( 'NONE',  ( 0.2742681824847507100, 0.4499999999999999600, 0.01163871441119211500 ) ) ;
#32 = CARTESIAN_POINT ( 'NONE',  ( 0.2742461418979073600, 0.4499999999999999600, 0.01260150677192916500 ) ) ;
#33 = CARTESIAN_POINT ( 'NONE',  ( 0.2742025153065650300, 0.4500000000000000100, 0.01450723410886731900 ) ) ;
#34 = CARTESIAN_POINT ( 'NONE',  ( 0.2738225157630099200, 0.4499999999999999000, 0.01731998015165392800 ) ) ;
#35 = CARTESIAN_POINT ( 'NONE',  ( 0.2732535735206032000, 0.4499999999999999600, 0.02005174534961029100 ) ) ;
#36 = CARTESIAN_POINT ( 'NONE',  ( 0.2724227303126396400, 0.4500000000000000700, 0.02270193080147149500 ) ) ;
#37 = CARTESIAN_POINT ( 'NONE',  ( 0.2713452048597922400, 0.4499999999999998400, 0.02525591289695724300 ) ) ;
#38 = CARTESIAN_POINT ( 'NONE',  ( 0.2700172952603703300, 0.4499999999999999600, 0.02771587785247300900 ) ) ;
#39 = CARTESIAN_POINT ( 'NONE',  ( 0.2685141179704637100, 0.4499999999999997900, 0.03012214382886812400 ) ) ;
#40 = CARTESIAN_POINT ( 'NONE',  ( 0.2673069111360038600, 0.4499999999999998400, 0.03160269816094985600 ) ) ;
#41 = CARTESIAN_POINT ( 'NONE',  ( 0.2666960671001353300, 0.4499999999999999000, 0.03235185543683313800 ) ) ;
#42 = PLANE ( 'NONE',  #2288 ) ;
#43 = CARTESIAN_POINT ( 'NONE',  ( -0.1185002470024288800, 0.4489999999999998400, -0.05923468302470532400 ) ) ;
#44 = DIRECTION ( 'NONE',  ( -0.9912954083909877300, 0.0000000000000000000, 0.1316564214269280700 ) ) ;
#45 = DIRECTION ( 'NONE',  ( 0.1316564214269280700, 0.0000000000000000000, 0.9912954083909877300 ) ) ;
#46 = CARTESIAN_POINT ( 'NONE',  ( -0.2411164328998647900, 0.4499999999999999000, 0.01612589389837159800 ) ) ;
#47 = CARTESIAN_POINT ( 'NONE',  ( -0.2411585560627019000, 0.4499999999999999000, 0.01529329819244405900 ) ) ;
#48 = CARTESIAN_POINT ( 'NONE',  ( -0.2412441862973593300, 0.4499999999999999000, 0.01360075278816822100 ) ) ;
#49 = CARTESIAN_POINT ( 'NONE',  ( -0.2419679428708585700, 0.4500000000000000700, 0.01110361984662663700 ) ) ;
#50 = CARTESIAN_POINT ( 'NONE',  ( -0.2431064927806709500, 0.4499999999999996200, 0.008632403560219187300 ) ) ;
#51 = CARTESIAN_POINT ( 'NONE',  ( -0.2441568540293845300, 0.4499999999999997900, 0.007103795972283171900 ) ) ;
#52 = CARTESIAN_POINT ( 'NONE',  ( -0.2447021700793519900, 0.4499999999999999000, 0.006310188770166469200 ) ) ;
#53 = CARTESIAN_POINT ( 'NONE',  ( -0.2610683559767879600, 0.4499999999999999600, -0.05154237533239764600 ) ) ;
#54 = CARTESIAN_POINT ( 'NONE',  ( -0.2621013994740871700, 0.4499999999999999000, -0.05150775533377227600 ) ) ;
#55 = CARTESIAN_POINT ( 'NONE',  ( -0.2640935265430681700, 0.4499999999999998400, -0.05144099392772305500 ) ) ;
#56 = CARTESIAN_POINT ( 'NONE',  ( -0.2669218190032844300, 0.4500000000000000100, -0.05071185149081890200 ) ) ;
#57 = CARTESIAN_POINT ( 'NONE',  ( -0.2694673597193771900, 0.4499999999999998400, -0.04956379833922314900 ) ) ;
#58 = CARTESIAN_POINT ( 'NONE',  ( -0.2716545758638400600, 0.4499999999999998400, -0.04795479896506117000 ) ) ;
#59 = CARTESIAN_POINT ( 'NONE',  ( -0.2734756323507840400, 0.4499999999999998400, -0.04604848488834353800 ) ) ;
#60 = CARTESIAN_POINT ( 'NONE',  ( -0.2747929311726383100, 0.4499999999999997900, -0.04385480331477446800 ) ) ;
#61 = CARTESIAN_POINT ( 'NONE',  ( -0.2755857930169826100, 0.4499999999999999600, -0.04143244895464486000 ) ) ;
#62 = CARTESIAN_POINT ( 'NONE',  ( -0.2756825438641551900, 0.4499999999999999600, -0.03974268734516741400 ) ) ;
#63 = CARTESIAN_POINT ( 'NONE',  ( -0.2757318175152493900, 0.4499999999999999000, -0.03888211892214123200 ) ) ;
#64 = CARTESIAN_POINT ( 'NONE',  ( -0.2321420739255058200, 0.4499999999999999000, 0.01626611825734596000 ) ) ;
#65 = CARTESIAN_POINT ( 'NONE',  ( -0.2321608493004760600, 0.4499999999999999600, 0.01716264297436283200 ) ) ;
#66 = CARTESIAN_POINT ( 'NONE',  ( -0.2321980354453209400, 0.4499999999999998400, 0.01893828250416572000 ) ) ;
#67 = CARTESIAN_POINT ( 'NONE',  ( -0.2326254901247101200, 0.4500000000000000100, 0.02154557041508318000 ) ) ;
#68 = CARTESIAN_POINT ( 'NONE',  ( -0.2332517662722120600, 0.4499999999999999600, 0.02407788097748194600 ) ) ;
#69 = CARTESIAN_POINT ( 'NONE',  ( -0.2341956872422276700, 0.4499999999999999600, 0.02650391276162518400 ) ) ;
#70 = CARTESIAN_POINT ( 'NONE',  ( -0.2353477774782246300, 0.4499999999999998400, 0.02886804883829506600 ) ) ;
#71 = CARTESIAN_POINT ( 'NONE',  ( -0.2368096702743970100, 0.4500000000000001800, 0.03110827456432142100 ) ) ;
#72 = CARTESIAN_POINT ( 'NONE',  ( -0.2385041755526166300, 0.4499999999999999600, 0.03327417166680560200 ) ) ;
#73 = CARTESIAN_POINT ( 'NONE',  ( -0.2404479974070276600, 0.4499999999999999000, 0.03530798570552406300 ) ) ;
#74 = CARTESIAN_POINT ( 'NONE',  ( -0.2425750231874991800, 0.4500000000000000100, 0.03717501987653580600 ) ) ;
#75 = CARTESIAN_POINT ( 'NONE',  ( -0.2448231287492927700, 0.4499999999999999600, 0.03883585020432066300 ) ) ;
#76 = CARTESIAN_POINT ( 'NONE',  ( -0.2471959936902684800, 0.4500000000000000100, 0.04022065944418691500 ) ) ;
#77 = CARTESIAN_POINT ( 'NONE',  ( -0.2496807455955036800, 0.4499999999999997300, 0.04135068350275643300 ) ) ;
#78 = CARTESIAN_POINT ( 'NONE',  ( -0.2522779552157056200, 0.4500000000000000700, 0.04223449828922076100 ) ) ;
#79 = CARTESIAN_POINT ( 'NONE',  ( -0.2549867490395487100, 0.4499999999999999000, 0.04287486597867422300 ) ) ;
#80 = CARTESIAN_POINT ( 'NONE',  ( -0.2578115922172503100, 0.4499999999999999000, 0.04326788629048856200 ) ) ;
#81 = CARTESIAN_POINT ( 'NONE',  ( -0.2597316059764641100, 0.4499999999999999600, 0.04330867947519145100 ) ) ;
#82 = CARTESIAN_POINT ( 'NONE',  ( -0.2607077790537109500, 0.4499999999999998400, 0.04332941953939724300 ) ) ;
#83 = CARTESIAN_POINT ( 'NONE',  ( -0.2757318175152493900, 0.4499999999999999000, -0.03888211892214123200 ) ) ;
#84 = LINE ( 'NONE', #85, #2300 ) ;
#85 = CARTESIAN_POINT ( 'NONE',  ( -0.07573181751524939200, 0.4499999999999999000, -0.005388529178551479600 ) ) ;
#86 = DIRECTION ( 'NONE',  ( 0.0000000000000000000, 0.0000000000000000000, 1.000000000000000000 ) ) ;
#87 = CARTESIAN_POINT ( 'NONE',  ( -0.2757205853256805600, 0.4499999999999999000, -0.03834636239241377700 ) ) ;
#88 = CARTESIAN_POINT ( 'NONE',  ( -0.2756981025797032300, 0.4499999999999998400, -0.03727397326563247600 ) ) ;
#89 = CARTESIAN_POINT ( 'NONE',  ( -0.2753845369315207600, 0.4499999999999997900, -0.03568964692409095500 ) ) ;
#90 = CARTESIAN_POINT ( 'NONE',  ( -0.2749816989612969300, 0.4499999999999999600, -0.03410932294070159700 ) ) ;
#91 = CARTESIAN_POINT ( 'NONE',  ( -0.2743433380540560900, 0.4499999999999997300, -0.03254010628829678100 ) ) ;
#92 = CARTESIAN_POINT ( 'NONE',  ( -0.2734620436650341800, 0.4500000000000000700, -0.03095455317251785700 ) ) ;
#93 = CARTESIAN_POINT ( 'NONE',  ( -0.2723047529248520700, 0.4499999999999998400, -0.02932536067084502000 ) ) ;
#94 = CARTESIAN_POINT ( 'NONE',  ( -0.2708472297234242900, 0.4499999999999999000, -0.02763816899449860300 ) ) ;
#95 = CARTESIAN_POINT ( 'NONE',  ( -0.2697307436562408300, 0.4499999999999998400, -0.02654081545807274900 ) ) ;
#96 = CARTESIAN_POINT ( 'NONE',  ( -0.2691412726434545500, 0.4499999999999999000, -0.02596144584521814500 ) ) ;
#97 = PLANE ( 'NONE',  #2301 ) ;
#98 = CARTESIAN_POINT ( 'NONE',  ( -0.2022742854639673600, 0.4489999999999998400, -0.05923468302470532400 ) ) ;
#99 = DIRECTION ( 'NONE',  ( -0.8932902553120646300, 0.0000000000000000000, 0.4494802773921304200 ) ) ;
#100 = DIRECTION ( 'NONE',  ( 0.4494802773921304200, 0.0000000000000000000, 0.8932902553120646300 ) ) ;
#101 = PLANE ( 'NONE',  #2303 ) ;
#102 = CARTESIAN_POINT ( 'NONE',  ( -1.000000000000000000, -0.4500000000000000100, 0.8000000000000000400 ) ) ;
#103 = DIRECTION ( 'NONE',  ( -5.421010862427522200E-017, 1.000000000000000000, 0.0000000000000000000 ) ) ;
#104 = DIRECTION ( 'NONE',  ( -1.000000000000000000, -5.421010862427522200E-017, 0.0000000000000000000 ) ) ;
#105 = PLANE ( 'NONE',  #2305 ) ;
#106 = CARTESIAN_POINT ( 'NONE',  ( -0.3936805354639673600, 0.4489999999999998400, 0.04076531697529468100 ) ) ;
#107 = DIRECTION ( 'NONE',  ( 0.9035018415143106800, 0.0000000000000000000, 0.4285842068721729700 ) ) ;
#108 = DIRECTION ( 'NONE',  ( 0.4285842068721729700, 0.0000000000000000000, -0.9035018415143106800 ) ) ;
#109 = CARTESIAN_POINT ( 'NONE',  ( -0.2691412726434545500, 0.4499999999999999000, -0.02596144584521814500 ) ) ;
#110 = CARTESIAN_POINT ( 'NONE',  ( -0.2689223762889491100, 0.4499999999999999600, -0.02576610225048037200 ) ) ;
#111 = CARTESIAN_POINT ( 'NONE',  ( -0.2684023286564657400, 0.4499999999999999000, -0.02530201058393023000 ) ) ;
#112 = CARTESIAN_POINT ( 'NONE',  ( -0.2674515879210469000, 0.4499999999999999600, -0.02454223113696611300 ) ) ;
#113 = CARTESIAN_POINT ( 'NONE',  ( -0.2661960794001912400, 0.4499999999999998400, -0.02360500907138695200 ) ) ;
#114 = CARTESIAN_POINT ( 'NONE',  ( -0.2646685879379959700, 0.4500000000000001200, -0.02244537145782156400 ) ) ;
#115 = CARTESIAN_POINT ( 'NONE',  ( -0.2628409490315084500, 0.4499999999999997300, -0.02110018682589947400 ) ) ;
#116 = CARTESIAN_POINT ( 'NONE',  ( -0.2607129617130911100, 0.4500000000000000100, -0.01958665504979104800 ) ) ;
#117 = CARTESIAN_POINT ( 'NONE',  ( -0.2583083464892356700, 0.4499999999999997900, -0.01785564193530860700 ) ) ;
#118 = CARTESIAN_POINT ( 'NONE',  ( -0.2566020060349619200, 0.4499999999999997300, -0.01664542648931050000 ) ) ;
#119 = CARTESIAN_POINT ( 'NONE',  ( -0.2556997662331981800, 0.4499999999999999000, -0.01600551635803866200 ) ) ;
#120 = PLANE ( 'NONE',  #2298 ) ;
#121 = CARTESIAN_POINT ( 'NONE',  ( 0.0000000000000000000, 0.0000000000000000000, -0.8000000000000000400 ) ) ;
#122 = DIRECTION ( 'NONE',  ( -0.0000000000000000000, 0.0000000000000000000, 1.000000000000000000 ) ) ;
#123 = DIRECTION ( 'NONE',  ( 1.000000000000000000, 0.0000000000000000000, 0.0000000000000000000 ) ) ;
#124 = CARTESIAN_POINT ( 'NONE',  ( -0.2757318175152493900, 0.4489999999999998400, -0.03888211892214123200 ) ) ;
#125 = CARTESIAN_POINT ( 'NONE',  ( -0.2757318175152493900, 0.4499999999999999000, -0.03888211892214123200 ) ) ;
#126 = CARTESIAN_POINT ( 'NONE',  ( -0.2757205853256805600, 0.4489999999999998400, -0.03834636239241377700 ) ) ;
#127 = CARTESIAN_POINT ( 'NONE',  ( -0.2757205853256805600, 0.4499999999999999000, -0.03834636239241377700 ) ) ;
#128 = CARTESIAN_POINT ( 'NONE',  ( -0.2756981025797032300, 0.4489999999999997900, -0.03727397326563247600 ) ) ;
#129 = CARTESIAN_POINT ( 'NONE',  ( -0.2756981025797032300, 0.4499999999999998400, -0.03727397326563247600 ) ) ;
#130 = CARTESIAN_POINT ( 'NONE',  ( -0.2753845369315207600, 0.4489999999999997300, -0.03568964692409095500 ) ) ;
#131 = CARTESIAN_POINT ( 'NONE',  ( -0.2753845369315207600, 0.4499999999999997900, -0.03568964692409095500 ) ) ;
#132 = CARTESIAN_POINT ( 'NONE',  ( -0.2749816989612969300, 0.4489999999999999000, -0.03410932294070159700 ) ) ;
#133 = CARTESIAN_POINT ( 'NONE',  ( -0.2749816989612969300, 0.4499999999999999600, -0.03410932294070159700 ) ) ;
#134 = CARTESIAN_POINT ( 'NONE',  ( -0.2743433380540560900, 0.4489999999999996800, -0.03254010628829678100 ) ) ;
#135 = CARTESIAN_POINT ( 'NONE',  ( -0.2743433380540560900, 0.4499999999999997300, -0.03254010628829678100 ) ) ;
#136 = CARTESIAN_POINT ( 'NONE',  ( -0.2734620436650341800, 0.4490000000000000100, -0.03095455317251785700 ) ) ;
#137 = CARTESIAN_POINT ( 'NONE',  ( -0.2734620436650341800, 0.4500000000000000700, -0.03095455317251785700 ) ) ;
#138 = CARTESIAN_POINT ( 'NONE',  ( -0.2723047529248520700, 0.4489999999999997900, -0.02932536067084502000 ) ) ;
#139 = CARTESIAN_POINT ( 'NONE',  ( -0.2723047529248520700, 0.4499999999999998400, -0.02932536067084502000 ) ) ;
#140 = CARTESIAN_POINT ( 'NONE',  ( -0.2708472297234242900, 0.4489999999999998400, -0.02763816899449860300 ) ) ;
#141 = CARTESIAN_POINT ( 'NONE',  ( -0.2708472297234242900, 0.4499999999999999000, -0.02763816899449860300 ) ) ;
#142 = CARTESIAN_POINT ( 'NONE',  ( -0.2697307436562408300, 0.4489999999999997900, -0.02654081545807274900 ) ) ;
#143 = CARTESIAN_POINT ( 'NONE',  ( -0.2697307436562408300, 0.4499999999999998400, -0.02654081545807274900 ) ) ;
#144 = CARTESIAN_POINT ( 'NONE',  ( -0.2691412726434545500, 0.4489999999999998400, -0.02596144584521814500 ) ) ;
#145 = CARTESIAN_POINT ( 'NONE',  ( -0.2691412726434545500, 0.4499999999999999000, -0.02596144584521814500 ) ) ;
#146 = PLANE ( 'NONE',  #2310 ) ;
#147 = CARTESIAN_POINT ( 'NONE',  ( -0.1599064970024288700, 0.4489999999999998400, 0.04076531697529468100 ) ) ;
#148 = DIRECTION ( 'NONE',  ( -0.0000000000000000000, 0.0000000000000000000, -1.000000000000000000 ) ) ;
#149 = DIRECTION ( 'NONE',  ( -1.000000000000000000, 0.0000000000000000000, 0.0000000000000000000 ) ) ;
#150 = PLANE ( 'NONE',  #2312 ) ;
#151 = CARTESIAN_POINT ( 'NONE',  ( -0.2988087405921724900, 0.4489999999999998400, 0.04076531697529468100 ) ) ;
#152 = DIRECTION ( 'NONE',  ( -0.0000000000000000000, 0.0000000000000000000, -1.000000000000000000 ) ) ;
#153 = DIRECTION ( 'NONE',  ( -1.000000000000000000, 0.0000000000000000000, 0.0000000000000000000 ) ) ;
#154 = LINE ( 'NONE', #155, #2313 ) ;
#155 = CARTESIAN_POINT ( 'NONE',  ( -0.3085643495665315000, 0.4499999999999999000, 0.04076531697529468100 ) ) ;
#156 = DIRECTION ( 'NONE',  ( -0.4188422247446084200, 0.0000000000000000000, -0.9080590238365492400 ) ) ;
#157 = CARTESIAN_POINT ( 'NONE',  ( -0.9750000000000000900, -0.4249999999999999900, 0.8000000000000000400 ) ) ;
#158 = DIRECTION ( 'NONE',  ( 0.0000000000000000000, 0.0000000000000000000, -1.000000000000000000 ) ) ;
#159 = DIRECTION ( 'NONE',  ( -1.000000000000000000, 0.0000000000000000000, 0.0000000000000000000 ) ) ;
#160 = PLANE ( 'NONE',  #2319 ) ;
#161 = CARTESIAN_POINT ( 'NONE',  ( -1.000000000000000000, 0.4499999999999999000, 0.8000000000000000400 ) ) ;
#162 = DIRECTION ( 'NONE',  ( 0.0000000000000000000, -1.000000000000000000, 0.0000000000000000000 ) ) ;
#163 = DIRECTION ( 'NONE',  ( 0.0000000000000000000, -0.0000000000000000000, -1.000000000000000000 ) ) ;
#164 = CARTESIAN_POINT ( 'NONE',  ( -0.9750000000000000900, 0.4249999999999998800, 0.7750000000000001300 ) ) ;
#165 = DIRECTION ( 'NONE',  ( 0.0000000000000000000, 1.000000000000000000, 0.0000000000000000000 ) ) ;
#166 = DIRECTION ( 'NONE',  ( 1.000000000000000000, 0.0000000000000000000, 0.0000000000000000000 ) ) ;
#167 = PLANE ( 'NONE',  #2317 ) ;
#168 = CARTESIAN_POINT ( 'NONE',  ( -0.3449625867460186500, 0.4489999999999998400, -0.05923468302470532400 ) ) ;
#169 = DIRECTION ( 'NONE',  ( -0.9079593845004516600, 0.0000000000000000000, 0.4190581774617470100 ) ) ;
#170 = DIRECTION ( 'NONE',  ( 0.4190581774617470100, 0.0000000000000000000, 0.9079593845004516600 ) ) ;
#171 = CARTESIAN_POINT ( 'NONE',  ( -0.2447021700793519900, 0.4499999999999999000, 0.006310188770166469200 ) ) ;
#172 = CARTESIAN_POINT ( 'NONE',  ( -0.2451499019130832800, 0.4499999999999999000, 0.005737422381499593900 ) ) ;
#173 = CARTESIAN_POINT ( 'NONE',  ( -0.2460898588927953300, 0.4499999999999999000, 0.004534970993834875700 ) ) ;
#174 = CARTESIAN_POINT ( 'NONE',  ( -0.2477057878240244700, 0.4499999999999999600, 0.002745107123107952800 ) ) ;
#175 = CARTESIAN_POINT ( 'NONE',  ( -0.2496019625184640900, 0.4499999999999999000, 0.0008988665816207077700 ) ) ;
#176 = CARTESIAN_POINT ( 'NONE',  ( -0.2517134926587975000, 0.4499999999999998400, -0.001074249331217480300 ) ) ;
#177 = CARTESIAN_POINT ( 'NONE',  ( -0.2541172951971006300, 0.4499999999999999000, -0.003082472093732871900 ) ) ;
#178 = CARTESIAN_POINT ( 'NONE',  ( -0.2567380813229049900, 0.4499999999999998400, -0.005221565749131458300 ) ) ;
#179 = CARTESIAN_POINT ( 'NONE',  ( -0.2596427630076514300, 0.4499999999999997900, -0.007410182236179343000 ) ) ;
#180 = CARTESIAN_POINT ( 'NONE',  ( -0.2616798914824513000, 0.4499999999999999600, -0.008877969823223735200 ) ) ;
#181 = CARTESIAN_POINT ( 'NONE',  ( -0.2627310162331981700, 0.4499999999999999000, -0.009635324050346356200 ) ) ;
#182 = CARTESIAN_POINT ( 'NONE',  ( -0.2826629072588391900, 0.4499999999999999000, 0.01640634261632031500 ) ) ;
#183 = CARTESIAN_POINT ( 'NONE',  ( -0.2818766719088239800, 0.4499999999999999000, 0.01772246790052340100 ) ) ;
#184 = CARTESIAN_POINT ( 'NONE',  ( -0.2803702753194451900, 0.4499999999999999600, 0.02024411315506496500 ) ) ;
#185 = CARTESIAN_POINT ( 'NONE',  ( -0.2778573793436595600, 0.4499999999999997900, 0.02365148573874428800 ) ) ;
#186 = CARTESIAN_POINT ( 'NONE',  ( -0.2752535818817763400, 0.4499999999999999600, 0.02654754736042989200 ) ) ;
#187 = CARTESIAN_POINT ( 'NONE',  ( -0.2725396009232208800, 0.4500000000000000100, 0.02891545043299645300 ) ) ;
#188 = CARTESIAN_POINT ( 'NONE',  ( -0.2697320024054386500, 0.4499999999999999000, 0.03077970434007128500 ) ) ;
#189 = CARTESIAN_POINT ( 'NONE',  ( -0.2668124580129616100, 0.4500000000000000700, 0.03209976810345833300 ) ) ;
#190 = CARTESIAN_POINT ( 'NONE',  ( -0.2637908062783490000, 0.4499999999999999600, 0.03292308168549668000 ) ) ;
#191 = CARTESIAN_POINT ( 'NONE',  ( -0.2617344113789368300, 0.4499999999999998400, 0.03302308415848696800 ) ) ;
#192 = CARTESIAN_POINT ( 'NONE',  ( -0.2607077790537109500, 0.4499999999999999000, 0.03307300928298698200 ) ) ;
#193 = CARTESIAN_POINT ( 'NONE',  ( -1.000000000000000000, 0.4249999999999998800, -0.7750000000000000200 ) ) ;
#194 = DIRECTION ( 'NONE',  ( -1.000000000000000000, 0.0000000000000000000, 0.0000000000000000000 ) ) ;
#195 = DIRECTION ( 'NONE',  ( 0.0000000000000000000, 0.0000000000000000000, 1.000000000000000000 ) ) ;
#196 = LINE ( 'NONE', #197, #9071 ) ;
#197 = CARTESIAN_POINT ( 'NONE',  ( 1.000000000000000000, 0.4499999999999999000, 0.7750000000000001300 ) ) ;
#198 = DIRECTION ( 'NONE',  ( 1.000000000000000000, -0.0000000000000000000, -0.0000000000000000000 ) ) ;
#199 = PLANE ( 'NONE',  #9098 ) ;
#200 = CARTESIAN_POINT ( 'NONE',  ( -0.3280755675152494100, 0.4489999999999998400, -0.001542375332397635200 ) ) ;
#201 = DIRECTION ( 'NONE',  ( 0.9079872537420919900, 0.0000000000000000000, -0.4189977888269744200 ) ) ;
#202 = DIRECTION ( 'NONE',  ( -0.4189977888269744200, 0.0000000000000000000, -0.9079872537420919900 ) ) ;
#203 = LINE ( 'NONE', #204, #9082 ) ;
#204 = CARTESIAN_POINT ( 'NONE',  ( 0.08324254145910961500, 0.4499999999999999000, -0.002824426614448918900 ) ) ;
#205 = DIRECTION ( 'NONE',  ( 1.000000000000000000, 0.0000000000000000000, 0.0000000000000000000 ) ) ;
#206 = PLANE ( 'NONE',  #9100 ) ;
#207 = FILL_AREA_STYLE_COLOUR ( '', #4407 ) ;
#208 = FILL_AREA_STYLE ('',( #207 ) ) ;
#209 = SURFACE_STYLE_FILL_AREA ( #208 ) ;
#210 = SURFACE_SIDE_STYLE ('',( #209 ) ) ;
#211 = SURFACE_STYLE_USAGE ( .BOTH. , #210 ) ;
#212 = PRESENTATION_STYLE_ASSIGNMENT (( #211 ) ) ;
#213 =( LENGTH_UNIT ( ) NAMED_UNIT ( * ) SI_UNIT ( .MILLI., .METRE. ) );
#214 =( NAMED_UNIT ( * ) PLANE_ANGLE_UNIT ( ) SI_UNIT ( $, .RADIAN. ) );
#215 =( NAMED_UNIT ( * ) SI_UNIT ( $, .STERADIAN. ) SOLID_ANGLE_UNIT ( ) );
#216 = CARTESIAN_POINT ( 'NONE',  ( 0.0000000000000000000, 0.0000000000000000000, 0.8000000000000000400 ) ) ;
#217 = DIRECTION ( 'NONE',  ( -0.0000000000000000000, 0.0000000000000000000, 1.000000000000000000 ) ) ;
#218 = DIRECTION ( 'NONE',  ( 1.000000000000000000, 0.0000000000000000000, 0.0000000000000000000 ) ) ;
#219 = CARTESIAN_POINT ( 'NONE',  ( -0.04311963802806987500, 0.4489999999999998400, -0.007031157383679684100 ) ) ;
#220 = CARTESIAN_POINT ( 'NONE',  ( -0.04311963802806987500, 0.4499999999999999000, -0.007031157383679684100 ) ) ;
#221 = CARTESIAN_POINT ( 'NONE',  ( -0.04374613328496741000, 0.4489999999999998400, -0.006897929352882779100 ) ) ;
#222 = CARTESIAN_POINT ( 'NONE',  ( -0.04374613328496741000, 0.4499999999999999000, -0.006897929352882779100 ) ) ;
#223 = CARTESIAN_POINT ( 'NONE',  ( -0.04511913406669915100, 0.4489999999999999500, -0.006605952377129478700 ) ) ;
#224 = CARTESIAN_POINT ( 'NONE',  ( -0.04511913406669915100, 0.4500000000000000100, -0.006605952377129478700 ) ) ;
#225 = CARTESIAN_POINT ( 'NONE',  ( -0.04738035470034904200, 0.4489999999999999000, -0.006279996467275658600 ) ) ;
#226 = CARTESIAN_POINT ( 'NONE',  ( -0.04738035470034904200, 0.4499999999999999600, -0.006279996467275658600 ) ) ;
#227 = CARTESIAN_POINT ( 'NONE',  ( -0.05001308001262959300, 0.4489999999999999000, -0.006001779304834279800 ) ) ;
#228 = CARTESIAN_POINT ( 'NONE',  ( -0.05001308001262959300, 0.4499999999999999600, -0.006001779304834279800 ) ) ;
#229 = CARTESIAN_POINT ( 'NONE',  ( -0.05301371658164579600, 0.4490000000000000100, -0.005793175373946946600 ) ) ;
#230 = CARTESIAN_POINT ( 'NONE',  ( -0.05301371658164579600, 0.4500000000000000700, -0.005793175373946946600 ) ) ;
#231 = CARTESIAN_POINT ( 'NONE',  ( -0.05637957100797651900, 0.4489999999999996800, -0.005614593417889540000 ) ) ;
#232 = CARTESIAN_POINT ( 'NONE',  ( -0.05637957100797651900, 0.4499999999999997300, -0.005614593417889540000 ) ) ;
#233 = CARTESIAN_POINT ( 'NONE',  ( -0.06011246407454062800, 0.4489999999999999000, -0.005472647878155900200 ) ) ;
#234 = CARTESIAN_POINT ( 'NONE',  ( -0.06011246407454062800, 0.4499999999999999600, -0.005472647878155900200 ) ) ;
#235 = CARTESIAN_POINT ( 'NONE',  ( -0.06421972342252091300, 0.4489999999999998400, -0.005394652054294230400 ) ) ;
#236 = CARTESIAN_POINT ( 'NONE',  ( -0.06421972342252091300, 0.4499999999999999000, -0.005394652054294230400 ) ) ;
#237 = CARTESIAN_POINT ( 'NONE',  ( -0.06708461611046256900, 0.4489999999999999000, -0.005390629402908769800 ) ) ;
#238 = CARTESIAN_POINT ( 'NONE',  ( -0.06708461611046256900, 0.4499999999999999600, -0.005390629402908769800 ) ) ;
#239 = CARTESIAN_POINT ( 'NONE',  ( -0.06858037520755708200, 0.4489999999999998400, -0.005388529178551479600 ) ) ;
#240 = CARTESIAN_POINT ( 'NONE',  ( -0.06858037520755708200, 0.4499999999999999000, -0.005388529178551479600 ) ) ;
#241 = LINE ( 'NONE', #242, #9147 ) ;
#242 = CARTESIAN_POINT ( 'NONE',  ( -0.3936805354639673600, 0.4499999999999999000, 0.04076531697529468100 ) ) ;
#243 = DIRECTION ( 'NONE',  ( 0.4285842068721729100, 0.0000000000000000000, -0.9035018415143106800 ) ) ;
#244 = CARTESIAN_POINT ( 'NONE',  ( -0.2791172341819160900, 0.4499999999999999000, -0.02323708687085917400 ) ) ;
#245 = LINE ( 'NONE', #246, #9089 ) ;
#246 = CARTESIAN_POINT ( 'NONE',  ( -0.3838848623870442800, 0.4499999999999999000, 0.04076531697529468100 ) ) ;
#247 = DIRECTION ( 'NONE',  ( -1.000000000000000000, 0.0000000000000000000, 0.0000000000000000000 ) ) ;
#248 = CARTESIAN_POINT ( 'NONE',  ( -0.2795593069028060600, 0.4499999999999998400, -0.02382568792383632500 ) ) ;
#249 = CARTESIAN_POINT ( 'NONE',  ( -0.2804287022375302500, 0.4499999999999998400, -0.02498325088868508600 ) ) ;
#250 = CARTESIAN_POINT ( 'NONE',  ( -0.2815763023936759300, 0.4500000000000000100, -0.02679253253919099500 ) ) ;
#251 = CARTESIAN_POINT ( 'NONE',  ( -0.2825517070450582200, 0.4499999999999997900, -0.02864462583659753800 ) ) ;
#252 = CARTESIAN_POINT ( 'NONE',  ( -0.2833163451060937700, 0.4499999999999999000, -0.03054450768130003200 ) ) ;
#253 = CARTESIAN_POINT ( 'NONE',  ( -0.2839602370729386000, 0.4499999999999999000, -0.03246550564931640500 ) ) ;
#254 = CARTESIAN_POINT ( 'NONE',  ( -0.2843933208077320500, 0.4499999999999999000, -0.03443268409787690600 ) ) ;
#255 = CARTESIAN_POINT ( 'NONE',  ( -0.2846645035767544400, 0.4499999999999999600, -0.03643721605400512800 ) ) ;
#256 = CARTESIAN_POINT ( 'NONE',  ( -0.2846922746205574100, 0.4499999999999998400, -0.03778617321464822200 ) ) ;
#257 = CARTESIAN_POINT ( 'NONE',  ( -0.2847061764896083900, 0.4499999999999999000, -0.03846144584521814900 ) ) ;
#258 = PLANE ( 'NONE',  #9104 ) ;
#259 = CARTESIAN_POINT ( 'NONE',  ( -1.000000000000000000, 0.4499999999999999000, 0.8000000000000000400 ) ) ;
#260 = DIRECTION ( 'NONE',  ( 1.000000000000000000, 0.0000000000000000000, -0.0000000000000000000 ) ) ;
#261 = DIRECTION ( 'NONE',  ( -0.0000000000000000000, 0.0000000000000000000, -1.000000000000000000 ) ) ;
#262 = CARTESIAN_POINT ( 'NONE',  ( -1.000000000000000000, -0.4249999999999999900, -0.7750000000000000200 ) ) ;
#263 = DIRECTION ( 'NONE',  ( 1.000000000000000000, 5.421010862427522200E-017, 0.0000000000000000000 ) ) ;
#264 = DIRECTION ( 'NONE',  ( 0.0000000000000000000, 1.000000000000000000, 0.0000000000000000000 ) ) ;
#265 = PLANE ( 'NONE',  #9085 ) ;
#266 = CARTESIAN_POINT ( 'NONE',  ( -0.1052189970024288900, 0.4489999999999998400, 0.04076531697529468100 ) ) ;
#267 = DIRECTION ( 'NONE',  ( -0.0000000000000000000, 0.0000000000000000000, -1.000000000000000000 ) ) ;
#268 = DIRECTION ( 'NONE',  ( -1.000000000000000000, 0.0000000000000000000, 0.0000000000000000000 ) ) ;
#269 = CARTESIAN_POINT ( 'NONE',  ( -0.04231835597678782600, 0.4489999999999998400, -0.05773227917855149000 ) ) ;
#270 = CARTESIAN_POINT ( 'NONE',  ( -0.04231835597678782600, 0.4499999999999997900, -0.05773227917855149000 ) ) ;
#271 = CARTESIAN_POINT ( 'NONE',  ( -0.04162711215435091500, 0.4489999999999997900, -0.05754308061193149500 ) ) ;
#272 = CARTESIAN_POINT ( 'NONE',  ( -0.04162711215435091500, 0.4499999999999997300, -0.05754308061193149500 ) ) ;
#273 = CARTESIAN_POINT ( 'NONE',  ( -0.04026091280543263300, 0.4489999999999998400, -0.05716914170623356400 ) ) ;
#274 = CARTESIAN_POINT ( 'NONE',  ( -0.04026091280543263300, 0.4499999999999997900, -0.05716914170623356400 ) ) ;
#275 = CARTESIAN_POINT ( 'NONE',  ( -0.03829231157395760600, 0.4490000000000000100, -0.05642017817835803100 ) ) ;
#276 = CARTESIAN_POINT ( 'NONE',  ( -0.03829231157395760600, 0.4499999999999999600, -0.05642017817835803100 ) ) ;
#277 = CARTESIAN_POINT ( 'NONE',  ( -0.03641934456023257500, 0.4490000000000000100, -0.05553211631620114100 ) ) ;
#278 = CARTESIAN_POINT ( 'NONE',  ( -0.03641934456023257500, 0.4499999999999999600, -0.05553211631620114100 ) ) ;
#279 = CARTESIAN_POINT ( 'NONE',  ( -0.03463558574751313100, 0.4489999999999997900, -0.05452000374903257600 ) ) ;
#280 = CARTESIAN_POINT ( 'NONE',  ( 0.3409151753152342400, 0.4489999999999999000, -0.02554918171723971600 ) ) ;
#281 = CARTESIAN_POINT ( 'NONE',  ( 0.3409151753152342400, 0.4499999999999999000, -0.02554918171723971600 ) ) ;
#282 = CARTESIAN_POINT ( 'NONE',  ( 0.3403792379757972200, 0.4489999999999999000, -0.02833347615313446700 ) ) ;
#283 = CARTESIAN_POINT ( 'NONE',  ( 0.3403792379757972200, 0.4499999999999999000, -0.02833347615313446700 ) ) ;
#284 = CARTESIAN_POINT ( 'NONE',  ( 0.3396592033389336200, 0.4489999999999999000, -0.03093184829083012900 ) ) ;
#285 = CARTESIAN_POINT ( 'NONE',  ( 0.3396592033389336200, 0.4499999999999999000, -0.03093184829083012900 ) ) ;
#286 = CARTESIAN_POINT ( 'NONE',  ( 0.3388900669111055100, 0.4489999999999998400, -0.03338497919687605900 ) ) ;
#287 = CARTESIAN_POINT ( 'NONE',  ( 0.3388900669111055100, 0.4499999999999998400, -0.03338497919687605900 ) ) ;
#288 = CARTESIAN_POINT ( 'NONE',  ( 0.3380097698959217400, 0.4489999999999999500, -0.03566499789689874000 ) ) ;
#289 = CARTESIAN_POINT ( 'NONE',  ( 0.3380097698959217400, 0.4499999999999999600, -0.03566499789689874000 ) ) ;
#290 = CARTESIAN_POINT ( 'NONE',  ( 0.3370407489171340400, 0.4489999999999998400, -0.03778253465009752400 ) ) ;
#291 = CARTESIAN_POINT ( 'NONE',  ( 0.3370407489171340400, 0.4499999999999998400, -0.03778253465009752400 ) ) ;
#292 = CARTESIAN_POINT ( 'NONE',  ( 0.3360058415237334200, 0.4489999999999998400, -0.03974781250029198900 ) ) ;
#293 = CARTESIAN_POINT ( 'NONE',  ( 0.3360058415237334200, 0.4499999999999998400, -0.03974781250029198900 ) ) ;
#294 = CARTESIAN_POINT ( 'NONE',  ( 0.3348817775106115400, 0.4489999999999997300, -0.04155543940247803000 ) ) ;
#295 = CARTESIAN_POINT ( 'NONE',  ( 0.3348817775106115400, 0.4499999999999997300, -0.04155543940247803000 ) ) ;
#296 = CARTESIAN_POINT ( 'NONE',  ( 0.3336819008516038200, 0.4489999999999999000, -0.04321351205708191100 ) ) ;
#297 = CARTESIAN_POINT ( 'NONE',  ( 0.3336819008516038200, 0.4499999999999999000, -0.04321351205708191100 ) ) ;
#298 = CARTESIAN_POINT ( 'NONE',  ( 0.3323745423031019300, 0.4489999999999997900, -0.04468878618728407100 ) ) ;
#299 = CARTESIAN_POINT ( 'NONE',  ( 0.3323745423031019300, 0.4499999999999997900, -0.04468878618728407100 ) ) ;
#300 = CARTESIAN_POINT ( 'NONE',  ( 0.3310115602227920500, 0.4489999999999999500, -0.04602698527609967000 ) ) ;
#301 = CARTESIAN_POINT ( 'NONE',  ( 0.3310115602227920500, 0.4499999999999999600, -0.04602698527609967000 ) ) ;
#302 = CARTESIAN_POINT ( 'NONE',  ( 0.3291024977706874500, 0.4489999999999995700, -0.04755448725100251700 ) ) ;
#303 = CARTESIAN_POINT ( 'NONE',  ( 0.3291024977706874500, 0.4499999999999995700, -0.04755448725100251700 ) ) ;
#304 = CARTESIAN_POINT ( 'NONE',  ( 0.3266032323478192900, 0.4489999999999998400, -0.04911196426480711500 ) ) ;
#305 = CARTESIAN_POINT ( 'NONE',  ( 0.3266032323478192900, 0.4499999999999998400, -0.04911196426480711500 ) ) ;
#306 = CARTESIAN_POINT ( 'NONE',  ( 0.3234933567094638900, 0.4489999999999998400, -0.05054527168938820200 ) ) ;
#307 = CARTESIAN_POINT ( 'NONE',  ( 0.3234933567094638900, 0.4499999999999998400, -0.05054527168938820200 ) ) ;
#308 = CARTESIAN_POINT ( 'NONE',  ( 0.3202570525880029700, 0.4489999999999998400, -0.05136836576427127700 ) ) ;
#309 = CARTESIAN_POINT ( 'NONE',  ( 0.3202570525880029700, 0.4499999999999998400, -0.05136836576427127700 ) ) ;
#310 = CARTESIAN_POINT ( 'NONE',  ( 0.3180692396139448400, 0.4489999999999999000, -0.05148441396536078400 ) ) ;
#311 = CARTESIAN_POINT ( 'NONE',  ( 0.3180692396139448400, 0.4499999999999999000, -0.05148441396536078400 ) ) ;
#312 = CARTESIAN_POINT ( 'NONE',  ( 0.3169765158180839500, 0.4489999999999998400, -0.05154237533239763900 ) ) ;
#313 = CARTESIAN_POINT ( 'NONE',  ( 0.3169765158180839500, 0.4499999999999998400, -0.05154237533239763900 ) ) ;
#314 = CARTESIAN_POINT ( 'NONE',  ( 0.3169765158180839500, 0.4489999999999998400, 0.03307300928298698200 ) ) ;
#315 = CARTESIAN_POINT ( 'NONE',  ( 0.3169765158180839500, 0.4499999999999999000, 0.03307300928298698200 ) ) ;
#316 = CARTESIAN_POINT ( 'NONE',  ( 0.3180838778653909400, 0.4489999999999997900, 0.03302735840265699100 ) ) ;
#317 = CARTESIAN_POINT ( 'NONE',  ( 0.3180838778653909400, 0.4499999999999998400, 0.03302735840265699100 ) ) ;
#318 = CARTESIAN_POINT ( 'NONE',  ( 0.3202963156706682400, 0.4489999999999996800, 0.03293615089402701600 ) ) ;
#319 = CARTESIAN_POINT ( 'NONE',  ( 0.3202963156706682400, 0.4499999999999997300, 0.03293615089402701600 ) ) ;
#320 = CARTESIAN_POINT ( 'NONE',  ( 0.3235287098176494700, 0.4489999999999998400, 0.03205618696904918200 ) ) ;
#321 = CARTESIAN_POINT ( 'NONE',  ( 0.3235287098176494700, 0.4499999999999999000, 0.03205618696904918200 ) ) ;
#322 = CARTESIAN_POINT ( 'NONE',  ( 0.3266667175342856100, 0.4489999999999999000, 0.03072848584151553800 ) ) ;
#323 = CARTESIAN_POINT ( 'NONE',  ( 0.3266667175342856100, 0.4499999999999999600, 0.03072848584151553800 ) ) ;
#324 = CARTESIAN_POINT ( 'NONE',  ( 0.3291259158279679600, 0.4489999999999997900, 0.02915855711525087300 ) ) ;
#325 = CARTESIAN_POINT ( 'NONE',  ( 0.3291259158279679600, 0.4499999999999998400, 0.02915855711525087300 ) ) ;
#326 = CARTESIAN_POINT ( 'NONE',  ( 0.3309968456422947600, 0.4489999999999998400, 0.02766346198807169800 ) ) ;
#327 = CARTESIAN_POINT ( 'NONE',  ( 0.3309968456422947600, 0.4499999999999999000, 0.02766346198807169800 ) ) ;
#328 = CARTESIAN_POINT ( 'NONE',  ( 0.3323373310738924100, 0.4490000000000000100, 0.02638875775055991500 ) ) ;
#329 = CARTESIAN_POINT ( 'NONE',  ( 0.3323373310738924100, 0.4500000000000000700, 0.02638875775055991500 ) ) ;
#330 = CARTESIAN_POINT ( 'NONE',  ( 0.3335676753148421600, 0.4489999999999996800, 0.02496144725609081300 ) ) ;
#331 = CARTESIAN_POINT ( 'NONE',  ( 0.3335676753148421600, 0.4499999999999997300, 0.02496144725609081300 ) ) ;
#332 = CARTESIAN_POINT ( 'NONE',  ( 0.3347345917392596800, 0.4489999999999998400, 0.02342146737280756700 ) ) ;
#333 = CARTESIAN_POINT ( 'NONE',  ( 0.3347345917392596800, 0.4499999999999999000, 0.02342146737280756700 ) ) ;
#334 = CARTESIAN_POINT ( 'NONE',  ( 0.3358048510442566700, 0.4490000000000000100, 0.02173939639641378500 ) ) ;
#335 = CARTESIAN_POINT ( 'NONE',  ( 0.3358048510442566700, 0.4500000000000000700, 0.02173939639641378500 ) ) ;
#336 = CARTESIAN_POINT ( 'NONE',  ( 0.3367780835498338000, 0.4489999999999997300, 0.01992332281738485400 ) ) ;
#337 = CARTESIAN_POINT ( 'NONE',  ( 0.3367780835498338000, 0.4499999999999997900, 0.01992332281738485400 ) ) ;
#338 = CARTESIAN_POINT ( 'NONE',  ( 0.3376661791939812900, 0.4489999999999998400, 0.01796820344846504800 ) ) ;
#339 = CARTESIAN_POINT ( 'NONE',  ( 0.3376661791939812900, 0.4499999999999999000, 0.01796820344846504800 ) ) ;
#340 = CARTESIAN_POINT ( 'NONE',  ( 0.3381721519354172200, 0.4489999999999998400, 0.01660335375944137200 ) ) ;
#341 = CARTESIAN_POINT ( 'NONE',  ( 0.3381721519354172200, 0.4499999999999999000, 0.01660335375944137200 ) ) ;
#342 = CARTESIAN_POINT ( 'NONE',  ( 0.3384308427411609800, 0.4489999999999998400, 0.01590554133426903500 ) ) ;
#343 = CARTESIAN_POINT ( 'NONE',  ( 0.3384308427411609800, 0.4499999999999999000, 0.01590554133426903500 ) ) ;
#344 = CARTESIAN_POINT ( 'NONE',  ( 0.3384308427411609800, 0.4489999999999998400, 0.01590554133426903500 ) ) ;
#345 = CARTESIAN_POINT ( 'NONE',  ( 0.3384308427411609800, 0.4499999999999999000, 0.01590554133426903500 ) ) ;
#346 = CARTESIAN_POINT ( 'NONE',  ( 0.3387323218209827800, 0.4489999999999997900, 0.01501326306380246200 ) ) ;
#347 = CARTESIAN_POINT ( 'NONE',  ( 0.3387323218209827800, 0.4499999999999998400, 0.01501326306380246200 ) ) ;
#348 = CARTESIAN_POINT ( 'NONE',  ( 0.3393444536447673400, 0.4489999999999999000, 0.01320155551398922800 ) ) ;
#349 = CARTESIAN_POINT ( 'NONE',  ( 0.3393444536447673400, 0.4499999999999999600, 0.01320155551398922800 ) ) ;
#350 = CARTESIAN_POINT ( 'NONE',  ( 0.3401333614810740900, 0.4489999999999996200, 0.01039116545454666300 ) ) ;
#351 = CARTESIAN_POINT ( 'NONE',  ( 0.3401333614810740900, 0.4499999999999996800, 0.01039116545454666300 ) ) ;
#352 = CARTESIAN_POINT ( 'NONE',  ( 0.3407546586011800400, 0.4490000000000000700, 0.007442515056319946300 ) ) ;
#353 = CARTESIAN_POINT ( 'NONE',  ( 0.3407546586011800400, 0.4500000000000001200, 0.007442515056319946300 ) ) ;
#354 = CARTESIAN_POINT ( 'NONE',  ( 0.3413136119083062800, 0.4489999999999996800, 0.004373226007221593100 ) ) ;
#355 = CARTESIAN_POINT ( 'NONE',  ( 0.3413136119083062800, 0.4499999999999997300, 0.004373226007221593100 ) ) ;
#356 = CARTESIAN_POINT ( 'NONE',  ( 0.3416951277910878500, 0.4489999999999999500, 0.001160663121193507800 ) ) ;
#357 = CARTESIAN_POINT ( 'NONE',  ( 0.3416951277910878500, 0.4500000000000000100, 0.001160663121193507800 ) ) ;
#358 = CARTESIAN_POINT ( 'NONE',  ( 0.3420022081706092200, 0.4489999999999998400, -0.002185233562113558800 ) ) ;
#359 = CARTESIAN_POINT ( 'NONE',  ( 0.3420022081706092200, 0.4499999999999999000, -0.002185233562113558800 ) ) ;
#360 = CARTESIAN_POINT ( 'NONE',  ( 0.3421830849403020800, 0.4489999999999998400, -0.005666986768840621100 ) ) ;
#361 = CARTESIAN_POINT ( 'NONE',  ( 0.3421830849403020800, 0.4499999999999999000, -0.005666986768840621100 ) ) ;
#362 = CARTESIAN_POINT ( 'NONE',  ( 0.3422055063994830500, 0.4489999999999998400, -0.008032557945847757000 ) ) ;
#363 = CARTESIAN_POINT ( 'NONE',  ( 0.3422055063994830500, 0.4499999999999999000, -0.008032557945847757000 ) ) ;
#364 = CARTESIAN_POINT ( 'NONE',  ( 0.3422169004334685800, 0.4489999999999998400, -0.009234683024705323300 ) ) ;
#365 = CARTESIAN_POINT ( 'NONE',  ( 0.3422169004334685800, 0.4499999999999999000, -0.009234683024705323300 ) ) ;
#366 = CARTESIAN_POINT ( 'NONE',  ( 0.2922169004334686500, 0.4489999999999998400, -0.009234683024705323300 ) ) ;
#367 = CARTESIAN_POINT ( 'NONE',  ( 0.2922169004334686500, 0.4500000000000000700, -0.009234683024705323300 ) ) ;
#368 = CARTESIAN_POINT ( 'NONE',  ( 0.2922203132068262300, 0.4489999999999998400, -0.007899005916023793900 ) ) ;
#369 = CARTESIAN_POINT ( 'NONE',  ( 0.2922203132068262300, 0.4500000000000000700, -0.007899005916023793900 ) ) ;
#370 = CARTESIAN_POINT ( 'NONE',  ( 0.2922269367297806700, 0.4489999999999998400, -0.005306718921762131200 ) ) ;
#371 = CARTESIAN_POINT ( 'NONE',  ( 0.2922269367297806700, 0.4500000000000000700, -0.005306718921762131200 ) ) ;
#372 = CARTESIAN_POINT ( 'NONE',  ( 0.2923999710319871700, 0.4489999999999997900, -0.001539768608163820900 ) ) ;
#373 = CARTESIAN_POINT ( 'NONE',  ( 0.2923999710319871700, 0.4500000000000000100, -0.001539768608163820900 ) ) ;
#374 = CARTESIAN_POINT ( 'NONE',  ( 0.2926356919462575500, 0.4489999999999996800, 0.001973669358040686500 ) ) ;
#375 = CARTESIAN_POINT ( 'NONE',  ( 0.2926356919462575500, 0.4499999999999999000, 0.001973669358040686500 ) ) ;
#376 = CARTESIAN_POINT ( 'NONE',  ( 0.2929397290086907000, 0.4490000000000000100, 0.005238056114187307700 ) ) ;
#377 = CARTESIAN_POINT ( 'NONE',  ( 0.2929397290086907000, 0.4500000000000001800, 0.005238056114187307700 ) ) ;
#378 = CARTESIAN_POINT ( 'NONE',  ( 0.2933912418237195600, 0.4489999999999997300, 0.008242342185896143700 ) ) ;
#379 = CARTESIAN_POINT ( 'NONE',  ( 0.2933912418237195600, 0.4499999999999999600, 0.008242342185896143700 ) ) ;
#380 = CARTESIAN_POINT ( 'NONE',  ( 0.2938971500470822200, 0.4490000000000000100, 0.01100719027347137600 ) ) ;
#381 = CARTESIAN_POINT ( 'NONE',  ( 0.2938971500470822200, 0.4500000000000001800, 0.01100719027347137600 ) ) ;
#382 = CARTESIAN_POINT ( 'NONE',  ( 0.2945128097504883200, 0.4489999999999999500, 0.01351796847672296000 ) ) ;
#383 = CARTESIAN_POINT ( 'NONE',  ( 0.2945128097504883200, 0.4500000000000001800, 0.01351796847672296000 ) ) ;
#384 = CARTESIAN_POINT ( 'NONE',  ( 0.2952412388324027700, 0.4489999999999997300, 0.01579190592542378500 ) ) ;
#385 = CARTESIAN_POINT ( 'NONE',  ( 0.2952412388324027700, 0.4499999999999999600, 0.01579190592542378500 ) ) ;
#386 = CARTESIAN_POINT ( 'NONE',  ( 0.2960709273150731200, 0.4490000000000000700, 0.01786759359671952200 ) ) ;
#387 = CARTESIAN_POINT ( 'NONE',  ( 0.2960709273150731200, 0.4500000000000002300, 0.01786759359671952200 ) ) ;
#388 = CARTESIAN_POINT ( 'NONE',  ( 0.2969768091342176500, 0.4489999999999997300, 0.01979905688607202400 ) ) ;
#389 = CARTESIAN_POINT ( 'NONE',  ( 0.2969768091342176500, 0.4499999999999999600, 0.01979905688607202400 ) ) ;
#390 = CARTESIAN_POINT ( 'NONE',  ( 0.2979499726457867600, 0.4489999999999999000, 0.02160911221280861800 ) ) ;
#391 = CARTESIAN_POINT ( 'NONE',  ( 0.2979499726457867600, 0.4500000000000001200, 0.02160911221280861800 ) ) ;
#392 = CARTESIAN_POINT ( 'NONE',  ( 0.2990390912330145300, 0.4489999999999998400, 0.02328150102349789800 ) ) ;
#393 = CARTESIAN_POINT ( 'NONE',  ( 0.2990390912330145300, 0.4500000000000000700, 0.02328150102349789800 ) ) ;
#394 = CARTESIAN_POINT ( 'NONE',  ( 0.3002252358967004200, 0.4489999999999999000, 0.02482167713986539000 ) ) ;
#395 = CARTESIAN_POINT ( 'NONE',  ( 0.3002252358967004200, 0.4500000000000001200, 0.02482167713986539000 ) ) ;
#396 = CARTESIAN_POINT ( 'NONE',  ( 0.3014816147292003200, 0.4489999999999999000, 0.02625690092050229900 ) ) ;
#397 = CARTESIAN_POINT ( 'NONE',  ( 0.3014816147292003200, 0.4500000000000001200, 0.02625690092050229900 ) ) ;
#398 = CARTESIAN_POINT ( 'NONE',  ( 0.3028551171361180100, 0.4489999999999999000, 0.02753681467294787400 ) ) ;
#399 = CARTESIAN_POINT ( 'NONE',  ( 0.3028551171361180100, 0.4500000000000001200, 0.02753681467294787400 ) ) ;
#400 = CARTESIAN_POINT ( 'NONE',  ( 0.3047552240659239200, 0.4489999999999999000, 0.02907186767378994500 ) ) ;
#401 = CARTESIAN_POINT ( 'NONE',  ( 0.3047552240659239200, 0.4500000000000001200, 0.02907186767378994500 ) ) ;
#402 = CARTESIAN_POINT ( 'NONE',  ( 0.3072636947638395800, 0.4489999999999998400, 0.03065812863749276000 ) ) ;
#403 = CARTESIAN_POINT ( 'NONE',  ( 0.3072636947638395800, 0.4500000000000000700, 0.03065812863749276000 ) ) ;
#404 = CARTESIAN_POINT ( 'NONE',  ( 0.3104242791990140500, 0.4489999999999998400, 0.03203944548982510400 ) ) ;
#405 = CARTESIAN_POINT ( 'NONE',  ( 0.3104242791990140500, 0.4500000000000000700, 0.03203944548982510400 ) ) ;
#406 = CARTESIAN_POINT ( 'NONE',  ( 0.3136719492270568200, 0.4489999999999999000, 0.03290751567360545400 ) ) ;
#407 = CARTESIAN_POINT ( 'NONE',  ( 0.3136719492270568200, 0.4500000000000001200, 0.03290751567360545400 ) ) ;
#408 = CARTESIAN_POINT ( 'NONE',  ( 0.3158762706581121300, 0.4489999999999998400, 0.03301790870089470200 ) ) ;
#409 = CARTESIAN_POINT ( 'NONE',  ( 0.3158762706581121300, 0.4500000000000000700, 0.03301790870089470200 ) ) ;
#410 = CARTESIAN_POINT ( 'NONE',  ( 0.3169765158180839500, 0.4489999999999998400, 0.03307300928298698200 ) ) ;
#411 = CARTESIAN_POINT ( 'NONE',  ( 0.3169765158180839500, 0.4500000000000000700, 0.03307300928298698200 ) ) ;
#412 = LINE ( 'NONE', #413, #8337 ) ;
#413 = CARTESIAN_POINT ( 'NONE',  ( -0.1198023303357622400, 0.4489999999999998400, -0.05923468302470532400 ) ) ;
#414 = DIRECTION ( 'NONE',  ( -0.0000000000000000000, 1.000000000000000000, -0.0000000000000000000 ) ) ;
#415 = PLANE ( 'NONE',  #8306 ) ;
#416 = CARTESIAN_POINT ( 'NONE',  ( -1.000000000000000000, 0.4499999999999999000, 0.8000000000000000400 ) ) ;
#417 = DIRECTION ( 'NONE',  ( 0.0000000000000000000, -1.000000000000000000, 0.0000000000000000000 ) ) ;
#418 = DIRECTION ( 'NONE',  ( 0.0000000000000000000, -0.0000000000000000000, -1.000000000000000000 ) ) ;
#419 = PLANE ( 'NONE',  #8305 ) ;
#420 = CARTESIAN_POINT ( 'NONE',  ( 0.3764717081257762900, 0.4489999999999998400, -0.01616577276829507200 ) ) ;
#421 = DIRECTION ( 'NONE',  ( 0.8368789961609485200, 0.0000000000000000000, 0.5473879298857832200 ) ) ;
#422 = DIRECTION ( 'NONE',  ( 0.5473879298857832200, 0.0000000000000000000, -0.8368789961609485200 ) ) ;
#423 = PLANE ( 'NONE',  #8315 ) ;
#424 = CARTESIAN_POINT ( 'NONE',  ( 0.4063194645360327400, 0.4489999999999998400, -0.06179878558880789300 ) ) ;
#425 = DIRECTION ( 'NONE',  ( -0.6177208787939497700, 0.0000000000000000000, 0.7863974287229267300 ) ) ;
#426 = DIRECTION ( 'NONE',  ( 0.7863974287229266200, 0.0000000000000000000, 0.6177208787939496600 ) ) ;
#427 = CARTESIAN_POINT ( 'NONE',  ( 0.4178579260744942300, 0.4489999999999998400, 0.01324127851375621300 ) ) ;
#428 = CARTESIAN_POINT ( 'NONE',  ( 0.4178579260744942300, 0.4499999999999999000, 0.01324127851375621300 ) ) ;
#429 = CARTESIAN_POINT ( 'NONE',  ( 0.4178422034174944000, 0.4489999999999997900, 0.01255857705897736600 ) ) ;
#430 = CARTESIAN_POINT ( 'NONE',  ( 0.4178422034174944000, 0.4499999999999998400, 0.01255857705897736600 ) ) ;
#431 = CARTESIAN_POINT ( 'NONE',  ( 0.4178113449550891500, 0.4489999999999998400, 0.01121865612979959500 ) ) ;
#432 = CARTESIAN_POINT ( 'NONE',  ( 0.4178113449550891500, 0.4499999999999999000, 0.01121865612979959500 ) ) ;
#433 = CARTESIAN_POINT ( 'NONE',  ( 0.4174623178527572300, 0.4489999999999999000, 0.009256152751627208500 ) ) ;
#434 = CARTESIAN_POINT ( 'NONE',  ( 0.4174623178527572300, 0.4499999999999999600, 0.009256152751627208500 ) ) ;
#435 = CARTESIAN_POINT ( 'NONE',  ( 0.4169782500281804000, 0.4489999999999997300, 0.007361146859580466500 ) ) ;
#436 = CARTESIAN_POINT ( 'NONE',  ( 0.4169782500281804000, 0.4499999999999997900, 0.007361146859580466500 ) ) ;
#437 = CARTESIAN_POINT ( 'NONE',  ( 0.4162473062936166700, 0.4489999999999999000, 0.005545548315772451600 ) ) ;
#438 = CARTESIAN_POINT ( 'NONE',  ( 0.4162473062936166700, 0.4499999999999999600, 0.005545548315772451600 ) ) ;
#439 = CARTESIAN_POINT ( 'NONE',  ( 0.4152976907296049800, 0.4489999999999998400, 0.003816521823183006400 ) ) ;
#440 = CARTESIAN_POINT ( 'NONE',  ( 0.4152976907296049800, 0.4499999999999999000, 0.003816521823183006400 ) ) ;
#441 = CARTESIAN_POINT ( 'NONE',  ( 0.4141410219572984600, 0.4490000000000000700, 0.002165333225568894000 ) ) ;
#442 = CARTESIAN_POINT ( 'NONE',  ( 0.4141410219572984600, 0.4500000000000001200, 0.002165333225568894000 ) ) ;
#443 = CARTESIAN_POINT ( 'NONE',  ( 0.4128029485198569900, 0.4489999999999996800, 0.0005793233026158234300 ) ) ;
#444 = CARTESIAN_POINT ( 'NONE',  ( 0.4128029485198569900, 0.4499999999999997300, 0.0005793233026158234300 ) ) ;
#445 = CARTESIAN_POINT ( 'NONE',  ( 0.4112573045314793500, 0.4489999999999999000, -0.0008938997938153210700 ) ) ;
#446 = CARTESIAN_POINT ( 'NONE',  ( 0.4112573045314793500, 0.4499999999999999600, -0.0008938997938153210700 ) ) ;
#447 = CARTESIAN_POINT ( 'NONE',  ( 0.4095747264185931600, 0.4489999999999998400, -0.002240959163448925700 ) ) ;
#448 = CARTESIAN_POINT ( 'NONE',  ( 0.4095747264185931600, 0.4499999999999999000, -0.002240959163448925700 ) ) ;
#449 = CARTESIAN_POINT ( 'NONE',  ( 0.4077857096936528000, 0.4489999999999998400, -0.003430089346249918400 ) ) ;
#450 = CARTESIAN_POINT ( 'NONE',  ( 0.4077857096936528000, 0.4499999999999999000, -0.003430089346249918400 ) ) ;
#451 = CARTESIAN_POINT ( 'NONE',  ( 0.4059140533022685400, 0.4489999999999999500, -0.004433660108259338000 ) ) ;
#452 = CARTESIAN_POINT ( 'NONE',  ( 0.4059140533022685400, 0.4500000000000000100, -0.004433660108259338000 ) ) ;
#453 = CARTESIAN_POINT ( 'NONE',  ( 0.4039616549467475200, 0.4489999999999997300, -0.005271005887307301900 ) ) ;
#454 = CARTESIAN_POINT ( 'NONE',  ( 0.4039616549467475200, 0.4499999999999997900, -0.005271005887307301900 ) ) ;
#455 = CARTESIAN_POINT ( 'NONE',  ( 0.4019061440138957900, 0.4489999999999997900, -0.005875276576781011400 ) ) ;
#456 = CARTESIAN_POINT ( 'NONE',  ( 0.4019061440138957900, 0.4499999999999998400, -0.005875276576781011400 ) ) ;
#457 = CARTESIAN_POINT ( 'NONE',  ( 0.3997807057514430900, 0.4489999999999999500, -0.006351083521590249700 ) ) ;
#458 = CARTESIAN_POINT ( 'NONE',  ( 0.3997807057514430900, 0.4500000000000000100, -0.006351083521590249700 ) ) ;
#459 = CARTESIAN_POINT ( 'NONE',  ( 0.3975581559616112000, 0.4489999999999997900, -0.006604284028042467800 ) ) ;
#460 = CARTESIAN_POINT ( 'NONE',  ( 0.3975581559616112000, 0.4499999999999998400, -0.006604284028042467800 ) ) ;
#461 = CARTESIAN_POINT ( 'NONE',  ( 0.3960502528668791700, 0.4489999999999998400, -0.006648200175366429700 ) ) ;
#462 = CARTESIAN_POINT ( 'NONE',  ( 0.3960502528668791700, 0.4499999999999999000, -0.006648200175366429700 ) ) ;
#463 = CARTESIAN_POINT ( 'NONE',  ( 0.3952818042796224500, 0.4489999999999998400, -0.006670580460602763100 ) ) ;
#464 = CARTESIAN_POINT ( 'NONE',  ( 0.3952818042796224500, 0.4499999999999999000, -0.006670580460602763100 ) ) ;
#465 = CARTESIAN_POINT ( 'NONE',  ( 0.3652938235103916900, 0.4489999999999999000, 0.01288070159067929500 ) ) ;
#466 = CARTESIAN_POINT ( 'NONE',  ( 0.3652938235103916900, 0.4499999999999999000, 0.01288070159067929500 ) ) ;
#467 = CARTESIAN_POINT ( 'NONE',  ( 0.3653275790820076400, 0.4489999999999998400, 0.01185085635611165200 ) ) ;
#468 = CARTESIAN_POINT ( 'NONE',  ( 0.3653275790820076400, 0.4499999999999998400, 0.01185085635611165200 ) ) ;
#469 = CARTESIAN_POINT ( 'NONE',  ( 0.3653965015096842800, 0.4489999999999997900, 0.009748109156178474300 ) ) ;
#470 = CARTESIAN_POINT ( 'NONE',  ( 0.3653965015096842800, 0.4499999999999997900, 0.009748109156178474300 ) ) ;
#471 = CARTESIAN_POINT ( 'NONE',  ( 0.3658777412336368700, 0.4489999999999997900, 0.006563422643506242400 ) ) ;
#472 = CARTESIAN_POINT ( 'NONE',  ( 0.3658777412336368700, 0.4499999999999997900, 0.006563422643506242400 ) ) ;
#473 = CARTESIAN_POINT ( 'NONE',  ( 0.3666510210845888000, 0.4490000000000000700, 0.003304820308460354900 ) ) ;
#474 = CARTESIAN_POINT ( 'NONE',  ( 0.3666510210845888000, 0.4500000000000000700, 0.003304820308460354900 ) ) ;
#475 = CARTESIAN_POINT ( 'NONE',  ( 0.3675170281232298400, 0.4489999999999997900, 0.0005404147771401320000 ) ) ;
#476 = CARTESIAN_POINT ( 'NONE',  ( 0.3675170281232298400, 0.4499999999999997900, 0.0005404147771401320000 ) ) ;
#477 = CARTESIAN_POINT ( 'NONE',  ( 0.3684320455530899500, 0.4489999999999998400, -0.001724200135990949600 ) ) ;
#478 = CARTESIAN_POINT ( 'NONE',  ( 0.3684320455530899500, 0.4499999999999998400, -0.001724200135990949600 ) ) ;
#479 = CARTESIAN_POINT ( 'NONE',  ( 0.3691935466841636000, 0.4489999999999997900, -0.003550014153826479500 ) ) ;
#480 = CARTESIAN_POINT ( 'NONE',  ( 0.3691935466841636000, 0.4499999999999997900, -0.003550014153826479500 ) ) ;
#481 = CARTESIAN_POINT ( 'NONE',  ( 0.3701413751424639200, 0.4489999999999998400, -0.005428901960532571700 ) ) ;
#482 = CARTESIAN_POINT ( 'NONE',  ( 0.3701413751424639200, 0.4499999999999998400, -0.005428901960532571700 ) ) ;
#483 = CARTESIAN_POINT ( 'NONE',  ( 0.3711520431766073300, 0.4489999999999997300, -0.007425291559971405700 ) ) ;
#484 = CARTESIAN_POINT ( 'NONE',  ( 0.3711520431766073300, 0.4499999999999997300, -0.007425291559971405700 ) ) ;
#485 = CARTESIAN_POINT ( 'NONE',  ( 0.3723165251455913300, 0.4490000000000000700, -0.009487732493929281600 ) ) ;
#486 = CARTESIAN_POINT ( 'NONE',  ( 0.3723165251455913300, 0.4500000000000000700, -0.009487732493929281600 ) ) ;
#487 = CARTESIAN_POINT ( 'NONE',  ( 0.3735826865566865800, 0.4489999999999997900, -0.01165069447853967300 ) ) ;
#488 = CARTESIAN_POINT ( 'NONE',  ( 0.3735826865566865800, 0.4499999999999997900, -0.01165069447853967300 ) ) ;
#489 = CARTESIAN_POINT ( 'NONE',  ( 0.3749855337254161000, 0.4489999999999998400, -0.01387977812602374900 ) ) ;
#490 = CARTESIAN_POINT ( 'NONE',  ( 0.3749855337254161000, 0.4499999999999998400, -0.01387977812602374900 ) ) ;
#491 = CARTESIAN_POINT ( 'NONE',  ( 0.3759689669467319900, 0.4489999999999998400, -0.01539246941879173100 ) ) ;
#492 = CARTESIAN_POINT ( 'NONE',  ( 0.3759689669467319900, 0.4499999999999998400, -0.01539246941879173100 ) ) ;
#493 = CARTESIAN_POINT ( 'NONE',  ( 0.3764717081257762900, 0.4489999999999998400, -0.01616577276829507200 ) ) ;
#494 = CARTESIAN_POINT ( 'NONE',  ( 0.3764717081257762900, 0.4499999999999998400, -0.01616577276829507200 ) ) ;
#495 = PLANE ( 'NONE',  #8307 ) ;
#496 = CARTESIAN_POINT ( 'NONE',  ( 0.4132305222283404500, 0.4489999999999998400, -0.05637009969137199400 ) ) ;
#497 = DIRECTION ( 'NONE',  ( -0.8369330630277725900, 0.0000000000000000000, -0.5473052603538087800 ) ) ;
#498 = DIRECTION ( 'NONE',  ( -0.5473052603538087800, 0.0000000000000000000, 0.8369330630277725900 ) ) ;
#499 = LINE ( 'NONE', #500, #8313 ) ;
#500 = CARTESIAN_POINT ( 'NONE',  ( 0.1293963876129557700, 0.4489999999999998400, -0.009194618922141226100 ) ) ;
#501 = DIRECTION ( 'NONE',  ( -0.0000000000000000000, 1.000000000000000000, -0.0000000000000000000 ) ) ;
#502 = PLANE ( 'NONE',  #8311 ) ;
#503 = CARTESIAN_POINT ( 'NONE',  ( 0.3919655939374723800, 0.4489999999999998400, -0.01667450866316242200 ) ) ;
#504 = DIRECTION ( 'NONE',  ( 6.101895316440541000E-014, 1.000000000000000000, 5.761552816978453400E-013 ) ) ;
#505 = DIRECTION ( 'NONE',  ( 0.0000000000000000000, -5.761552816978453400E-013, 1.000000000000000000 ) ) ;
#506 = LINE ( 'NONE', #507, #8327 ) ;
#507 = CARTESIAN_POINT ( 'NONE',  ( 0.1628298812026993100, 0.4489999999999998400, -0.06179878558880789300 ) ) ;
#508 = DIRECTION ( 'NONE',  ( -0.0000000000000000000, 1.000000000000000000, -0.0000000000000000000 ) ) ;
#509 = CARTESIAN_POINT ( 'NONE',  ( 0.1293963876129557700, 0.4489999999999998400, -0.009194618922141226100 ) ) ;
#510 = CARTESIAN_POINT ( 'NONE',  ( 0.1294057595603119400, 0.4489999999999997900, -0.01079740142883406000 ) ) ;
#511 = CARTESIAN_POINT ( 'NONE',  ( 0.1294239647031361400, 0.4489999999999999000, -0.01391082955019024200 ) ) ;
#512 = CARTESIAN_POINT ( 'NONE',  ( 0.1296264910157715100, 0.4489999999999997900, -0.01844753360924167700 ) ) ;
#513 = CARTESIAN_POINT ( 'NONE',  ( 0.1299629293675763900, 0.4489999999999998400, -0.02270354186624671700 ) ) ;
#514 = CARTESIAN_POINT ( 'NONE',  ( 0.1304239971632987800, 0.4489999999999999500, -0.02667905803877318100 ) ) ;
#515 = CARTESIAN_POINT ( 'NONE',  ( 0.1309850823125440800, 0.4489999999999998400, -0.03037510845356493000 ) ) ;
#516 = CARTESIAN_POINT ( 'NONE',  ( 0.1317340962154389700, 0.4489999999999999500, -0.03378181580031632000 ) ) ;
#517 = CARTESIAN_POINT ( 'NONE',  ( 0.1325858905758663400, 0.4489999999999999000, -0.03691494741783239000 ) ) ;
#518 = CARTESIAN_POINT ( 'NONE',  ( 0.1335731033133093200, 0.4489999999999998400, -0.03978472023143292400 ) ) ;
#519 = CARTESIAN_POINT ( 'NONE',  ( 0.1346870401424047600, 0.4489999999999997300, -0.04242979746063759600 ) ) ;
#520 = CARTESIAN_POINT ( 'NONE',  ( 0.1358994475916068300, 0.4489999999999998400, -0.04489908892617364100 ) ) ;
#521 = CARTESIAN_POINT ( 'NONE',  ( 0.1372584417179947000, 0.4489999999999997900, -0.04718885842159582100 ) ) ;
#522 = CARTESIAN_POINT ( 'NONE',  ( 0.1386863535159120200, 0.4489999999999999500, -0.04933565243359432100 ) ) ;
#523 = CARTESIAN_POINT ( 'NONE',  ( 0.1402409841338495300, 0.4489999999999998400, -0.05130432942766104800 ) ) ;
#524 = CARTESIAN_POINT ( 'NONE',  ( 0.1418780924329137200, 0.4489999999999997300, -0.05312269121390467800 ) ) ;
#525 = CARTESIAN_POINT ( 'NONE',  ( 0.1436615746119744600, 0.4489999999999999000, -0.05474871265572776200 ) ) ;
#526 = CARTESIAN_POINT ( 'NONE',  ( 0.1455308034197872700, 0.4489999999999998400, -0.05623003558101571900 ) ) ;
#527 = CARTESIAN_POINT ( 'NONE',  ( 0.1475027024024078100, 0.4489999999999999000, -0.05752859191449975800 ) ) ;
#528 = CARTESIAN_POINT ( 'NONE',  ( 0.1495210642922135400, 0.4489999999999996800, -0.05867238444637862300 ) ) ;
#529 = CARTESIAN_POINT ( 'NONE',  ( 0.1515997816023832200, 0.4490000000000000100, -0.05964952351088170100 ) ) ;
#530 = CARTESIAN_POINT ( 'NONE',  ( 0.1537445296851812400, 0.4489999999999999000, -0.06041782167829715800 ) ) ;
#531 = CARTESIAN_POINT ( 'NONE',  ( 0.1559360313391722200, 0.4489999999999999500, -0.06105241730037180200 ) ) ;
#532 = CARTESIAN_POINT ( 'NONE',  ( 0.1581819475303519700, 0.4489999999999997900, -0.06148638723313089300 ) ) ;
#533 = CARTESIAN_POINT ( 'NONE',  ( 0.1604859864999611800, 0.4489999999999999000, -0.06175944176139913600 ) ) ;
#534 = CARTESIAN_POINT ( 'NONE',  ( 0.1620411703513368900, 0.4489999999999998400, -0.06178554655397618100 ) ) ;
#535 = CARTESIAN_POINT ( 'NONE',  ( 0.1628298812026993100, 0.4489999999999998400, -0.06179878558880789300 ) ) ;
#536 = CARTESIAN_POINT ( 'NONE',  ( 0.1628298812026993100, 0.4489999999999998400, 0.04332941953939724300 ) ) ;
#537 = LINE ( 'NONE', #538, #8304 ) ;
#538 = CARTESIAN_POINT ( 'NONE',  ( 0.1973451055616737000, 0.4489999999999998400, -0.009194618922141226100 ) ) ;
#539 = DIRECTION ( 'NONE',  ( -0.0000000000000000000, 1.000000000000000000, -0.0000000000000000000 ) ) ;
#540 = CARTESIAN_POINT ( 'NONE',  ( 0.1620411922316920500, 0.4489999999999998400, 0.04331609509771699300 ) ) ;
#541 = CARTESIAN_POINT ( 'NONE',  ( 0.1604860515241060500, 0.4489999999999999500, 0.04328982189950509500 ) ) ;
#542 = CARTESIAN_POINT ( 'NONE',  ( 0.1581816965115502800, 0.4489999999999997300, 0.04301800099984252900 ) ) ;
#543 = CARTESIAN_POINT ( 'NONE',  ( 0.1559450552704090300, 0.4489999999999999000, 0.04258098662234671000 ) ) ;
#544 = CARTESIAN_POINT ( 'NONE',  ( 0.1537650908693345400, 0.4489999999999999000, 0.04196908364831574600 ) ) ;
#545 = CARTESIAN_POINT ( 'NONE',  ( 0.1516306190098007100, 0.4489999999999998400, 0.04122008832501746600 ) ) ;
#546 = CARTESIAN_POINT ( 'NONE',  ( 0.1495707251053493300, 0.4489999999999999000, 0.04024426879350374200 ) ) ;
#547 = CARTESIAN_POINT ( 'NONE',  ( 0.1475625055713300800, 0.4489999999999998400, 0.03912043825190468500 ) ) ;
#548 = CARTESIAN_POINT ( 'NONE',  ( 0.1456113182565277900, 0.4489999999999998400, 0.03784056906795375100 ) ) ;
#549 = CARTESIAN_POINT ( 'NONE',  ( 0.1437538279411040300, 0.4489999999999999500, 0.03637423526428541100 ) ) ;
#550 = CARTESIAN_POINT ( 'NONE',  ( 0.1419795820749943900, 0.4489999999999998400, 0.03475239844467144200 ) ) ;
#551 = CARTESIAN_POINT ( 'NONE',  ( 0.1403331529579380000, 0.4489999999999999000, 0.03293458669331671100 ) ) ;
#552 = CARTESIAN_POINT ( 'NONE',  ( 0.1388007502260145100, 0.4489999999999998400, 0.03094950317595322700 ) ) ;
#553 = CARTESIAN_POINT ( 'NONE',  ( 0.1373443477061360700, 0.4489999999999997300, 0.02881541053787471300 ) ) ;
#554 = CARTESIAN_POINT ( 'NONE',  ( 0.1360046513255860900, 0.4489999999999998400, 0.02650317130800553300 ) ) ;
#555 = CARTESIAN_POINT ( 'NONE',  ( 0.1347654840664988500, 0.4489999999999999000, 0.02402195386544531500 ) ) ;
#556 = CARTESIAN_POINT ( 'NONE',  ( 0.1336328129045408800, 0.4489999999999999000, 0.02135572784615682300 ) ) ;
#557 = CARTESIAN_POINT ( 'NONE',  ( 0.1326285653755433200, 0.4489999999999997900, 0.01846558705016285500 ) ) ;
#558 = CARTESIAN_POINT ( 'NONE',  ( 0.1317414880008739900, 0.4489999999999999500, 0.01531846766437753100 ) ) ;
#559 = CARTESIAN_POINT ( 'NONE',  ( 0.1310410835017294100, 0.4489999999999998400, 0.01188659234683341100 ) ) ;
#560 = CARTESIAN_POINT ( 'NONE',  ( 0.1304415704922184900, 0.4489999999999998400, 0.008197524715251052300 ) ) ;
#561 = CARTESIAN_POINT ( 'NONE',  ( 0.1299580166909757600, 0.4489999999999999500, 0.004235412418512614400 ) ) ;
#562 = CARTESIAN_POINT ( 'NONE',  ( 0.1296278931104509500, 0.4489999999999999500, -1.895529684331899100E-006 ) ) ;
#563 = CARTESIAN_POINT ( 'NONE',  ( 0.1294238555380005900, 0.4489999999999998400, -0.004511758641859989000 ) ) ;
#564 = CARTESIAN_POINT ( 'NONE',  ( 0.1294057106688544200, 0.4489999999999999000, -0.007605180765191637900 ) ) ;
#565 = CARTESIAN_POINT ( 'NONE',  ( 0.1293963876129557700, 0.4489999999999998400, -0.009194618922141226100 ) ) ;
#566 = CARTESIAN_POINT ( 'NONE',  ( 0.1845846888950070100, 0.4489999999999998400, 0.01590554133426903500 ) ) ;
#567 = EDGE_CURVE ( 'NONE', #6324, #7867, #2093, .T. ) ;
#568 = EDGE_CURVE ( 'NONE', #5042, #5045, #4416, .T. ) ;
#569 = EDGE_CURVE ( 'NONE', #9068, #8722, #3728, .T. ) ;
#570 = EDGE_CURVE ( 'NONE', #5010, #5029, #3731, .T. ) ;
#571 = EDGE_CURVE ( 'NONE', #7874, #4992, #3734, .T. ) ;
#572 = EDGE_CURVE ( 'NONE', #1097, #6309, #7039, .T. ) ;
#573 = EDGE_CURVE ( 'NONE', #4947, #8712, #7016, .T. ) ;
#574 = EDGE_CURVE ( 'NONE', #1105, #8727, #1401, .T. ) ;
#575 = EDGE_CURVE ( 'NONE', #8755, #4967, #7015, .T. ) ;
#576 = EDGE_CURVE ( 'NONE', #5042, #8741, #1419, .T. ) ;
#577 = EDGE_CURVE ( 'NONE', #8717, #5011, #1422, .T. ) ;
#578 = EDGE_CURVE ( 'NONE', #7854, #6325, #1425, .T. ) ;
#579 = EDGE_CURVE ( 'NONE', #7097, #7063, #7017, .T. ) ;
#580 = EDGE_CURVE ( 'NONE', #6319, #7063, #1443, .T. ) ;
#581 = EDGE_CURVE ( 'NONE', #8721, #8707, #7022, .T. ) ;
#582 = EDGE_CURVE ( 'NONE', #5013, #4985, #7021, .T. ) ;
#583 = EDGE_CURVE ( 'NONE', #7073, #7065, #7020, .T. ) ;
#584 = EDGE_CURVE ( 'NONE', #5012, #5000, #1507, .T. ) ;
#585 = EDGE_CURVE ( 'NONE', #8745, #4982, #1510, .T. ) ;
#586 = EDGE_CURVE ( 'NONE', #8712, #7275, #1513, .T. ) ;
#587 = EDGE_CURVE ( 'NONE', #4981, #8742, #1516, .T. ) ;
#588 = EDGE_CURVE ( 'NONE', #7066, #7064, #7019, .T. ) ;
#589 = EDGE_CURVE ( 'NONE', #1097, #4985, #1534, .T. ) ;
#590 = EDGE_CURVE ( 'NONE', #5046, #4999, #1537, .T. ) ;
#591 = EDGE_CURVE ( 'NONE', #5031, #5013, #1540, .T. ) ;
#592 = EDGE_CURVE ( 'NONE', #5020, #7072, #1543, .T. ) ;
#593 = EDGE_CURVE ( 'NONE', #6309, #7875, #1546, .T. ) ;
#594 = EDGE_CURVE ( 'NONE', #8752, #4946, #1549, .T. ) ;
#595 = EDGE_CURVE ( 'NONE', #5020, #5050, #7018, .T. ) ;
#596 = EDGE_CURVE ( 'NONE', #5010, #4955, #4415, .T. ) ;
#597 = EDGE_CURVE ( 'NONE', #5010, #8741, #1578, .T. ) ;
#598 = EDGE_CURVE ( 'NONE', #5029, #8760, #1581, .T. ) ;
#599 = EDGE_CURVE ( 'NONE', #7273, #7070, #7024, .T. ) ;
#600 = EDGE_CURVE ( 'NONE', #7273, #6313, #1589, .T. ) ;
#601 = EDGE_CURVE ( 'NONE', #8722, #8741, #4418, .T. ) ;
#602 = EDGE_CURVE ( 'NONE', #8725, #7853, #1595, .T. ) ;
#603 = EDGE_CURVE ( 'NONE', #5047, #5012, #1598, .T. ) ;
#604 = EDGE_CURVE ( 'NONE', #6309, #6328, #7040, .T. ) ;
#605 = EDGE_CURVE ( 'NONE', #8712, #5020, #7023, .T. ) ;
#606 = EDGE_CURVE ( 'NONE', #7060, #7274, #7027, .T. ) ;
#607 = EDGE_CURVE ( 'NONE', #8757, #5024, #4423, .T. ) ;
#608 = EDGE_CURVE ( 'NONE', #7050, #4946, #1673, .T. ) ;
#609 = EDGE_CURVE ( 'NONE', #8736, #4976, #1676, .T. ) ;
#610 = EDGE_CURVE ( 'NONE', #6318, #8737, #7026, .T. ) ;
#611 = EDGE_CURVE ( 'NONE', #4968, #8752, #7028, .T. ) ;
#612 = EDGE_CURVE ( 'NONE', #7277, #8752, #3231, .T. ) ;
#613 = EDGE_CURVE ( 'NONE', #5026, #5005, #7025, .T. ) ;
#614 = EDGE_CURVE ( 'NONE', #8743, #8702, #3261, .T. ) ;
#615 = EDGE_CURVE ( 'NONE', #7065, #7060, #3264, .T. ) ;
#616 = EDGE_CURVE ( 'NONE', #1103, #1104, #3267, .T. ) ;
#617 = EDGE_CURVE ( 'NONE', #5003, #8717, #3270, .T. ) ;
#618 = EDGE_CURVE ( 'NONE', #5002, #4981, #4431, .T. ) ;
#619 = EDGE_CURVE ( 'NONE', #8710, #5016, #3276, .T. ) ;
#620 = EDGE_CURVE ( 'NONE', #8744, #4979, #4430, .T. ) ;
#621 = EDGE_CURVE ( 'NONE', #8754, #1101, #3282, .T. ) ;
#622 = EDGE_CURVE ( 'NONE', #5031, #1097, #7031, .T. ) ;
#623 = EDGE_CURVE ( 'NONE', #8744, #8745, #3312, .T. ) ;
#624 = EDGE_CURVE ( 'NONE', #7276, #7274, #3315, .T. ) ;
#625 = EDGE_CURVE ( 'NONE', #5005, #6318, #7030, .T. ) ;
#626 = EDGE_CURVE ( 'NONE', #4982, #5029, #4429, .T. ) ;
#627 = EDGE_CURVE ( 'NONE', #8756, #4978, #7033, .T. ) ;
#628 = EDGE_CURVE ( 'NONE', #4977, #4950, #3367, .T. ) ;
#629 = EDGE_CURVE ( 'NONE', #8733, #8732, #7029, .T. ) ;
#630 = EDGE_CURVE ( 'NONE', #7061, #7273, #3389, .T. ) ;
#631 = EDGE_CURVE ( 'NONE', #1104, #8736, #3392, .T. ) ;
#632 = EDGE_CURVE ( 'NONE', #5050, #6319, #7032, .T. ) ;
#633 = EDGE_CURVE ( 'NONE', #8705, #8716, #7034, .T. ) ;
#634 = EDGE_CURVE ( 'NONE', #4954, #8757, #4428, .T. ) ;
#635 = EDGE_CURVE ( 'NONE', #5050, #7097, #3432, .T. ) ;
#636 = EDGE_CURVE ( 'NONE', #4953, #8703, #3435, .T. ) ;
#637 = EDGE_CURVE ( 'NONE', #8702, #7874, #4427, .T. ) ;
#638 = EDGE_CURVE ( 'NONE', #8737, #5026, #7038, .T. ) ;
#639 = EDGE_CURVE ( 'NONE', #4954, #5024, #4426, .T. ) ;
#640 = EDGE_CURVE ( 'NONE', #7854, #1098, #4425, .T. ) ;
#641 = EDGE_CURVE ( 'NONE', #8727, #8768, #3474, .T. ) ;
#642 = EDGE_CURVE ( 'NONE', #4954, #4991, #3477, .T. ) ;
#643 = EDGE_CURVE ( 'NONE', #5045, #8757, #3480, .T. ) ;
#644 = EDGE_CURVE ( 'NONE', #8720, #4968, #7037, .T. ) ;
#645 = EDGE_CURVE ( 'NONE', #4966, #4957, #7041, .T. ) ;
#646 = EDGE_CURVE ( 'NONE', #1098, #4953, #6039, .T. ) ;
#647 = EDGE_CURVE ( 'NONE', #4947, #7067, #6042, .T. ) ;
#648 = EDGE_CURVE ( 'NONE', #7867, #7874, #6045, .T. ) ;
#649 = EDGE_CURVE ( 'NONE', #4946, #4987, #6048, .T. ) ;
#650 = EDGE_CURVE ( 'NONE', #4992, #4955, #6051, .T. ) ;
#651 = EDGE_CURVE ( 'NONE', #4956, #8726, #4424, .T. ) ;
#652 = EDGE_CURVE ( 'NONE', #7067, #7275, #7898, .T. ) ;
#653 = EDGE_CURVE ( 'NONE', #8760, #5024, #6080, .T. ) ;
#654 = EDGE_CURVE ( 'NONE', #7065, #7276, #7882, .T. ) ;
#655 = EDGE_CURVE ( 'NONE', #4985, #7875, #7883, .T. ) ;
#656 = EDGE_CURVE ( 'NONE', #7854, #9068, #4419, .T. ) ;
#657 = EDGE_CURVE ( 'NONE', #7062, #7278, #7886, .T. ) ;
#658 = EDGE_CURVE ( 'NONE', #5024, #5042, #6151, .T. ) ;
#659 = EDGE_CURVE ( 'NONE', #4978, #8755, #7885, .T. ) ;
#660 = EDGE_CURVE ( 'NONE', #6344, #4988, #4421, .T. ) ;
#661 = EDGE_CURVE ( 'NONE', #7064, #4968, #6168, .T. ) ;
#662 = EDGE_CURVE ( 'NONE', #5016, #4979, #4422, .T. ) ;
#663 = EDGE_CURVE ( 'NONE', #4962, #1099, #6174, .T. ) ;
#664 = EDGE_CURVE ( 'NONE', #7275, #7072, #7895, .T. ) ;
#665 = EDGE_CURVE ( 'NONE', #4992, #8743, #4420, .T. ) ;
#666 = EDGE_CURVE ( 'NONE', #9068, #1098, #4630, .T. ) ;
#667 = EDGE_CURVE ( 'NONE', #7278, #7060, #7887, .T. ) ;
#668 = EDGE_CURVE ( 'NONE', #5000, #6346, #6225, .T. ) ;
#669 = EDGE_CURVE ( 'NONE', #8704, #8748, #6228, .T. ) ;
#670 = EDGE_CURVE ( 'NONE', #4967, #6308, #7893, .T. ) ;
#671 = EDGE_CURVE ( 'NONE', #6338, #8721, #6246, .T. ) ;
#672 = EDGE_CURVE ( 'NONE', #8703, #8702, #4417, .T. ) ;
#673 = EDGE_CURVE ( 'NONE', #8745, #4991, #4393, .T. ) ;
#674 = EDGE_CURVE ( 'NONE', #8757, #4988, #6255, .T. ) ;
#675 = EDGE_CURVE ( 'NONE', #4992, #4989, #6258, .T. ) ;
#676 = EDGE_CURVE ( 'NONE', #8710, #4988, #4394, .T. ) ;
#677 = EDGE_CURVE ( 'NONE', #7274, #7062, #7896, .T. ) ;
#678 = EDGE_CURVE ( 'NONE', #7875, #5027, #7888, .T. ) ;
#679 = EDGE_CURVE ( 'NONE', #7071, #7062, #7563, .T. ) ;
#680 = EDGE_CURVE ( 'NONE', #6324, #1098, #7566, .T. ) ;
#681 = EDGE_CURVE ( 'NONE', #4956, #4953, #4470, .T. ) ;
#682 = EDGE_CURVE ( 'NONE', #4989, #8744, #7572, .T. ) ;
#683 = EDGE_CURVE ( 'NONE', #7066, #8720, #7575, .T. ) ;
#684 = EDGE_CURVE ( 'NONE', #6313, #4966, #7880, .T. ) ;
#685 = EDGE_CURVE ( 'NONE', #4953, #8726, #4395, .T. ) ;
#686 = EDGE_CURVE ( 'NONE', #4982, #4989, #7586, .T. ) ;
#687 = EDGE_CURVE ( 'NONE', #7073, #7278, #7589, .T. ) ;
#688 = EDGE_CURVE ( 'NONE', #6328, #5031, #7884, .T. ) ;
#689 = EDGE_CURVE ( 'NONE', #8768, #5047, #7619, .T. ) ;
#690 = EDGE_CURVE ( 'NONE', #4950, #4948, #7622, .T. ) ;
#691 = EDGE_CURVE ( 'NONE', #8745, #8760, #4396, .T. ) ;
#692 = EDGE_CURVE ( 'NONE', #4996, #4956, #7628, .T. ) ;
#693 = EDGE_CURVE ( 'NONE', #8743, #4961, #7631, .T. ) ;
#694 = EDGE_CURVE ( 'NONE', #1099, #5046, #7634, .T. ) ;
#695 = EDGE_CURVE ( 'NONE', #4957, #8720, #7897, .T. ) ;
#696 = EDGE_CURVE ( 'NONE', #5027, #5013, #7900, .T. ) ;
#697 = EDGE_CURVE ( 'NONE', #8744, #5016, #4397, .T. ) ;
#698 = EDGE_CURVE ( 'NONE', #8702, #8726, #7682, .T. ) ;
#699 = EDGE_CURVE ( 'NONE', #8748, #1109, #7891, .T. ) ;
#700 = EDGE_CURVE ( 'NONE', #4979, #6344, #7704, .T. ) ;
#701 = EDGE_CURVE ( 'NONE', #7071, #7073, #7899, .T. ) ;
#702 = EDGE_CURVE ( 'NONE', #4981, #8710, #7726, .T. ) ;
#703 = EDGE_CURVE ( 'NONE', #8741, #7854, #7729, .T. ) ;
#704 = EDGE_CURVE ( 'NONE', #8722, #5045, #7732, .T. ) ;
#705 = EDGE_CURVE ( 'NONE', #1101, #1106, #7735, .T. ) ;
#706 = EDGE_CURVE ( 'NONE', #7070, #4966, #7738, .T. ) ;
#707 = EDGE_CURVE ( 'NONE', #7070, #7271, #7894, .T. ) ;
#708 = EDGE_CURVE ( 'NONE', #7050, #7061, #7760, .T. ) ;
#709 = EDGE_CURVE ( 'NONE', #5016, #8742, #7763, .T. ) ;
#710 = EDGE_CURVE ( 'NONE', #7271, #7066, #7879, .T. ) ;
#711 = EDGE_CURVE ( 'NONE', #7061, #4987, #7781, .T. ) ;
#712 = EDGE_CURVE ( 'NONE', #8742, #4989, #4398, .T. ) ;
#713 = EDGE_CURVE ( 'NONE', #4987, #6313, #7787, .T. ) ;
#714 = EDGE_CURVE ( 'NONE', #6328, #5027, #7790, .T. ) ;
#715 = EDGE_CURVE ( 'NONE', #4988, #5002, #7793, .T. ) ;
#716 = EDGE_CURVE ( 'NONE', #4991, #4979, #7796, .T. ) ;
#717 = EDGE_CURVE ( 'NONE', #7276, #7071, #7881, .T. ) ;
#718 = EDGE_CURVE ( 'NONE', #7277, #7050, #7818, .T. ) ;
#719 = EDGE_CURVE ( 'NONE', #7853, #5003, #7821, .T. ) ;
#720 = EDGE_CURVE ( 'NONE', #4948, #5051, #7824, .T. ) ;
#721 = EDGE_CURVE ( 'NONE', #7064, #7277, #7902, .T. ) ;
#722 = EDGE_CURVE ( 'NONE', #7072, #7097, #7901, .T. ) ;
#723 = EDGE_CURVE ( 'NONE', #5011, #1105, #7915, .T. ) ;
#724 = EDGE_CURVE ( 'NONE', #5008, #8754, #7918, .T. ) ;
#725 = EDGE_CURVE ( 'NONE', #6319, #4947, #7889, .T. ) ;
#726 = EDGE_CURVE ( 'NONE', #4955, #7867, #7932, .T. ) ;
#727 = EDGE_CURVE ( 'NONE', #7063, #7067, #7890, .T. ) ;
#728 = EDGE_CURVE ( 'NONE', #8708, #8707, #7946, .T. ) ;
#729 = EDGE_CURVE ( 'NONE', #6325, #5010, #7949, .T. ) ;
#730 = EDGE_CURVE ( 'NONE', #8732, #8731, #7952, .T. ) ;
#731 = EDGE_CURVE ( 'NONE', #1109, #8721, #7892, .T. ) ;
#732 = EDGE_CURVE ( 'NONE', #4958, #1109, #7974, .T. ) ;
#733 = EDGE_CURVE ( 'NONE', #5042, #5029, #7977, .T. ) ;
#734 = EDGE_CURVE ( 'NONE', #8703, #7874, #4399, .T. ) ;
#735 = EDGE_CURVE ( 'NONE', #4961, #4996, #4401, .T. ) ;
#736 = EDGE_CURVE ( 'NONE', #4956, #9068, #7986, .T. ) ;
#737 = EDGE_CURVE ( 'NONE', #4982, #4955, #7989, .T. ) ;
#738 = EDGE_CURVE ( 'NONE', #7271, #4957, #7992, .T. ) ;
#739 = EDGE_CURVE ( 'NONE', #8742, #8743, #7995, .T. ) ;
#740 = EDGE_CURVE ( 'NONE', #8710, #6344, #4402, .T. ) ;
#741 = EDGE_CURVE ( 'NONE', #6344, #4954, #8001, .T. ) ;
#742 = EDGE_CURVE ( 'NONE', #4991, #8760, #4403, .T. ) ;
#743 = EDGE_CURVE ( 'NONE', #4961, #4981, #8007, .T. ) ;
#744 = EDGE_CURVE ( 'NONE', #8726, #4961, #8010, .T. ) ;
#745 = EDGE_CURVE ( 'NONE', #6346, #8725, #8013, .T. ) ;
#746 = EDGE_CURVE ( 'NONE', #8703, #6324, #8016, .T. ) ;
#747 = EDGE_CURVE ( 'NONE', #8707, #8748, #4712, .T. ) ;
#748 = DIRECTION ( 'NONE',  ( 0.1316564214269280700, 0.0000000000000000000, 0.9912954083909877300 ) ) ;
#749 = CARTESIAN_POINT ( 'NONE',  ( 0.3955822850488532300, 0.4489999999999998400, 0.04332941953939724300 ) ) ;
#750 = CARTESIAN_POINT ( 'NONE',  ( 0.3955822850488532300, 0.4499999999999997900, 0.04332941953939724300 ) ) ;
#751 = CARTESIAN_POINT ( 'NONE',  ( 0.3942366650302073800, 0.4489999999999997900, 0.04328575651814800500 ) ) ;
#752 = CARTESIAN_POINT ( 'NONE',  ( 0.3942366650302073800, 0.4499999999999997300, 0.04328575651814800500 ) ) ;
#753 = CARTESIAN_POINT ( 'NONE',  ( 0.3915712273728507200, 0.4489999999999998400, 0.04319926771784849500 ) ) ;
#754 = CARTESIAN_POINT ( 'NONE',  ( 0.3915712273728507200, 0.4499999999999997900, 0.04319926771784849500 ) ) ;
#755 = CARTESIAN_POINT ( 'NONE',  ( 0.3876502903946362200, 0.4489999999999997300, 0.04242881235000915700 ) ) ;
#756 = CARTESIAN_POINT ( 'NONE',  ( 0.3876502903946362200, 0.4499999999999996800, 0.04242881235000915700 ) ) ;
#757 = CARTESIAN_POINT ( 'NONE',  ( 0.3838827756134539600, 0.4489999999999999000, 0.04118003798518821100 ) ) ;
#758 = CARTESIAN_POINT ( 'NONE',  ( 0.3838827756134539600, 0.4499999999999998400, 0.04118003798518821100 ) ) ;
#759 = CARTESIAN_POINT ( 'NONE',  ( 0.3802950790160846100, 0.4489999999999998400, 0.03945963002681967400 ) ) ;
#760 = CARTESIAN_POINT ( 'NONE',  ( 0.3802950790160846100, 0.4499999999999997900, 0.03945963002681967400 ) ) ;
#761 = CARTESIAN_POINT ( 'NONE',  ( 0.3769716329324296900, 0.4489999999999997900, 0.03728654765675017800 ) ) ;
#762 = CARTESIAN_POINT ( 'NONE',  ( 0.3769716329324296900, 0.4499999999999997300, 0.03728654765675017800 ) ) ;
#763 = CARTESIAN_POINT ( 'NONE',  ( 0.3739983290343568100, 0.4489999999999999500, 0.03467048253869471600 ) ) ;
#764 = CARTESIAN_POINT ( 'NONE',  ( 0.3739983290343568100, 0.4499999999999999000, 0.03467048253869471600 ) ) ;
#765 = CARTESIAN_POINT ( 'NONE',  ( 0.3713899926183970000, 0.4489999999999998400, 0.03166735496519673700 ) ) ;
#766 = CARTESIAN_POINT ( 'NONE',  ( 0.3713899926183970000, 0.4499999999999997900, 0.03166735496519673700 ) ) ;
#767 = CARTESIAN_POINT ( 'NONE',  ( 0.3692192891632336500, 0.4489999999999999000, 0.02827763075742814900 ) ) ;
#768 = CARTESIAN_POINT ( 'NONE',  ( 0.3692192891632336500, 0.4499999999999998400, 0.02827763075742814900 ) ) ;
#769 = CARTESIAN_POINT ( 'NONE',  ( 0.3674976111075988800, 0.4489999999999997300, 0.02463506054301636500 ) ) ;
#770 = CARTESIAN_POINT ( 'NONE',  ( 0.3674976111075988800, 0.4499999999999996800, 0.02463506054301636500 ) ) ;
#771 = CARTESIAN_POINT ( 'NONE',  ( 0.3662064703899904900, 0.4489999999999999500, 0.02083685607474344800 ) ) ;
#772 = CARTESIAN_POINT ( 'NONE',  ( 0.3662064703899904900, 0.4499999999999999000, 0.02083685607474344800 ) ) ;
#773 = CARTESIAN_POINT ( 'NONE',  ( 0.3654522920118444300, 0.4489999999999997900, 0.01689685659686287300 ) ) ;
#774 = CARTESIAN_POINT ( 'NONE',  ( 0.3654522920118444300, 0.4499999999999997300, 0.01689685659686287300 ) ) ;
#775 = CARTESIAN_POINT ( 'NONE',  ( 0.3653469046733992500, 0.4489999999999998400, 0.01422596690582033700 ) ) ;
#776 = CARTESIAN_POINT ( 'NONE',  ( 0.3653469046733992500, 0.4499999999999997900, 0.01422596690582033700 ) ) ;
#777 = CARTESIAN_POINT ( 'NONE',  ( 0.3652938235103916400, 0.4489999999999998400, 0.01288070159067929300 ) ) ;
#778 = CARTESIAN_POINT ( 'NONE',  ( 0.3652938235103916400, 0.4499999999999997900, 0.01288070159067929300 ) ) ;
#779 = CARTESIAN_POINT ( 'NONE',  ( 0.1383707465873147100, 0.4489999999999998400, -0.009234683024705323300 ) ) ;
#780 = CARTESIAN_POINT ( 'NONE',  ( 0.1383741593606723200, 0.4489999999999997900, -0.007899005916023793900 ) ) ;
#781 = CARTESIAN_POINT ( 'NONE',  ( 0.1383807828836269800, 0.4489999999999998400, -0.005306718921762135600 ) ) ;
#782 = CARTESIAN_POINT ( 'NONE',  ( 0.1385538171858330900, 0.4489999999999999500, -0.001539768608163813100 ) ) ;
#783 = CARTESIAN_POINT ( 'NONE',  ( 0.1387895381001039200, 0.4489999999999997300, 0.001973669358040673400 ) ) ;
#784 = CARTESIAN_POINT ( 'NONE',  ( 0.1390935751625365900, 0.4489999999999999500, 0.005238056114187327600 ) ) ;
#785 = CARTESIAN_POINT ( 'NONE',  ( 0.1395450879775659000, 0.4489999999999997900, 0.008242342185896115900 ) ) ;
#786 = CARTESIAN_POINT ( 'NONE',  ( 0.1400509962009281500, 0.4489999999999998400, 0.01100719027347140900 ) ) ;
#787 = CARTESIAN_POINT ( 'NONE',  ( 0.1406666559043345500, 0.4489999999999999500, 0.01351796847672292000 ) ) ;
#788 = CARTESIAN_POINT ( 'NONE',  ( 0.1413950849862488100, 0.4489999999999998400, 0.01579190592542380900 ) ) ;
#789 = CARTESIAN_POINT ( 'NONE',  ( 0.1422247734689191200, 0.4489999999999999000, 0.01786759359671951900 ) ) ;
#790 = CARTESIAN_POINT ( 'NONE',  ( 0.1431306552880637900, 0.4489999999999998400, 0.01979905688607202700 ) ) ;
#791 = CARTESIAN_POINT ( 'NONE',  ( 0.1441038187996328000, 0.4489999999999999500, 0.02160911221280865900 ) ) ;
#792 = CARTESIAN_POINT ( 'NONE',  ( 0.1451929373868608400, 0.4489999999999998400, 0.02328150102349785900 ) ) ;
#793 = CARTESIAN_POINT ( 'NONE',  ( 0.1463790820505465100, 0.4489999999999997900, 0.02482167713986539000 ) ) ;
#794 = CARTESIAN_POINT ( 'NONE',  ( 0.1476354608830465500, 0.4489999999999999000, 0.02625690092050226100 ) ) ;
#795 = CARTESIAN_POINT ( 'NONE',  ( 0.1490089632899639900, 0.4489999999999997300, 0.02753681467294793700 ) ) ;
#796 = CARTESIAN_POINT ( 'NONE',  ( 0.1509090702197701800, 0.4490000000000000100, 0.02907186767378988300 ) ) ;
#797 = CARTESIAN_POINT ( 'NONE',  ( 0.1534175409176856400, 0.4489999999999996200, 0.03065812863749276000 ) ) ;
#798 = CARTESIAN_POINT ( 'NONE',  ( 0.1565781253528601700, 0.4489999999999999000, 0.03203944548982509700 ) ) ;
#799 = CARTESIAN_POINT ( 'NONE',  ( 0.1598257953809030500, 0.4489999999999999000, 0.03290751567360546100 ) ) ;
#800 = CARTESIAN_POINT ( 'NONE',  ( 0.1620301168119582200, 0.4489999999999998400, 0.03301790870089470200 ) ) ;
#801 = CARTESIAN_POINT ( 'NONE',  ( 0.1631303619719301200, 0.4489999999999998400, 0.03307300928298698200 ) ) ;
#802 = CARTESIAN_POINT ( 'NONE',  ( 0.1631303619719301200, 0.4499999999999999000, 0.03307300928298698200 ) ) ;
#803 = LINE ( 'NONE', #804, #8323 ) ;
#804 = CARTESIAN_POINT ( 'NONE',  ( -0.1052189970024288900, 0.4489999999999998400, 0.04076531697529468100 ) ) ;
#805 = DIRECTION ( 'NONE',  ( -1.000000000000000000, 0.0000000000000000000, 0.0000000000000000000 ) ) ;
#806 = LINE ( 'NONE', #807, #8312 ) ;
#807 = CARTESIAN_POINT ( 'NONE',  ( -0.1238087405921724900, 0.4489999999999998400, -0.03118981122983352900 ) ) ;
#808 = DIRECTION ( 'NONE',  ( -0.0000000000000000000, 1.000000000000000000, -0.0000000000000000000 ) ) ;
#809 = LINE ( 'NONE', #810, #8309 ) ;
#810 = CARTESIAN_POINT ( 'NONE',  ( -0.1142334200793519300, 0.4489999999999998400, 0.04076531697529468100 ) ) ;
#811 = DIRECTION ( 'NONE',  ( -0.0000000000000000000, 1.000000000000000000, -0.0000000000000000000 ) ) ;
#812 = LINE ( 'NONE', #813, #8318 ) ;
#813 = CARTESIAN_POINT ( 'NONE',  ( -0.1238087405921724900, 0.4489999999999998400, -0.03118981122983352900 ) ) ;
#814 = DIRECTION ( 'NONE',  ( -0.4484076232591093200, 0.0000000000000000000, 0.8938291802146071100 ) ) ;
#815 = LINE ( 'NONE', #816, #8345 ) ;
#816 = CARTESIAN_POINT ( 'NONE',  ( -0.1142334200793519300, 0.4489999999999998400, 0.04076531697529468100 ) ) ;
#817 = DIRECTION ( 'NONE',  ( -0.1319106486351630200, 0.0000000000000000000, -0.9912616106642335700 ) ) ;
#818 = CARTESIAN_POINT ( 'NONE',  ( 0.1642377240192371700, 0.4499999999999999000, 0.03302735840265699100 ) ) ;
#819 = CARTESIAN_POINT ( 'NONE',  ( 0.1664501618245144400, 0.4499999999999996800, 0.03293615089402701000 ) ) ;
#820 = CARTESIAN_POINT ( 'NONE',  ( 0.1696825559714956200, 0.4500000000000000100, 0.03205618696904921600 ) ) ;
#821 = CARTESIAN_POINT ( 'NONE',  ( 0.1728205636881317300, 0.4499999999999999600, 0.03072848584151547200 ) ) ;
#822 = CARTESIAN_POINT ( 'NONE',  ( 0.1752797619818141100, 0.4499999999999996800, 0.02915855711525096000 ) ) ;
#823 = CARTESIAN_POINT ( 'NONE',  ( 0.1771506917961409000, 0.4500000000000000100, 0.02766346198807166000 ) ) ;
#824 = CARTESIAN_POINT ( 'NONE',  ( 0.1784911772277383600, 0.4499999999999999000, 0.02638875775055992200 ) ) ;
#825 = CARTESIAN_POINT ( 'NONE',  ( 0.1797215214686883100, 0.4499999999999997900, 0.02496144725609077500 ) ) ;
#826 = CARTESIAN_POINT ( 'NONE',  ( 0.1808884378931058800, 0.4499999999999998400, 0.02342146737280759900 ) ) ;
#827 = CARTESIAN_POINT ( 'NONE',  ( 0.1819586971981027600, 0.4499999999999999600, 0.02173939639641381300 ) ) ;
#828 = CARTESIAN_POINT ( 'NONE',  ( 0.1829319297036798900, 0.4499999999999999000, 0.01992332281738479600 ) ) ;
#829 = CARTESIAN_POINT ( 'NONE',  ( 0.1838200253478275100, 0.4499999999999999000, 0.01796820344846510700 ) ) ;
#830 = CARTESIAN_POINT ( 'NONE',  ( 0.1843259980892633700, 0.4499999999999998400, 0.01660335375944137900 ) ) ;
#831 = CARTESIAN_POINT ( 'NONE',  ( 0.1845846888950070100, 0.4499999999999999000, 0.01590554133426903500 ) ) ;
#832 = CARTESIAN_POINT ( 'NONE',  ( 0.2401535991514172900, 0.4489999999999998400, 0.04332941953939724300 ) ) ;
#833 = LINE ( 'NONE', #834, #8339 ) ;
#834 = CARTESIAN_POINT ( 'NONE',  ( 0.2406143363309045400, 0.4489999999999998400, -0.01949109328111558700 ) ) ;
#835 = DIRECTION ( 'NONE',  ( -0.0000000000000000000, 1.000000000000000000, -0.0000000000000000000 ) ) ;
#836 = LINE ( 'NONE', #837, #8299 ) ;
#837 = CARTESIAN_POINT ( 'NONE',  ( 0.2402537594078275900, 0.4489999999999998400, -0.05154237533239763900 ) ) ;
#838 = DIRECTION ( 'NONE',  ( -0.0000000000000000000, 1.000000000000000000, -0.0000000000000000000 ) ) ;
#839 = CARTESIAN_POINT ( 'NONE',  ( 0.2388103594766725600, 0.4489999999999999000, 0.04329649159783616900 ) ) ;
#840 = CARTESIAN_POINT ( 'NONE',  ( 0.2361965515056420900, 0.4489999999999999500, 0.04323241716812700800 ) ) ;
#841 = CARTESIAN_POINT ( 'NONE',  ( 0.2323920407187623500, 0.4489999999999996800, 0.04279829055163009800 ) ) ;
#842 = CARTESIAN_POINT ( 'NONE',  ( 0.2288456672946128400, 0.4489999999999999000, 0.04203749436082307400 ) ) ;
#843 = CARTESIAN_POINT ( 'NONE',  ( 0.2255368110575073900, 0.4489999999999998400, 0.04099621980876481200 ) ) ;
#844 = CARTESIAN_POINT ( 'NONE',  ( 0.2224854198192388900, 0.4489999999999999000, 0.03964164185687334100 ) ) ;
#845 = CARTESIAN_POINT ( 'NONE',  ( 0.2197001883571575400, 0.4489999999999999000, 0.03795568732123266000 ) ) ;
#846 = CARTESIAN_POINT ( 'NONE',  ( 0.2171409320070483200, 0.4489999999999999000, 0.03600621754520092600 ) ) ;
#847 = CARTESIAN_POINT ( 'NONE',  ( 0.2148853184765838500, 0.4489999999999997900, 0.03373724388231176500 ) ) ;
#848 = CARTESIAN_POINT ( 'NONE',  ( 0.2128827915092599800, 0.4489999999999999000, 0.03130701895881164000 ) ) ;
#849 = CARTESIAN_POINT ( 'NONE',  ( 0.2111237042787608200, 0.4489999999999997900, 0.02879983010850329900 ) ) ;
#850 = CARTESIAN_POINT ( 'NONE',  ( 0.2096615877493962800, 0.4489999999999999500, 0.02621544846453038900 ) ) ;
#851 = CARTESIAN_POINT ( 'NONE',  ( 0.2084236707395255600, 0.4489999999999997300, 0.02359240940207594700 ) ) ;
#852 = CARTESIAN_POINT ( 'NONE',  ( 0.2074760129485593300, 0.4490000000000000100, 0.02089394785547199800 ) ) ;
#853 = CARTESIAN_POINT ( 'NONE',  ( 0.2068196640820314500, 0.4489999999999997300, 0.01813394748023048800 ) ) ;
#854 = CARTESIAN_POINT ( 'NONE',  ( 0.2064028265379360400, 0.4489999999999998400, 0.01531722911302632400 ) ) ;
#855 = CARTESIAN_POINT ( 'NONE',  ( 0.2063473655407200600, 0.4489999999999998400, 0.01341632473377002800 ) ) ;
#856 = CARTESIAN_POINT ( 'NONE',  ( 0.2063194645360327500, 0.4489999999999998400, 0.01246002851375621600 ) ) ;
#857 = CARTESIAN_POINT ( 'NONE',  ( 0.2666960671001353300, 0.4489999999999998400, 0.03235185543683313800 ) ) ;
#858 = CARTESIAN_POINT ( 'NONE',  ( 0.2659007392628694500, 0.4489999999999998400, 0.03322596327085814600 ) ) ;
#859 = CARTESIAN_POINT ( 'NONE',  ( 0.2643199116749975200, 0.4489999999999997900, 0.03496337734597970700 ) ) ;
#860 = CARTESIAN_POINT ( 'NONE',  ( 0.2616118280288215500, 0.4489999999999999000, 0.03721911477429078200 ) ) ;
#861 = CARTESIAN_POINT ( 'NONE',  ( 0.2586397742055090400, 0.4489999999999998400, 0.03911481174838198100 ) ) ;
#862 = CARTESIAN_POINT ( 'NONE',  ( 0.2554152504158316800, 0.4489999999999998400, 0.04065972302120549700 ) ) ;
#863 = CARTESIAN_POINT ( 'NONE',  ( 0.2519468760899528100, 0.4489999999999997900, 0.04186217613334652900 ) ) ;
#864 = CARTESIAN_POINT ( 'NONE',  ( 0.2482353902439438400, 0.4489999999999999500, 0.04272624807372767800 ) ) ;
#865 = CARTESIAN_POINT ( 'NONE',  ( 0.2442735573034155200, 0.4489999999999997300, 0.04322117462277233500 ) ) ;
#866 = CARTESIAN_POINT ( 'NONE',  ( 0.2415505438429661800, 0.4489999999999998400, 0.04329271718561412300 ) ) ;
#867 = CARTESIAN_POINT ( 'NONE',  ( 0.2401535991514172900, 0.4489999999999998400, 0.04332941953939724300 ) ) ;
#868 = CARTESIAN_POINT ( 'NONE',  ( 0.2406143363309045400, 0.4489999999999998400, -0.01949109328111558700 ) ) ;
#869 = LINE ( 'NONE', #870, #8330 ) ;
#870 = CARTESIAN_POINT ( 'NONE',  ( 0.2401535991514172900, 0.4489999999999998400, 0.04332941953939724300 ) ) ;
#871 = DIRECTION ( 'NONE',  ( -0.0000000000000000000, 1.000000000000000000, -0.0000000000000000000 ) ) ;
#872 = LINE ( 'NONE', #873, #8294 ) ;
#873 = CARTESIAN_POINT ( 'NONE',  ( 0.2601656183821865500, 0.4489999999999998400, -0.03619782405034635600 ) ) ;
#874 = DIRECTION ( 'NONE',  ( -0.0000000000000000000, 1.000000000000000000, -0.0000000000000000000 ) ) ;
#875 = LINE ( 'NONE', #876, #8301 ) ;
#876 = CARTESIAN_POINT ( 'NONE',  ( -0.1609882277716596400, 0.4489999999999998400, 0.02281659902657672700 ) ) ;
#877 = DIRECTION ( 'NONE',  ( 0.4486095002441217200, 0.0000000000000000000, -0.8937278759727254100 ) ) ;
#878 = CARTESIAN_POINT ( 'NONE',  ( 0.2414643392964804200, 0.4489999999999998400, -0.01951603234252850800 ) ) ;
#879 = CARTESIAN_POINT ( 'NONE',  ( 0.2431559498004806600, 0.4489999999999996200, -0.01956566414377454100 ) ) ;
#880 = CARTESIAN_POINT ( 'NONE',  ( 0.2456496449885808600, 0.4490000000000000700, -0.02002712625120254100 ) ) ;
#881 = CARTESIAN_POINT ( 'NONE',  ( 0.2480742919718438900, 0.4489999999999997300, -0.02075300961279997300 ) ) ;
#882 = CARTESIAN_POINT ( 'NONE',  ( 0.2504039749558649700, 0.4489999999999999000, -0.02174615150765075700 ) ) ;
#883 = CARTESIAN_POINT ( 'NONE',  ( 0.2525783916764365300, 0.4489999999999996800, -0.02299266178904521900 ) ) ;
#884 = CARTESIAN_POINT ( 'NONE',  ( 0.2545166793400278100, 0.4490000000000000700, -0.02448503373445678300 ) ) ;
#885 = CARTESIAN_POINT ( 'NONE',  ( 0.2562023048498296400, 0.4489999999999996800, -0.02618880794026940500 ) ) ;
#886 = CARTESIAN_POINT ( 'NONE',  ( 0.2576177508562201300, 0.4489999999999998400, -0.02807746039082407300 ) ) ;
#887 = CARTESIAN_POINT ( 'NONE',  ( 0.2587151750399272500, 0.4489999999999998400, -0.03008750576962274100 ) ) ;
#888 = CARTESIAN_POINT ( 'NONE',  ( 0.2595695124053902800, 0.4489999999999998400, -0.03210465699305574400 ) ) ;
#889 = CARTESIAN_POINT ( 'NONE',  ( 0.2600684042728758600, 0.4489999999999997900, -0.03415043502128569500 ) ) ;
#890 = CARTESIAN_POINT ( 'NONE',  ( 0.2601334776153716400, 0.4489999999999998400, -0.03552091970149206400 ) ) ;
#891 = CARTESIAN_POINT ( 'NONE',  ( 0.2601656183821865500, 0.4489999999999998400, -0.03619782405034635600 ) ) ;
#892 = CARTESIAN_POINT ( 'NONE',  ( 0.2204220286385967800, 0.4489999999999998400, -0.03599750353752584300 ) ) ;
#893 = CARTESIAN_POINT ( 'NONE',  ( 0.2204416676932379200, 0.4489999999999997900, -0.03547520326538417000 ) ) ;
#894 = CARTESIAN_POINT ( 'NONE',  ( 0.2204804772865189000, 0.4489999999999997300, -0.03444306289494951400 ) ) ;
#895 = CARTESIAN_POINT ( 'NONE',  ( 0.2207806238014801700, 0.4489999999999997900, -0.03291889529542232200 ) ) ;
#896 = CARTESIAN_POINT ( 'NONE',  ( 0.2212279625098366700, 0.4489999999999999000, -0.03142113424587886900 ) ) ;
#897 = CARTESIAN_POINT ( 'NONE',  ( 0.2219322671220110800, 0.4489999999999997900, -0.02998539392998278800 ) ) ;
#898 = CARTESIAN_POINT ( 'NONE',  ( 0.2227770202171750200, 0.4489999999999998400, -0.02856186938174776500 ) ) ;
#899 = CARTESIAN_POINT ( 'NONE',  ( 0.2238196338188764300, 0.4489999999999997900, -0.02718613835277011400 ) ) ;
#900 = CARTESIAN_POINT ( 'NONE',  ( 0.2250621774731297600, 0.4489999999999997900, -0.02585341307097243100 ) ) ;
#901 = CARTESIAN_POINT ( 'NONE',  ( 0.2264629614811033100, 0.4489999999999999000, -0.02457502903642279000 ) ) ;
#902 = CARTESIAN_POINT ( 'NONE',  ( 0.2279890054190683300, 0.4489999999999997900, -0.02337792151957223500 ) ) ;
#903 = CARTESIAN_POINT ( 'NONE',  ( 0.2296056923685515500, 0.4489999999999999500, -0.02233868776246718600 ) ) ;
#904 = CARTESIAN_POINT ( 'NONE',  ( 0.2312927321219924700, 0.4489999999999997900, -0.02146914174871872300 ) ) ;
#905 = CARTESIAN_POINT ( 'NONE',  ( 0.2330327912421648100, 0.4489999999999999500, -0.02074544446944753100 ) ) ;
#906 = CARTESIAN_POINT ( 'NONE',  ( 0.2348436040250063700, 0.4489999999999997300, -0.02018287483107643700 ) ) ;
#907 = CARTESIAN_POINT ( 'NONE',  ( 0.2367140746950620900, 0.4489999999999999500, -0.01978377064712047800 ) ) ;
#908 = CARTESIAN_POINT ( 'NONE',  ( 0.2386445176188897500, 0.4489999999999997900, -0.01953571359496481000 ) ) ;
#909 = CARTESIAN_POINT ( 'NONE',  ( 0.2399525342124353100, 0.4489999999999997300, -0.01950608441611296000 ) ) ;
#910 = CARTESIAN_POINT ( 'NONE',  ( 0.2406143363309045400, 0.4489999999999998400, -0.01949109328111558700 ) ) ;
#911 = CARTESIAN_POINT ( 'NONE',  ( 0.2601656183821865500, 0.4489999999999998400, -0.03619782405034635600 ) ) ;
#912 = CARTESIAN_POINT ( 'NONE',  ( 0.2601504213084666600, 0.4489999999999998400, -0.03667291079087532000 ) ) ;
#913 = CARTESIAN_POINT ( 'NONE',  ( 0.2601202572953809100, 0.4489999999999998400, -0.03761588987502770300 ) ) ;
#914 = CARTESIAN_POINT ( 'NONE',  ( 0.2598716842680090000, 0.4489999999999999500, -0.03900841459894397600 ) ) ;
#915 = CARTESIAN_POINT ( 'NONE',  ( 0.2594609461821315600, 0.4489999999999999500, -0.04036925984245016300 ) ) ;
#916 = CARTESIAN_POINT ( 'NONE',  ( 0.2589048581801075000, 0.4489999999999998400, -0.04170966757695828600 ) ) ;
#917 = CARTESIAN_POINT ( 'NONE',  ( 0.2581731497580667700, 0.4489999999999998400, -0.04301083135084615000 ) ) ;
#918 = CARTESIAN_POINT ( 'NONE',  ( 0.2573056015446571500, 0.4490000000000000100, -0.04429320529397360500 ) ) ;
#919 = CARTESIAN_POINT ( 'NONE',  ( 0.2562517586473578300, 0.4489999999999999000, -0.04552794140250364400 ) ) ;
#920 = CARTESIAN_POINT ( 'NONE',  ( 0.2550690034076372700, 0.4489999999999999000, -0.04674381421718870600 ) ) ;
#921 = CARTESIAN_POINT ( 'NONE',  ( 0.2537277060179793900, 0.4489999999999999500, -0.04786907203637583800 ) ) ;
#922 = CARTESIAN_POINT ( 'NONE',  ( 0.2522304513811335400, 0.4489999999999997300, -0.04885863518576320800 ) ) ;
#923 = CARTESIAN_POINT ( 'NONE',  ( 0.2505849156559799000, 0.4489999999999998400, -0.04969898823013196900 ) ) ;
#924 = CARTESIAN_POINT ( 'NONE',  ( 0.2487910599423595600, 0.4489999999999998400, -0.05038152408092957300 ) ) ;
#925 = CARTESIAN_POINT ( 'NONE',  ( 0.2468554906823554100, 0.4489999999999997900, -0.05089416264205454800 ) ) ;
#926 = CARTESIAN_POINT ( 'NONE',  ( 0.2447871228410223000, 0.4489999999999998400, -0.05127805829291499900 ) ) ;
#927 = CARTESIAN_POINT ( 'NONE',  ( 0.2425687100706930300, 0.4489999999999998400, -0.05149443290573926800 ) ) ;
#928 = CARTESIAN_POINT ( 'NONE',  ( 0.2410421457545545400, 0.4489999999999999000, -0.05152604791980404400 ) ) ;
#929 = CARTESIAN_POINT ( 'NONE',  ( 0.2402537594078275900, 0.4489999999999998400, -0.05154237533239763900 ) ) ;
#930 = CARTESIAN_POINT ( 'NONE',  ( -0.2610683559767879600, 0.4489999999999999000, -0.05154237533239764600 ) ) ;
#931 = CARTESIAN_POINT ( 'NONE',  ( -0.2621013994740871700, 0.4489999999999998400, -0.05150775533377227600 ) ) ;
#932 = CARTESIAN_POINT ( 'NONE',  ( -0.2640935265430681700, 0.4489999999999997900, -0.05144099392772305500 ) ) ;
#933 = CARTESIAN_POINT ( 'NONE',  ( -0.2669218190032844300, 0.4489999999999999500, -0.05071185149081890200 ) ) ;
#934 = CARTESIAN_POINT ( 'NONE',  ( -0.2694673597193771900, 0.4489999999999997900, -0.04956379833922314900 ) ) ;
#935 = CARTESIAN_POINT ( 'NONE',  ( -0.2716545758638400600, 0.4489999999999997900, -0.04795479896506117000 ) ) ;
#936 = CARTESIAN_POINT ( 'NONE',  ( -0.2734756323507840400, 0.4489999999999997900, -0.04604848488834353800 ) ) ;
#937 = CARTESIAN_POINT ( 'NONE',  ( -0.2747929311726383100, 0.4489999999999997300, -0.04385480331477446800 ) ) ;
#938 = CARTESIAN_POINT ( 'NONE',  ( -0.2755857930169826100, 0.4489999999999999000, -0.04143244895464486000 ) ) ;
#939 = CARTESIAN_POINT ( 'NONE',  ( -0.2756825438641551900, 0.4489999999999999000, -0.03974268734516741400 ) ) ;
#940 = CARTESIAN_POINT ( 'NONE',  ( -0.2757318175152493900, 0.4489999999999998400, -0.03888211892214123200 ) ) ;
#941 = CARTESIAN_POINT ( 'NONE',  ( -0.2321420739255058200, 0.4489999999999998400, 0.01626611825734596000 ) ) ;
#942 = CARTESIAN_POINT ( 'NONE',  ( -0.2321608493004760600, 0.4489999999999999000, 0.01716264297436283200 ) ) ;
#943 = CARTESIAN_POINT ( 'NONE',  ( -0.2321980354453209400, 0.4489999999999997900, 0.01893828250416572000 ) ) ;
#944 = CARTESIAN_POINT ( 'NONE',  ( -0.2326254901247101200, 0.4489999999999999500, 0.02154557041508318000 ) ) ;
#945 = CARTESIAN_POINT ( 'NONE',  ( -0.2332517662722120600, 0.4489999999999999000, 0.02407788097748194600 ) ) ;
#946 = CARTESIAN_POINT ( 'NONE',  ( -0.2341956872422276700, 0.4489999999999999000, 0.02650391276162518400 ) ) ;
#947 = CARTESIAN_POINT ( 'NONE',  ( -0.2353477774782246300, 0.4489999999999997900, 0.02886804883829506600 ) ) ;
#948 = CARTESIAN_POINT ( 'NONE',  ( -0.2368096702743970100, 0.4490000000000001200, 0.03110827456432142100 ) ) ;
#949 = CARTESIAN_POINT ( 'NONE',  ( -0.2385041755526166300, 0.4489999999999999000, 0.03327417166680560200 ) ) ;
#950 = CARTESIAN_POINT ( 'NONE',  ( -0.2404479974070276600, 0.4489999999999998400, 0.03530798570552406300 ) ) ;
#951 = CARTESIAN_POINT ( 'NONE',  ( -0.2425750231874991800, 0.4489999999999999500, 0.03717501987653580600 ) ) ;
#952 = CARTESIAN_POINT ( 'NONE',  ( -0.2448231287492927700, 0.4489999999999999000, 0.03883585020432066300 ) ) ;
#953 = CARTESIAN_POINT ( 'NONE',  ( -0.2471959936902684800, 0.4489999999999999500, 0.04022065944418691500 ) ) ;
#954 = CARTESIAN_POINT ( 'NONE',  ( -0.2496807455955036800, 0.4489999999999996800, 0.04135068350275643300 ) ) ;
#955 = CARTESIAN_POINT ( 'NONE',  ( -0.2522779552157056200, 0.4490000000000000100, 0.04223449828922076100 ) ) ;
#956 = CARTESIAN_POINT ( 'NONE',  ( -0.2549867490395487100, 0.4489999999999998400, 0.04287486597867422300 ) ) ;
#957 = CARTESIAN_POINT ( 'NONE',  ( -0.2578115922172503100, 0.4489999999999998400, 0.04326788629048856200 ) ) ;
#958 = CARTESIAN_POINT ( 'NONE',  ( -0.2597316059764641100, 0.4489999999999999000, 0.04330867947519145100 ) ) ;
#959 = CARTESIAN_POINT ( 'NONE',  ( -0.2607077790537109500, 0.4489999999999998400, 0.04332941953939724300 ) ) ;
#960 = CARTESIAN_POINT ( 'NONE',  ( 0.3169765158180839500, 0.4489999999999998400, -0.05154237533239763900 ) ) ;
#961 = CARTESIAN_POINT ( 'NONE',  ( 0.3169765158180839500, 0.4500000000000001200, -0.05154237533239763900 ) ) ;
#962 = CARTESIAN_POINT ( 'NONE',  ( 0.3158704989013180800, 0.4489999999999999000, -0.05148433399961896400 ) ) ;
#963 = CARTESIAN_POINT ( 'NONE',  ( 0.3158704989013180800, 0.4500000000000001800, -0.05148433399961896400 ) ) ;
#964 = CARTESIAN_POINT ( 'NONE',  ( 0.3136564501697436400, 0.4489999999999999000, -0.05136814559664833900 ) ) ;
#965 = CARTESIAN_POINT ( 'NONE',  ( 0.3136564501697436400, 0.4500000000000001800, -0.05136814559664833900 ) ) ;
#966 = CARTESIAN_POINT ( 'NONE',  ( 0.3103865086061217700, 0.4489999999999997300, -0.05054833835117436600 ) ) ;
#967 = CARTESIAN_POINT ( 'NONE',  ( 0.3103865086061217700, 0.4500000000000000100, -0.05054833835117436600 ) ) ;
#968 = CARTESIAN_POINT ( 'NONE',  ( 0.3072520985591992200, 0.4489999999999999500, -0.04911939646724256000 ) ) ;
#969 = CARTESIAN_POINT ( 'NONE',  ( 0.3072520985591992200, 0.4500000000000001800, -0.04911939646724256000 ) ) ;
#970 = CARTESIAN_POINT ( 'NONE',  ( 0.3047594421398032700, 0.4489999999999997900, -0.04754932868253053400 ) ) ;
#971 = CARTESIAN_POINT ( 'NONE',  ( 0.3047594421398032700, 0.4500000000000000700, -0.04754932868253053400 ) ) ;
#972 = CARTESIAN_POINT ( 'NONE',  ( 0.3028490482395862500, 0.4489999999999997900, -0.04605394835562614400 ) ) ;
#973 = CARTESIAN_POINT ( 'NONE',  ( 0.3028490482395862500, 0.4500000000000000700, -0.04605394835562614400 ) ) ;
#974 = CARTESIAN_POINT ( 'NONE',  ( 0.3015038284288219500, 0.4489999999999999500, -0.04475719252538439700 ) ) ;
#975 = CARTESIAN_POINT ( 'NONE',  ( 0.3015038284288219500, 0.4500000000000001800, -0.04475719252538439700 ) ) ;
#976 = CARTESIAN_POINT ( 'NONE',  ( 0.3002425092226019300, 0.4489999999999997900, -0.04333872811495198500 ) ) ;
#977 = CARTESIAN_POINT ( 'NONE',  ( 0.3002425092226019300, 0.4500000000000000700, -0.04333872811495198500 ) ) ;
#978 = CARTESIAN_POINT ( 'NONE',  ( 0.2990805749329548700, 0.4489999999999997900, -0.04178438769065605900 ) ) ;
#979 = CARTESIAN_POINT ( 'NONE',  ( 0.2990805749329548700, 0.4500000000000000700, -0.04178438769065605900 ) ) ;
#980 = CARTESIAN_POINT ( 'NONE',  ( 0.2979923096988902300, 0.4489999999999999000, -0.04011394862439542100 ) ) ;
#981 = CARTESIAN_POINT ( 'NONE',  ( 0.2979923096988902300, 0.4500000000000001800, -0.04011394862439542100 ) ) ;
#982 = CARTESIAN_POINT ( 'NONE',  ( 0.2969928521967272700, 0.4489999999999998400, -0.03831426963224499700 ) ) ;
#983 = CARTESIAN_POINT ( 'NONE',  ( 0.2969928521967272700, 0.4500000000000001200, -0.03831426963224499700 ) ) ;
#984 = CARTESIAN_POINT ( 'NONE',  ( 0.2960923570631257600, 0.4489999999999998400, -0.03637623065437654200 ) ) ;
#985 = CARTESIAN_POINT ( 'NONE',  ( 0.2960923570631257600, 0.4500000000000001200, -0.03637623065437654200 ) ) ;
#986 = CARTESIAN_POINT ( 'NONE',  ( 0.2952613703151210100, 0.4489999999999998400, -0.03430147535668900300 ) ) ;
#987 = CARTESIAN_POINT ( 'NONE',  ( 0.2952613703151210100, 0.4500000000000001200, -0.03430147535668900300 ) ) ;
#988 = CARTESIAN_POINT ( 'NONE',  ( 0.2945307192286577000, 0.4490000000000000100, -0.03202773408710202200 ) ) ;
#989 = CARTESIAN_POINT ( 'NONE',  ( 0.2945307192286577000, 0.4500000000000002300, -0.03202773408710202200 ) ) ;
#990 = CARTESIAN_POINT ( 'NONE',  ( 0.2939280345649438200, 0.4489999999999999000, -0.02952004855586024300 ) ) ;
#991 = CARTESIAN_POINT ( 'NONE',  ( 0.2939280345649438200, 0.4500000000000001800, -0.02952004855586024300 ) ) ;
#992 = CARTESIAN_POINT ( 'NONE',  ( 0.2933712616186608900, 0.4489999999999997900, -0.02676399450474064800 ) ) ;
#993 = CARTESIAN_POINT ( 'NONE',  ( 0.2933712616186608900, 0.4500000000000000700, -0.02676399450474064800 ) ) ;
#994 = CARTESIAN_POINT ( 'NONE',  ( 0.2929771110786449400, 0.4489999999999997900, -0.02374343713487809700 ) ) ;
#995 = CARTESIAN_POINT ( 'NONE',  ( 0.2929771110786449400, 0.4500000000000000700, -0.02374343713487809700 ) ) ;
#996 = CARTESIAN_POINT ( 'NONE',  ( 0.2926267180568817800, 0.4489999999999999000, -0.02047823275290012000 ) ) ;
#997 = CARTESIAN_POINT ( 'NONE',  ( 0.2926267180568817800, 0.4500000000000001800, -0.02047823275290012000 ) ) ;
#998 = CARTESIAN_POINT ( 'NONE',  ( 0.2924015366868172900, 0.4489999999999997900, -0.01695602366063333700 ) ) ;
#999 = CARTESIAN_POINT ( 'NONE',  ( 0.2924015366868172900, 0.4500000000000000700, -0.01695602366063333700 ) ) ;
#1000 = CARTESIAN_POINT ( 'NONE',  ( 0.2922263579019822000, 0.4489999999999999000, -0.01318275564913738400 ) ) ;
#1001 = CARTESIAN_POINT ( 'NONE',  ( 0.2922263579019822000, 0.4500000000000001800, -0.01318275564913738400 ) ) ;
#1002 = CARTESIAN_POINT ( 'NONE',  ( 0.2922201160630463200, 0.4489999999999998400, -0.01057706540620463600 ) ) ;
#1003 = CARTESIAN_POINT ( 'NONE',  ( 0.2922201160630463200, 0.4500000000000001200, -0.01057706540620463600 ) ) ;
#1004 = CARTESIAN_POINT ( 'NONE',  ( 0.2922169004334686500, 0.4489999999999998400, -0.009234683024705323300 ) ) ;
#1005 = CARTESIAN_POINT ( 'NONE',  ( 0.2922169004334686500, 0.4500000000000001200, -0.009234683024705323300 ) ) ;
#1006 = CARTESIAN_POINT ( 'NONE',  ( 0.2549372529975711400, 0.4489999999999998400, -0.01494381764008994100 ) ) ;
#1007 = CARTESIAN_POINT ( 'NONE',  ( 0.2557557829161402600, 0.4489999999999999000, -0.01451701889841476600 ) ) ;
#1008 = CARTESIAN_POINT ( 'NONE',  ( 0.2573521896192284600, 0.4489999999999999500, -0.01368461881550648400 ) ) ;
#1009 = CARTESIAN_POINT ( 'NONE',  ( 0.2596258241395196200, 0.4489999999999997900, -0.01234430945298177000 ) ) ;
#1010 = CARTESIAN_POINT ( 'NONE',  ( 0.2617036813181118400, 0.4489999999999998400, -0.01093171045679555500 ) ) ;
#1011 = CARTESIAN_POINT ( 'NONE',  ( 0.2636434116549087300, 0.4489999999999999500, -0.009513543045007929000 ) ) ;
#1012 = CARTESIAN_POINT ( 'NONE',  ( 0.2654109359636717100, 0.4489999999999997900, -0.008035495862183800200 ) ) ;
#1013 = CARTESIAN_POINT ( 'NONE',  ( 0.2669864906167954100, 0.4489999999999999500, -0.006491691399097890100 ) ) ;
#1014 = CARTESIAN_POINT ( 'NONE',  ( 0.2684089940430203200, 0.4489999999999997900, -0.004920664390683882800 ) ) ;
#1015 = CARTESIAN_POINT ( 'NONE',  ( 0.2696497592998594000, 0.4489999999999997900, -0.003295811814547628200 ) ) ;
#1016 = CARTESIAN_POINT ( 'NONE',  ( 0.2707410974918339500, 0.4489999999999997300, -0.001621450411857620900 ) ) ;
#1017 = CARTESIAN_POINT ( 'NONE',  ( 0.2716843013547927700, 0.4489999999999998400, 0.0001068145322079198100 ) ) ;
#1018 = CARTESIAN_POINT ( 'NONE',  ( 0.2724905071500125000, 0.4489999999999997900, 0.001885195497082917500 ) ) ;
#1019 = CARTESIAN_POINT ( 'NONE',  ( 0.2731294482564990400, 0.4489999999999996800, 0.003733104923813612500 ) ) ;
#1020 = CARTESIAN_POINT ( 'NONE',  ( 0.2736557851619517100, 0.4490000000000000100, 0.005623398114045007800 ) ) ;
#1021 = CARTESIAN_POINT ( 'NONE',  ( 0.2740179453060037600, 0.4489999999999997900, 0.007580483309822920600 ) ) ;
#1022 = CARTESIAN_POINT ( 'NONE',  ( 0.2742127143865051900, 0.4489999999999999000, 0.009591464478266682400 ) ) ;
#1023 = CARTESIAN_POINT ( 'NONE',  ( 0.2742495376276840000, 0.4489999999999999500, 0.01095055881209064000 ) ) ;
#1024 = CARTESIAN_POINT ( 'NONE',  ( 0.2742681824847507100, 0.4489999999999999000, 0.01163871441119211500 ) ) ;
#1025 = CARTESIAN_POINT ( 'NONE',  ( 0.3422169004334685800, 0.4489999999999998400, -0.009234683024705323300 ) ) ;
#1026 = CARTESIAN_POINT ( 'NONE',  ( 0.3422169004334685800, 0.4499999999999998400, -0.009234683024705323300 ) ) ;
#1027 = CARTESIAN_POINT ( 'NONE',  ( 0.3422011807410990100, 0.4489999999999999000, -0.01043661366807796500 ) ) ;
#1028 = CARTESIAN_POINT ( 'NONE',  ( 0.3422011807410990100, 0.4499999999999999000, -0.01043661366807796500 ) ) ;
#1029 = CARTESIAN_POINT ( 'NONE',  ( 0.3421704296623693200, 0.4489999999999999000, -0.01278784694752302000 ) ) ;
#1030 = CARTESIAN_POINT ( 'NONE',  ( 0.3421704296623693200, 0.4499999999999999000, -0.01278784694752302000 ) ) ;
#1031 = CARTESIAN_POINT ( 'NONE',  ( 0.3420528871566226300, 0.4489999999999999000, -0.01623122353786952300 ) ) ;
#1032 = CARTESIAN_POINT ( 'NONE',  ( 0.3420528871566226300, 0.4499999999999999000, -0.01623122353786952300 ) ) ;
#1033 = CARTESIAN_POINT ( 'NONE',  ( 0.3417493564568512300, 0.4489999999999997900, -0.01950173099241671000 ) ) ;
#1034 = CARTESIAN_POINT ( 'NONE',  ( 0.3417493564568512300, 0.4499999999999997900, -0.01950173099241671000 ) ) ;
#1035 = CARTESIAN_POINT ( 'NONE',  ( 0.3414122387750082000, 0.4489999999999997900, -0.02261345878282568200 ) ) ;
#1036 = CARTESIAN_POINT ( 'NONE',  ( 0.3414122387750082000, 0.4499999999999997900, -0.02261345878282568200 ) ) ;
#1037 = ORIENTED_EDGE ( 'NONE', *, *, #628, .T. ) ;
#1038 = ORIENTED_EDGE ( 'NONE', *, *, #719, .T. ) ;
#1039 = ORIENTED_EDGE ( 'NONE', *, *, #745, .T. ) ;
#1040 = EDGE_LOOP ( 'NONE', ( #7241, #7148, #7231, #7112 ) ) ;
#1041 = ORIENTED_EDGE ( 'NONE', *, *, #724, .T. ) ;
#1042 = ORIENTED_EDGE ( 'NONE', *, *, #694, .T. ) ;
#1043 = EDGE_LOOP ( 'NONE', ( #3684, #3686, #3685, #3687 ) ) ;
#1044 = EDGE_LOOP ( 'NONE', ( #8421, #8376, #8412, #8404 ) ) ;
#1045 = ORIENTED_EDGE ( 'NONE', *, *, #584, .T. ) ;
#1046 = ORIENTED_EDGE ( 'NONE', *, *, #603, .T. ) ;
#1047 = ORIENTED_EDGE ( 'NONE', *, *, #577, .T. ) ;
#1048 = ORIENTED_EDGE ( 'NONE', *, *, #720, .T. ) ;
#1049 = EDGE_LOOP ( 'NONE', ( #3671, #3673, #3674, #3676 ) ) ;
#1050 = ORIENTED_EDGE ( 'NONE', *, *, #621, .T. ) ;
#1051 = ORIENTED_EDGE ( 'NONE', *, *, #2061, .T. ) ;
#1052 = EDGE_LOOP ( 'NONE', ( #8402, #8365, #8393, #8426 ) ) ;
#1053 = ORIENTED_EDGE ( 'NONE', *, *, #705, .T. ) ;
#1054 = EDGE_LOOP ( 'NONE', ( #8370, #8403, #8364, #8359 ) ) ;
#1055 = ORIENTED_EDGE ( 'NONE', *, *, #617, .T. ) ;
#1056 = ORIENTED_EDGE ( 'NONE', *, *, #610, .T. ) ;
#1057 = ORIENTED_EDGE ( 'NONE', *, *, #590, .T. ) ;
#1058 = EDGE_LOOP ( 'NONE', ( #8420, #8410, #8366, #8381 ) ) ;
#1059 = ORIENTED_EDGE ( 'NONE', *, *, #574, .T. ) ;
#1060 = ORIENTED_EDGE ( 'NONE', *, *, #657, .T. ) ;
#1061 = EDGE_LOOP ( 'NONE', ( #8394, #8372, #8390, #8396, #8383 ) ) ;
#1062 = ORIENTED_EDGE ( 'NONE', *, *, #609, .T. ) ;
#1063 = ORIENTED_EDGE ( 'NONE', *, *, #625, .T. ) ;
#1064 = ORIENTED_EDGE ( 'NONE', *, *, #4379, .T. ) ;
#1065 = ORIENTED_EDGE ( 'NONE', *, *, #631, .T. ) ;
#1066 = EDGE_LOOP ( 'NONE', ( #3675, #3677, #3678, #3680 ) ) ;
#1067 = EDGE_LOOP ( 'NONE', ( #3667, #3669, #3670, #3672 ) ) ;
#1068 = EDGE_LOOP ( 'NONE', ( #8387, #8425, #8389, #8422 ) ) ;
#1069 = ORIENTED_EDGE ( 'NONE', *, *, #582, .T. ) ;
#1070 = ORIENTED_EDGE ( 'NONE', *, *, #723, .T. ) ;
#1071 = EDGE_LOOP ( 'NONE', ( #7227, #7194, #7130, #7145 ) ) ;
#1072 = ORIENTED_EDGE ( 'NONE', *, *, #663, .T. ) ;
#1073 = ORIENTED_EDGE ( 'NONE', *, *, #606, .T. ) ;
#1074 = ORIENTED_EDGE ( 'NONE', *, *, #638, .T. ) ;
#1075 = ORIENTED_EDGE ( 'NONE', *, *, #678, .T. ) ;
#1076 = ORIENTED_EDGE ( 'NONE', *, *, #4380, .T. ) ;
#1077 = EDGE_LOOP ( 'NONE', ( #7157, #7175, #7201, #7218 ) ) ;
#1078 = ORIENTED_EDGE ( 'NONE', *, *, #616, .T. ) ;
#1079 = ORIENTED_EDGE ( 'NONE', *, *, #602, .T. ) ;
#1080 = ORIENTED_EDGE ( 'NONE', *, *, #2025, .T. ) ;
#1081 = ORIENTED_EDGE ( 'NONE', *, *, #696, .T. ) ;
#1082 = ORIENTED_EDGE ( 'NONE', *, *, #677, .T. ) ;
#1083 = EDGE_LOOP ( 'NONE', ( #7156, #7141, #7104, #7200 ) ) ;
#1084 = EDGE_LOOP ( 'NONE', ( #3679, #3681, #3682, #3683 ) ) ;
#1085 = ORIENTED_EDGE ( 'NONE', *, *, #4374, .T. ) ;
#1086 = ORIENTED_EDGE ( 'NONE', *, *, #4535, .T. ) ;
#1087 = ORIENTED_EDGE ( 'NONE', *, *, #667, .T. ) ;
#1088 = ORIENTED_EDGE ( 'NONE', *, *, #641, .T. ) ;
#1089 = ORIENTED_EDGE ( 'NONE', *, *, #690, .T. ) ;
#1090 = ORIENTED_EDGE ( 'NONE', *, *, #689, .T. ) ;
#1091 = ORIENTED_EDGE ( 'NONE', *, *, #613, .T. ) ;
#1092 = EDGE_LOOP ( 'NONE', ( #7057, #7059, #7164, #7125, #7246 ) ) ;
#1093 = ORIENTED_EDGE ( 'NONE', *, *, #655, .T. ) ;
#1094 = EDGE_LOOP ( 'NONE', ( #7198, #7096, #7158, #7114 ) ) ;
#1095 = ORIENTED_EDGE ( 'NONE', *, *, #668, .T. ) ;
#1096 = VERTEX_POINT ( 'NONE', #8037 ) ;
#1097 = VERTEX_POINT ( 'NONE', #8038 ) ;
#1098 = VERTEX_POINT ( 'NONE', #8039 ) ;
#1099 = VERTEX_POINT ( 'NONE', #8040 ) ;
#1100 = VERTEX_POINT ( 'NONE', #8041 ) ;
#1101 = VERTEX_POINT ( 'NONE', #8042 ) ;
#1102 = VERTEX_POINT ( 'NONE', #8043 ) ;
#1103 = VERTEX_POINT ( 'NONE', #8044 ) ;
#1104 = VERTEX_POINT ( 'NONE', #8045 ) ;
#1105 = VERTEX_POINT ( 'NONE', #8046 ) ;
#1106 = VERTEX_POINT ( 'NONE', #8047 ) ;
#1107 = VERTEX_POINT ( 'NONE', #8048 ) ;
#1108 = VERTEX_POINT ( 'NONE', #8049 ) ;
#1109 = VERTEX_POINT ( 'NONE', #8050 ) ;
#1110 = CARTESIAN_POINT ( 'NONE',  ( 0.2838090832137305500, 0.4489999999999999500, -0.02270354186624670400 ) ) ;
#1111 = CARTESIAN_POINT ( 'NONE',  ( 0.2838090832137305500, 0.4499999999999999000, -0.02270354186624670400 ) ) ;
#1112 = CARTESIAN_POINT ( 'NONE',  ( 0.2842701510094524700, 0.4489999999999999000, -0.02667905803877320900 ) ) ;
#1113 = CARTESIAN_POINT ( 'NONE',  ( 0.2842701510094524700, 0.4499999999999998400, -0.02667905803877320900 ) ) ;
#1114 = CARTESIAN_POINT ( 'NONE',  ( 0.2848312361586981000, 0.4489999999999999000, -0.03037510845356489500 ) ) ;
#1115 = CARTESIAN_POINT ( 'NONE',  ( 0.2848312361586981000, 0.4499999999999998400, -0.03037510845356489500 ) ) ;
#1116 = CARTESIAN_POINT ( 'NONE',  ( 0.2855802500615927100, 0.4489999999999998400, -0.03378181580031635500 ) ) ;
#1117 = CARTESIAN_POINT ( 'NONE',  ( 0.2855802500615927100, 0.4499999999999997900, -0.03378181580031635500 ) ) ;
#1118 = CARTESIAN_POINT ( 'NONE',  ( 0.2864320444220202500, 0.4489999999999997900, -0.03691494741783235600 ) ) ;
#1119 = CARTESIAN_POINT ( 'NONE',  ( 0.2864320444220202500, 0.4499999999999997300, -0.03691494741783235600 ) ) ;
#1120 = CARTESIAN_POINT ( 'NONE',  ( 0.2874192571594632600, 0.4489999999999997300, -0.03978472023143293100 ) ) ;
#1121 = CARTESIAN_POINT ( 'NONE',  ( 0.2874192571594632600, 0.4499999999999996800, -0.03978472023143293100 ) ) ;
#1122 = CARTESIAN_POINT ( 'NONE',  ( 0.2885331939885587600, 0.4490000000000000100, -0.04242979746063756100 ) ) ;
#1123 = CARTESIAN_POINT ( 'NONE',  ( 0.2885331939885587600, 0.4499999999999999600, -0.04242979746063756100 ) ) ;
#1124 = CARTESIAN_POINT ( 'NONE',  ( 0.2897456014377606800, 0.4489999999999998400, -0.04489908892617368300 ) ) ;
#1125 = CARTESIAN_POINT ( 'NONE',  ( 0.2897456014377606800, 0.4499999999999997900, -0.04489908892617368300 ) ) ;
#1126 = CARTESIAN_POINT ( 'NONE',  ( 0.2911045955641485300, 0.4489999999999998400, -0.04718885842159581400 ) ) ;
#1127 = CARTESIAN_POINT ( 'NONE',  ( 0.2911045955641485300, 0.4499999999999997900, -0.04718885842159581400 ) ) ;
#1128 = CARTESIAN_POINT ( 'NONE',  ( 0.2925325073620658200, 0.4489999999999997900, -0.04933565243359429300 ) ) ;
#1129 = CARTESIAN_POINT ( 'NONE',  ( 0.2925325073620658200, 0.4499999999999997300, -0.04933565243359429300 ) ) ;
#1130 = CARTESIAN_POINT ( 'NONE',  ( 0.2940871379800033000, 0.4489999999999998400, -0.05130432942766111100 ) ) ;
#1131 = CARTESIAN_POINT ( 'NONE',  ( 0.2940871379800033000, 0.4499999999999997900, -0.05130432942766111100 ) ) ;
#1132 = CARTESIAN_POINT ( 'NONE',  ( 0.2957242462790676300, 0.4489999999999997900, -0.05312269121390460900 ) ) ;
#1133 = CARTESIAN_POINT ( 'NONE',  ( 0.2957242462790676300, 0.4499999999999997300, -0.05312269121390460900 ) ) ;
#1134 = CARTESIAN_POINT ( 'NONE',  ( 0.2975077284581282800, 0.4489999999999997300, -0.05474871265572779000 ) ) ;
#1135 = CARTESIAN_POINT ( 'NONE',  ( 0.2975077284581282800, 0.4499999999999996800, -0.05474871265572779000 ) ) ;
#1136 = CARTESIAN_POINT ( 'NONE',  ( 0.2993769572659409900, 0.4489999999999997300, -0.05623003558101570500 ) ) ;
#1137 = CARTESIAN_POINT ( 'NONE',  ( 0.2993769572659409900, 0.4499999999999996800, -0.05623003558101570500 ) ) ;
#1138 = CARTESIAN_POINT ( 'NONE',  ( 0.3013488562485616100, 0.4489999999999999000, -0.05752859191449976500 ) ) ;
#1139 = CARTESIAN_POINT ( 'NONE',  ( 0.3013488562485616100, 0.4499999999999998400, -0.05752859191449976500 ) ) ;
#1140 = CARTESIAN_POINT ( 'NONE',  ( 0.3033672181383673700, 0.4489999999999997900, -0.05867238444637866400 ) ) ;
#1141 = CARTESIAN_POINT ( 'NONE',  ( 0.3033672181383673700, 0.4499999999999997300, -0.05867238444637866400 ) ) ;
#1142 = CARTESIAN_POINT ( 'NONE',  ( 0.3054459354485370400, 0.4489999999999999000, -0.05964952351088165900 ) ) ;
#1143 = CARTESIAN_POINT ( 'NONE',  ( 0.3054459354485370400, 0.4499999999999998400, -0.05964952351088165900 ) ) ;
#1144 = CARTESIAN_POINT ( 'NONE',  ( 0.3075906835313351200, 0.4489999999999997300, -0.06041782167829715800 ) ) ;
#1145 = CARTESIAN_POINT ( 'NONE',  ( 0.3075906835313351200, 0.4499999999999996800, -0.06041782167829715800 ) ) ;
#1146 = CARTESIAN_POINT ( 'NONE',  ( 0.3097821851853261300, 0.4489999999999999500, -0.06105241730037176000 ) ) ;
#1147 = CARTESIAN_POINT ( 'NONE',  ( 0.3097821851853261300, 0.4499999999999999000, -0.06105241730037176000 ) ) ;
#1148 = CARTESIAN_POINT ( 'NONE',  ( 0.3120281013765059400, 0.4489999999999998400, -0.06148638723313092100 ) ) ;
#1149 = CARTESIAN_POINT ( 'NONE',  ( 0.3120281013765059400, 0.4499999999999997900, -0.06148638723313092100 ) ) ;
#1150 = CARTESIAN_POINT ( 'NONE',  ( 0.3143321403461150100, 0.4489999999999997300, -0.06175944176139910900 ) ) ;
#1151 = CARTESIAN_POINT ( 'NONE',  ( 0.3143321403461150100, 0.4499999999999996800, -0.06175944176139910900 ) ) ;
#1152 = CARTESIAN_POINT ( 'NONE',  ( 0.3158873241974907700, 0.4489999999999999000, -0.06178554655397616700 ) ) ;
#1153 = CARTESIAN_POINT ( 'NONE',  ( 0.3158873241974907700, 0.4499999999999998400, -0.06178554655397616700 ) ) ;
#1154 = CARTESIAN_POINT ( 'NONE',  ( 0.3166760350488532800, 0.4489999999999998400, -0.06179878558880789300 ) ) ;
#1155 = CARTESIAN_POINT ( 'NONE',  ( 0.3166760350488532800, 0.4499999999999997900, -0.06179878558880789300 ) ) ;
#1156 = LINE ( 'NONE', #1157, #2166 ) ;
#1157 = CARTESIAN_POINT ( 'NONE',  ( -0.1185002470024288800, 0.4489999999999998400, -0.05923468302470532400 ) ) ;
#1158 = DIRECTION ( 'NONE',  ( -0.0000000000000000000, 1.000000000000000000, -0.0000000000000000000 ) ) ;
#1159 = CARTESIAN_POINT ( 'NONE',  ( 0.1383707465873147100, 0.4499999999999999000, -0.009234683024705323300 ) ) ;
#1160 = LINE ( 'NONE', #1161, #2173 ) ;
#1161 = CARTESIAN_POINT ( 'NONE',  ( -0.2911164328998647700, 0.4489999999999998400, 0.02147445159067929200 ) ) ;
#1162 = DIRECTION ( 'NONE',  ( -0.0000000000000000000, 1.000000000000000000, -0.0000000000000000000 ) ) ;
#1163 = LINE ( 'NONE', #1164, #2169 ) ;
#1164 = CARTESIAN_POINT ( 'NONE',  ( -0.3638127470024289400, 0.4489999999999998400, -0.001542375332397635200 ) ) ;
#1165 = DIRECTION ( 'NONE',  ( -0.0000000000000000000, 1.000000000000000000, -0.0000000000000000000 ) ) ;
#1166 = CARTESIAN_POINT ( 'NONE',  ( 0.1383741593606723200, 0.4499999999999998400, -0.007899005916023793900 ) ) ;
#1167 = CARTESIAN_POINT ( 'NONE',  ( 0.1383807828836269800, 0.4499999999999999000, -0.005306718921762135600 ) ) ;
#1168 = CARTESIAN_POINT ( 'NONE',  ( 0.1385538171858330900, 0.4500000000000000100, -0.001539768608163813100 ) ) ;
#1169 = CARTESIAN_POINT ( 'NONE',  ( 0.1387895381001039200, 0.4499999999999997900, 0.001973669358040673400 ) ) ;
#1170 = CARTESIAN_POINT ( 'NONE',  ( 0.1390935751625365900, 0.4500000000000000100, 0.005238056114187327600 ) ) ;
#1171 = CARTESIAN_POINT ( 'NONE',  ( 0.1395450879775659000, 0.4499999999999998400, 0.008242342185896115900 ) ) ;
#1172 = CARTESIAN_POINT ( 'NONE',  ( 0.1400509962009281500, 0.4499999999999999000, 0.01100719027347140900 ) ) ;
#1173 = CARTESIAN_POINT ( 'NONE',  ( 0.1406666559043345500, 0.4500000000000000100, 0.01351796847672292000 ) ) ;
#1174 = CARTESIAN_POINT ( 'NONE',  ( 0.1413950849862488100, 0.4499999999999999000, 0.01579190592542380900 ) ) ;
#1175 = CARTESIAN_POINT ( 'NONE',  ( 0.1422247734689191200, 0.4499999999999999600, 0.01786759359671951900 ) ) ;
#1176 = CARTESIAN_POINT ( 'NONE',  ( 0.1431306552880637900, 0.4499999999999999000, 0.01979905688607202700 ) ) ;
#1177 = CARTESIAN_POINT ( 'NONE',  ( 0.1441038187996328000, 0.4500000000000000100, 0.02160911221280865900 ) ) ;
#1178 = CARTESIAN_POINT ( 'NONE',  ( 0.1451929373868608400, 0.4499999999999999000, 0.02328150102349785900 ) ) ;
#1179 = CARTESIAN_POINT ( 'NONE',  ( 0.1463790820505465100, 0.4499999999999998400, 0.02482167713986539000 ) ) ;
#1180 = CARTESIAN_POINT ( 'NONE',  ( 0.1476354608830465500, 0.4499999999999999600, 0.02625690092050226100 ) ) ;
#1181 = CARTESIAN_POINT ( 'NONE',  ( 0.1490089632899639900, 0.4499999999999997900, 0.02753681467294793700 ) ) ;
#1182 = CARTESIAN_POINT ( 'NONE',  ( 0.1509090702197701800, 0.4500000000000000700, 0.02907186767378988300 ) ) ;
#1183 = CARTESIAN_POINT ( 'NONE',  ( 0.1534175409176856400, 0.4499999999999996800, 0.03065812863749276000 ) ) ;
#1184 = CARTESIAN_POINT ( 'NONE',  ( 0.1565781253528601700, 0.4499999999999999600, 0.03203944548982509700 ) ) ;
#1185 = CARTESIAN_POINT ( 'NONE',  ( 0.1598257953809030500, 0.4499999999999999600, 0.03290751567360546100 ) ) ;
#1186 = CARTESIAN_POINT ( 'NONE',  ( 0.1620301168119582200, 0.4499999999999999000, 0.03301790870089470200 ) ) ;
#1187 = CARTESIAN_POINT ( 'NONE',  ( 0.1631303619719301200, 0.4499999999999999000, 0.03307300928298698200 ) ) ;
#1188 = CARTESIAN_POINT ( 'NONE',  ( 0.1845846888950070100, 0.4499999999999999000, 0.01590554133426903500 ) ) ;
#1189 = LINE ( 'NONE', #1190, #2187 ) ;
#1190 = CARTESIAN_POINT ( 'NONE',  ( 0.1883707465873147300, 0.4489999999999998400, -0.009234683024705323300 ) ) ;
#1191 = DIRECTION ( 'NONE',  ( -0.0000000000000000000, 1.000000000000000000, -0.0000000000000000000 ) ) ;
#1192 = LINE ( 'NONE', #1193, #2163 ) ;
#1193 = CARTESIAN_POINT ( 'NONE',  ( -0.3638127470024289400, 0.4499999999999999000, -0.001542375332397635200 ) ) ;
#1194 = DIRECTION ( 'NONE',  ( 1.000000000000000000, 0.0000000000000000000, 0.0000000000000000000 ) ) ;
#1195 = LINE ( 'NONE', #1196, #2195 ) ;
#1196 = CARTESIAN_POINT ( 'NONE',  ( -0.3457037726434545300, 0.4489999999999998400, -0.03974349712726943400 ) ) ;
#1197 = DIRECTION ( 'NONE',  ( -0.0000000000000000000, 1.000000000000000000, -0.0000000000000000000 ) ) ;
#1198 = CARTESIAN_POINT ( 'NONE',  ( 0.1848861679748289300, 0.4499999999999999600, 0.01501326306380247100 ) ) ;
#1199 = CARTESIAN_POINT ( 'NONE',  ( 0.1854982997986135700, 0.4500000000000000700, 0.01320155551398927000 ) ) ;
#1200 = CARTESIAN_POINT ( 'NONE',  ( 0.1862872076349202700, 0.4499999999999998400, 0.01039116545454664600 ) ) ;
#1201 = CARTESIAN_POINT ( 'NONE',  ( 0.1869085047550259300, 0.4499999999999999600, 0.007442515056319944600 ) ) ;
#1202 = CARTESIAN_POINT ( 'NONE',  ( 0.1874674580621523700, 0.4499999999999999000, 0.004373226007221584500 ) ) ;
#1203 = CARTESIAN_POINT ( 'NONE',  ( 0.1878489739449341900, 0.4500000000000000100, 0.001160663121193523200 ) ) ;
#1204 = CARTESIAN_POINT ( 'NONE',  ( 0.1881560543244550600, 0.4499999999999997900, -0.002185233562113570500 ) ) ;
#1205 = CARTESIAN_POINT ( 'NONE',  ( 0.1883369310941484500, 0.4500000000000000100, -0.005666986768840615000 ) ) ;
#1206 = CARTESIAN_POINT ( 'NONE',  ( 0.1883593525533292200, 0.4499999999999998400, -0.008032557945847753500 ) ) ;
#1207 = CARTESIAN_POINT ( 'NONE',  ( 0.1883707465873147300, 0.4499999999999999000, -0.009234683024705323300 ) ) ;
#1208 = CARTESIAN_POINT ( 'NONE',  ( -0.2627310162331981700, 0.4489999999999998400, -0.009635324050346356200 ) ) ;
#1209 = CARTESIAN_POINT ( 'NONE',  ( -0.2637831304097425500, 0.4489999999999998400, -0.01038471226804140900 ) ) ;
#1210 = CARTESIAN_POINT ( 'NONE',  ( -0.2657946925977478500, 0.4489999999999999000, -0.01181748547503597500 ) ) ;
#1211 = CARTESIAN_POINT ( 'NONE',  ( -0.2686077949505011300, 0.4489999999999996800, -0.01394389358971085500 ) ) ;
#1212 = CARTESIAN_POINT ( 'NONE',  ( -0.2711233510364986500, 0.4489999999999999000, -0.01588800414805094000 ) ) ;
#1213 = CARTESIAN_POINT ( 'NONE',  ( -0.2733301800800219100, 0.4489999999999999000, -0.01766811877955186800 ) ) ;
#1214 = CARTESIAN_POINT ( 'NONE',  ( -0.2752273114184806100, 0.4489999999999997900, -0.01928447891469128500 ) ) ;
#1215 = CARTESIAN_POINT ( 'NONE',  ( -0.2768296945903134800, 0.4489999999999999000, -0.02072156289018181600 ) ) ;
#1216 = CARTESIAN_POINT ( 'NONE',  ( -0.2780965105073295300, 0.4489999999999998400, -0.02201823605784920500 ) ) ;
#1217 = CARTESIAN_POINT ( 'NONE',  ( -0.2788009556690017000, 0.4489999999999998400, -0.02285941725056801800 ) ) ;
#1218 = CARTESIAN_POINT ( 'NONE',  ( -0.2791172341819160900, 0.4489999999999998400, -0.02323708687085917400 ) ) ;
#1219 = CARTESIAN_POINT ( 'NONE',  ( 0.2691399773565456000, 0.4489999999999998400, -0.03585727917855148500 ) ) ;
#1220 = LINE ( 'NONE', #1221, #2185 ) ;
#1221 = CARTESIAN_POINT ( 'NONE',  ( 0.1383707465873147100, 0.4489999999999998400, -0.009234683024705323300 ) ) ;
#1222 = DIRECTION ( 'NONE',  ( -0.0000000000000000000, 1.000000000000000000, -0.0000000000000000000 ) ) ;
#1223 = CARTESIAN_POINT ( 'NONE',  ( 0.2690989899099028900, 0.4489999999999997900, -0.03477223163978673100 ) ) ;
#1224 = CARTESIAN_POINT ( 'NONE',  ( 0.2690184928943024100, 0.4489999999999998400, -0.03264125994455738300 ) ) ;
#1225 = CARTESIAN_POINT ( 'NONE',  ( 0.2683413517649516100, 0.4490000000000000700, -0.02953478793089758100 ) ) ;
#1226 = CARTESIAN_POINT ( 'NONE',  ( 0.2672009713763522400, 0.4489999999999996800, -0.02662558681857921800 ) ) ;
#1227 = CARTESIAN_POINT ( 'NONE',  ( 0.2656439952911199800, 0.4490000000000000100, -0.02388064532800554500 ) ) ;
#1228 = CARTESIAN_POINT ( 'NONE',  ( 0.2636146956486630800, 0.4489999999999996800, -0.02134974539629911500 ) ) ;
#1229 = CARTESIAN_POINT ( 'NONE',  ( 0.2611401604187562600, 0.4489999999999998400, -0.01900070339940255700 ) ) ;
#1230 = CARTESIAN_POINT ( 'NONE',  ( 0.2582401181828883900, 0.4489999999999999000, -0.01681422258989672200 ) ) ;
#1231 = CARTESIAN_POINT ( 'NONE',  ( 0.2560612357196469500, 0.4489999999999998400, -0.01558032646770230100 ) ) ;
#1232 = CARTESIAN_POINT ( 'NONE',  ( 0.2549372529975711400, 0.4489999999999998400, -0.01494381764008994100 ) ) ;
#1233 = CARTESIAN_POINT ( 'NONE',  ( 0.1631303619719301500, 0.4499999999999999600, -0.05154237533239764600 ) ) ;
#1234 = CARTESIAN_POINT ( 'NONE',  ( 0.1620243450551642200, 0.4499999999999999000, -0.05148433399961897800 ) ) ;
#1235 = CARTESIAN_POINT ( 'NONE',  ( 0.1598102963235897000, 0.4499999999999998400, -0.05136814559664835300 ) ) ;
#1236 = CARTESIAN_POINT ( 'NONE',  ( 0.1565403547599679700, 0.4499999999999999600, -0.05054833835117433800 ) ) ;
#1237 = CARTESIAN_POINT ( 'NONE',  ( 0.1534059447130452200, 0.4499999999999998400, -0.04911939646724261500 ) ) ;
#1238 = CARTESIAN_POINT ( 'NONE',  ( 0.1509132882936493900, 0.4499999999999999000, -0.04754932868253044400 ) ) ;
#1239 = CARTESIAN_POINT ( 'NONE',  ( 0.1490028943934323700, 0.4499999999999999600, -0.04605394835562623400 ) ) ;
#1240 = CARTESIAN_POINT ( 'NONE',  ( 0.1476576745826681200, 0.4500000000000000100, -0.04475719252538435500 ) ) ;
#1241 = CARTESIAN_POINT ( 'NONE',  ( 0.1463963553764481300, 0.4499999999999999000, -0.04333872811495195800 ) ) ;
#1242 = CARTESIAN_POINT ( 'NONE',  ( 0.1452344210868009900, 0.4500000000000000100, -0.04178438769065613600 ) ) ;
#1243 = CARTESIAN_POINT ( 'NONE',  ( 0.1441461558527364400, 0.4499999999999997900, -0.04011394862439533700 ) ) ;
#1244 = CARTESIAN_POINT ( 'NONE',  ( 0.1431466983505733600, 0.4500000000000000100, -0.03831426963224508100 ) ) ;
#1245 = CARTESIAN_POINT ( 'NONE',  ( 0.1422462032169720400, 0.4500000000000000100, -0.03637623065437652800 ) ) ;
#1246 = CARTESIAN_POINT ( 'NONE',  ( 0.1414152164689672400, 0.4499999999999998400, -0.03430147535668898200 ) ) ;
#1247 = CARTESIAN_POINT ( 'NONE',  ( 0.1406845653825037300, 0.4499999999999999000, -0.03202773408710203600 ) ) ;
#1248 = CARTESIAN_POINT ( 'NONE',  ( 0.1400818807187898000, 0.4499999999999999000, -0.02952004855586024300 ) ) ;
#1249 = CARTESIAN_POINT ( 'NONE',  ( 0.1395251077725071000, 0.4499999999999998400, -0.02676399450474064100 ) ) ;
#1250 = CARTESIAN_POINT ( 'NONE',  ( 0.1391309572324911400, 0.4500000000000001200, -0.02374343713487810400 ) ) ;
#1251 = CARTESIAN_POINT ( 'NONE',  ( 0.1387805642107279900, 0.4499999999999998400, -0.02047823275290011300 ) ) ;
#1252 = CARTESIAN_POINT ( 'NONE',  ( 0.1385553828406633800, 0.4499999999999998400, -0.01695602366063334000 ) ) ;
#1253 = CARTESIAN_POINT ( 'NONE',  ( 0.1383802040558284000, 0.4500000000000000100, -0.01318275564913737700 ) ) ;
#1254 = CARTESIAN_POINT ( 'NONE',  ( 0.1383739622168924900, 0.4499999999999999000, -0.01057706540620463800 ) ) ;
#1255 = CARTESIAN_POINT ( 'NONE',  ( 0.1383707465873147100, 0.4499999999999999000, -0.009234683024705323300 ) ) ;
#1256 = CARTESIAN_POINT ( 'NONE',  ( -0.2607077790537109500, 0.4489999999999998400, 0.04332941953939724300 ) ) ;
#1257 = CARTESIAN_POINT ( 'NONE',  ( -0.2614630745674531000, 0.4489999999999998400, 0.04331481435089976800 ) ) ;
#1258 = CARTESIAN_POINT ( 'NONE',  ( -0.2629641534261532600, 0.4489999999999998400, 0.04328578791120563800 ) ) ;
#1259 = CARTESIAN_POINT ( 'NONE',  ( -0.2651844243368153800, 0.4489999999999999000, 0.04302917989914349700 ) ) ;
#1260 = CARTESIAN_POINT ( 'NONE',  ( -0.2673598411710456600, 0.4489999999999997900, 0.04266611979653840700 ) ) ;
#1261 = CARTESIAN_POINT ( 'NONE',  ( -0.2694631063720210300, 0.4490000000000000100, 0.04208971779719728600 ) ) ;
#1262 = CARTESIAN_POINT ( 'NONE',  ( -0.2715213181332136200, 0.4489999999999997900, 0.04139037559599456600 ) ) ;
#1263 = CARTESIAN_POINT ( 'NONE',  ( -0.2735255248339552000, 0.4489999999999998400, 0.04052928037890336800 ) ) ;
#1264 = CARTESIAN_POINT ( 'NONE',  ( -0.2754766978012659900, 0.4489999999999999500, 0.03949736033754987200 ) ) ;
#1265 = CARTESIAN_POINT ( 'NONE',  ( -0.2773857715975046600, 0.4489999999999998400, 0.03831750249101709100 ) ) ;
#1266 = CARTESIAN_POINT ( 'NONE',  ( -0.2792478908713939000, 0.4489999999999998400, 0.03694442407491427300 ) ) ;
#1267 = CARTESIAN_POINT ( 'NONE',  ( -0.2810455899550757300, 0.4489999999999999500, 0.03534518131953753900 ) ) ;
#1268 = CARTESIAN_POINT ( 'NONE',  ( -0.2828378523983124400, 0.4489999999999997900, 0.03356388117692896100 ) ) ;
#1269 = CARTESIAN_POINT ( 'NONE',  ( -0.2845717780075005000, 0.4489999999999998400, 0.03155215079516613500 ) ) ;
#1270 = CARTESIAN_POINT ( 'NONE',  ( -0.2862824392733806000, 0.4489999999999999000, 0.02934249128494413300 ) ) ;
#1271 = CARTESIAN_POINT ( 'NONE',  ( -0.2879361081172803800, 0.4489999999999996200, 0.02691422890216040700 ) ) ;
#1272 = CARTESIAN_POINT ( 'NONE',  ( -0.2895670143366815800, 0.4490000000000000100, 0.02428059022333256900 ) ) ;
#1273 = CARTESIAN_POINT ( 'NONE',  ( -0.2905903134174617800, 0.4489999999999999000, 0.02242730205990916800 ) ) ;
#1274 = CARTESIAN_POINT ( 'NONE',  ( -0.2911164328998647700, 0.4489999999999998400, 0.02147445159067929200 ) ) ;
#1275 = CARTESIAN_POINT ( 'NONE',  ( 0.1883707465873147300, 0.4499999999999999000, -0.009234683024705323300 ) ) ;
#1276 = CARTESIAN_POINT ( 'NONE',  ( 0.1883550268949451500, 0.4499999999999999000, -0.01043661366807796500 ) ) ;
#1277 = CARTESIAN_POINT ( 'NONE',  ( 0.1883242758162154100, 0.4499999999999998400, -0.01278784694752302000 ) ) ;
#1278 = CARTESIAN_POINT ( 'NONE',  ( 0.1882067333104689400, 0.4500000000000001200, -0.01623122353786952600 ) ) ;
#1279 = CARTESIAN_POINT ( 'NONE',  ( 0.1879032026106974300, 0.4499999999999997900, -0.01950173099241671000 ) ) ;
#1280 = CARTESIAN_POINT ( 'NONE',  ( 0.1875660849288544900, 0.4500000000000000100, -0.02261345878282569300 ) ) ;
#1281 = CARTESIAN_POINT ( 'NONE',  ( 0.1870690214690804200, 0.4499999999999998400, -0.02554918171723972300 ) ) ;
#1282 = CARTESIAN_POINT ( 'NONE',  ( 0.1865330841296433700, 0.4500000000000000100, -0.02833347615313446000 ) ) ;
#1283 = CARTESIAN_POINT ( 'NONE',  ( 0.1858130494927798000, 0.4499999999999999600, -0.03093184829083015000 ) ) ;
#1284 = CARTESIAN_POINT ( 'NONE',  ( 0.1850439130649516300, 0.4499999999999999000, -0.03338497919687601800 ) ) ;
#1285 = CARTESIAN_POINT ( 'NONE',  ( 0.1841636160497679400, 0.4500000000000001200, -0.03566499789689876000 ) ) ;
#1286 = CARTESIAN_POINT ( 'NONE',  ( 0.1831945950709801800, 0.4499999999999996200, -0.03778253465009751000 ) ) ;
#1287 = CARTESIAN_POINT ( 'NONE',  ( 0.1821596876775796200, 0.4499999999999999600, -0.03974781250029199600 ) ) ;
#1288 = CARTESIAN_POINT ( 'NONE',  ( 0.1810356236644577500, 0.4499999999999996800, -0.04155543940247803700 ) ) ;
#1289 = CARTESIAN_POINT ( 'NONE',  ( 0.1798357470054499400, 0.4499999999999999600, -0.04321351205708189000 ) ) ;
#1290 = CARTESIAN_POINT ( 'NONE',  ( 0.1785283884569481000, 0.4499999999999999000, -0.04468878618728412700 ) ) ;
#1291 = CARTESIAN_POINT ( 'NONE',  ( 0.1771654063766381100, 0.4499999999999999600, -0.04602698527609960100 ) ) ;
#1292 = CARTESIAN_POINT ( 'NONE',  ( 0.1752563439245337400, 0.4499999999999998400, -0.04755448725100262800 ) ) ;
#1293 = CARTESIAN_POINT ( 'NONE',  ( 0.1727570785016653300, 0.4499999999999999000, -0.04911196426480707300 ) ) ;
#1294 = CARTESIAN_POINT ( 'NONE',  ( 0.1696472028633100300, 0.4500000000000000700, -0.05054527168938822300 ) ) ;
#1295 = CARTESIAN_POINT ( 'NONE',  ( 0.1664108987418489200, 0.4499999999999999600, -0.05136836576427125700 ) ) ;
#1296 = CARTESIAN_POINT ( 'NONE',  ( 0.1642230857677909100, 0.4499999999999999000, -0.05148441396536078400 ) ) ;
#1297 = CARTESIAN_POINT ( 'NONE',  ( 0.1631303619719301500, 0.4499999999999999600, -0.05154237533239764600 ) ) ;
#1298 = CARTESIAN_POINT ( 'NONE',  ( 0.3960630542796224600, 0.4489999999999998400, 0.03307300928298698200 ) ) ;
#1299 = CARTESIAN_POINT ( 'NONE',  ( 0.3960630542796224600, 0.4499999999999999000, 0.03307300928298698200 ) ) ;
#1300 = CARTESIAN_POINT ( 'NONE',  ( 0.3968049256657975600, 0.4489999999999999000, 0.03305103495744999400 ) ) ;
#1301 = CARTESIAN_POINT ( 'NONE',  ( 0.3968049256657975600, 0.4499999999999999600, 0.03305103495744999400 ) ) ;
#1302 = CARTESIAN_POINT ( 'NONE',  ( 0.3982598357971713400, 0.4490000000000000100, 0.03300794033289694600 ) ) ;
#1303 = CARTESIAN_POINT ( 'NONE',  ( 0.3982598357971713400, 0.4500000000000000700, 0.03300794033289694600 ) ) ;
#1304 = CARTESIAN_POINT ( 'NONE',  ( 0.4004076489466125200, 0.4489999999999997900, 0.03274852122318038000 ) ) ;
#1305 = CARTESIAN_POINT ( 'NONE',  ( 0.4004076489466125200, 0.4499999999999998400, 0.03274852122318038000 ) ) ;
#1306 = CARTESIAN_POINT ( 'NONE',  ( 0.4024670294790363400, 0.4489999999999999500, 0.03228953128225880300 ) ) ;
#1307 = CARTESIAN_POINT ( 'NONE',  ( 0.4024670294790363400, 0.4500000000000000100, 0.03228953128225880300 ) ) ;
#1308 = CARTESIAN_POINT ( 'NONE',  ( 0.4044397868674601800, 0.4489999999999998400, 0.03163773784610578900 ) ) ;
#1309 = CARTESIAN_POINT ( 'NONE',  ( 0.4044397868674601800, 0.4499999999999999000, 0.03163773784610578900 ) ) ;
#1310 = CARTESIAN_POINT ( 'NONE',  ( 0.4063409706121994800, 0.4489999999999998400, 0.03084192042930146800 ) ) ;
#1311 = CARTESIAN_POINT ( 'NONE',  ( 0.4063409706121994800, 0.4499999999999999000, 0.03084192042930146800 ) ) ;
#1312 = CARTESIAN_POINT ( 'NONE',  ( 0.4081439626553489100, 0.4489999999999997900, 0.02983529415103711500 ) ) ;
#1313 = CARTESIAN_POINT ( 'NONE',  ( 0.4081439626553489100, 0.4499999999999998400, 0.02983529415103711500 ) ) ;
#1314 = CARTESIAN_POINT ( 'NONE',  ( 0.4098590510423579200, 0.4489999999999998400, 0.02863654792956926400 ) ) ;
#1315 = CARTESIAN_POINT ( 'NONE',  ( 0.4098590510423579200, 0.4499999999999999000, 0.02863654792956926400 ) ) ;
#1316 = CARTESIAN_POINT ( 'NONE',  ( 0.4114807824579942400, 0.4489999999999998400, 0.02729024998027537400 ) ) ;
#1317 = CARTESIAN_POINT ( 'NONE',  ( 0.4114807824579942400, 0.4499999999999999000, 0.02729024998027537400 ) ) ;
#1318 = CARTESIAN_POINT ( 'NONE',  ( 0.4129846092676836600, 0.4489999999999999500, 0.02582245421020789400 ) ) ;
#1319 = CARTESIAN_POINT ( 'NONE',  ( 0.4129846092676836600, 0.4500000000000000100, 0.02582245421020789400 ) ) ;
#1320 = CARTESIAN_POINT ( 'NONE',  ( 0.4142782458068858300, 0.4489999999999997900, 0.02424446214086929700 ) ) ;
#1321 = CARTESIAN_POINT ( 'NONE',  ( 0.4142782458068858300, 0.4499999999999998400, 0.02424446214086929700 ) ) ;
#1322 = CARTESIAN_POINT ( 'NONE',  ( 0.4153834810423464600, 0.4489999999999997900, 0.02259606513152039000 ) ) ;
#1323 = CARTESIAN_POINT ( 'NONE',  ( 0.4153834810423464600, 0.4499999999999998400, 0.02259606513152039000 ) ) ;
#1324 = CARTESIAN_POINT ( 'NONE',  ( 0.4162816006728572400, 0.4489999999999999000, 0.02087612542062691400 ) ) ;
#1325 = CARTESIAN_POINT ( 'NONE',  ( 0.4162816006728572400, 0.4499999999999999600, 0.02087612542062691400 ) ) ;
#1326 = CARTESIAN_POINT ( 'NONE',  ( 0.4169976375676434600, 0.4489999999999998400, 0.01907242577390028500 ) ) ;
#1327 = CARTESIAN_POINT ( 'NONE',  ( 0.4169976375676434600, 0.4499999999999999000, 0.01907242577390028500 ) ) ;
#1328 = CARTESIAN_POINT ( 'NONE',  ( 0.4174868223445275000, 0.4490000000000000100, 0.01719480509050247800 ) ) ;
#1329 = CARTESIAN_POINT ( 'NONE',  ( 0.4174868223445275000, 0.4500000000000000700, 0.01719480509050247800 ) ) ;
#1330 = CARTESIAN_POINT ( 'NONE',  ( 0.4178048020280741300, 0.4489999999999998400, 0.01524189006293534000 ) ) ;
#1331 = CARTESIAN_POINT ( 'NONE',  ( 0.4178048020280741300, 0.4499999999999999000, 0.01524189006293534000 ) ) ;
#1332 = CARTESIAN_POINT ( 'NONE',  ( 0.4178399839206636300, 0.4489999999999999000, 0.01391696650421673000 ) ) ;
#1333 = CARTESIAN_POINT ( 'NONE',  ( 0.4178399839206636300, 0.4499999999999999600, 0.01391696650421673000 ) ) ;
#1334 = CARTESIAN_POINT ( 'NONE',  ( 0.4178579260744942300, 0.4489999999999998400, 0.01324127851375621300 ) ) ;
#1335 = CARTESIAN_POINT ( 'NONE',  ( 0.4178579260744942300, 0.4499999999999999000, 0.01324127851375621300 ) ) ;
#1336 = LINE ( 'NONE', #1337, #2161 ) ;
#1337 = CARTESIAN_POINT ( 'NONE',  ( -0.2847061764896083900, 0.4489999999999998400, -0.03846144584521814900 ) ) ;
#1338 = DIRECTION ( 'NONE',  ( -0.0000000000000000000, 1.000000000000000000, -0.0000000000000000000 ) ) ;
#1339 = CARTESIAN_POINT ( 'NONE',  ( -0.2847061764896083900, 0.4489999999999998400, -0.03846144584521814900 ) ) ;
#1340 = CARTESIAN_POINT ( 'NONE',  ( -0.2846688848040835900, 0.4489999999999999000, -0.03951943940420967600 ) ) ;
#1341 = CARTESIAN_POINT ( 'NONE',  ( -0.2845950985165909800, 0.4489999999999998400, -0.04161281265378180500 ) ) ;
#1342 = CARTESIAN_POINT ( 'NONE',  ( -0.2839710837374362400, 0.4490000000000000100, -0.04467083638069905400 ) ) ;
#1343 = CARTESIAN_POINT ( 'NONE',  ( -0.2829861439187365000, 0.4489999999999997900, -0.04759044830120084300 ) ) ;
#1344 = CARTESIAN_POINT ( 'NONE',  ( -0.2816062899798343300, 0.4489999999999997900, -0.05034274355047845700 ) ) ;
#1345 = CARTESIAN_POINT ( 'NONE',  ( -0.2798275084678847300, 0.4489999999999997900, -0.05285605729014162400 ) ) ;
#1346 = CARTESIAN_POINT ( 'NONE',  ( -0.2777690520574498400, 0.4489999999999997900, -0.05515929977534259100 ) ) ;
#1347 = CARTESIAN_POINT ( 'NONE',  ( -0.2753172953078081900, 0.4489999999999999000, -0.05709554498165347900 ) ) ;
#1348 = CARTESIAN_POINT ( 'NONE',  ( -0.2726272203574250400, 0.4489999999999997900, -0.05878731807848838800 ) ) ;
#1349 = CARTESIAN_POINT ( 'NONE',  ( -0.2696827525836340600, 0.4489999999999997900, -0.06011148737011869100 ) ) ;
#1350 = CARTESIAN_POINT ( 'NONE',  ( -0.2665972982008446000, 0.4489999999999997900, -0.06111037251756141300 ) ) ;
#1351 = CARTESIAN_POINT ( 'NONE',  ( -0.2633659532858393400, 0.4489999999999999000, -0.06167635130873157200 ) ) ;
#1352 = CARTESIAN_POINT ( 'NONE',  ( -0.2611772922965987500, 0.4489999999999999000, -0.06175757316337861200 ) ) ;
#1353 = CARTESIAN_POINT ( 'NONE',  ( -0.2600667534126853100, 0.4489999999999998400, -0.06179878558880789300 ) ) ;
#1354 = CARTESIAN_POINT ( 'NONE',  ( -0.2411164328998647900, 0.4489999999999998400, 0.01612589389837159800 ) ) ;
#1355 = LINE ( 'NONE', #1356, #2180 ) ;
#1356 = CARTESIAN_POINT ( 'NONE',  ( -0.2447021700793519900, 0.4489999999999998400, 0.006310188770166469200 ) ) ;
#1357 = DIRECTION ( 'NONE',  ( -0.0000000000000000000, 1.000000000000000000, -0.0000000000000000000 ) ) ;
#1358 = CARTESIAN_POINT ( 'NONE',  ( -0.2411585560627019000, 0.4489999999999998400, 0.01529329819244405900 ) ) ;
#1359 = CARTESIAN_POINT ( 'NONE',  ( -0.2412441862973593300, 0.4489999999999998400, 0.01360075278816822100 ) ) ;
#1360 = CARTESIAN_POINT ( 'NONE',  ( -0.2419679428708585700, 0.4490000000000000100, 0.01110361984662663700 ) ) ;
#1361 = CARTESIAN_POINT ( 'NONE',  ( -0.2431064927806709500, 0.4489999999999995700, 0.008632403560219187300 ) ) ;
#1362 = CARTESIAN_POINT ( 'NONE',  ( -0.2441568540293845300, 0.4489999999999997300, 0.007103795972283171900 ) ) ;
#1363 = CARTESIAN_POINT ( 'NONE',  ( -0.2447021700793519900, 0.4489999999999998400, 0.006310188770166469200 ) ) ;
#1364 = CARTESIAN_POINT ( 'NONE',  ( -0.2826629072588391900, 0.4489999999999998400, 0.01640634261632031500 ) ) ;
#1365 = LINE ( 'NONE', #1366, #2226 ) ;
#1366 = CARTESIAN_POINT ( 'NONE',  ( -0.2411164328998647900, 0.4489999999999998400, 0.01612589389837159800 ) ) ;
#1367 = DIRECTION ( 'NONE',  ( -0.0000000000000000000, 1.000000000000000000, -0.0000000000000000000 ) ) ;
#1368 = CARTESIAN_POINT ( 'NONE',  ( -0.2818766719088239800, 0.4489999999999998400, 0.01772246790052340100 ) ) ;
#1369 = CARTESIAN_POINT ( 'NONE',  ( -0.2803702753194451900, 0.4489999999999999000, 0.02024411315506496500 ) ) ;
#1370 = CARTESIAN_POINT ( 'NONE',  ( -0.2778573793436595600, 0.4489999999999997300, 0.02365148573874428800 ) ) ;
#1371 = CARTESIAN_POINT ( 'NONE',  ( -0.2752535818817763400, 0.4489999999999999000, 0.02654754736042989200 ) ) ;
#1372 = CARTESIAN_POINT ( 'NONE',  ( -0.2725396009232208800, 0.4489999999999999500, 0.02891545043299645300 ) ) ;
#1373 = CARTESIAN_POINT ( 'NONE',  ( -0.2697320024054386500, 0.4489999999999998400, 0.03077970434007128500 ) ) ;
#1374 = CARTESIAN_POINT ( 'NONE',  ( -0.2668124580129616100, 0.4490000000000000100, 0.03209976810345833300 ) ) ;
#1375 = CARTESIAN_POINT ( 'NONE',  ( -0.2637908062783490000, 0.4489999999999999000, 0.03292308168549668000 ) ) ;
#1376 = CARTESIAN_POINT ( 'NONE',  ( -0.2617344113789368300, 0.4489999999999997900, 0.03302308415848696800 ) ) ;
#1377 = CARTESIAN_POINT ( 'NONE',  ( -0.2607077790537109500, 0.4489999999999998400, 0.03307300928298698200 ) ) ;
#1378 = CARTESIAN_POINT ( 'NONE',  ( 0.2401535991514172900, 0.4489999999999998400, 0.04332941953939724300 ) ) ;
#1379 = CARTESIAN_POINT ( 'NONE',  ( 0.2401535991514172900, 0.4499999999999997300, 0.04332941953939724300 ) ) ;
#1380 = CARTESIAN_POINT ( 'NONE',  ( 0.2388103594766725600, 0.4489999999999999000, 0.04329649159783616900 ) ) ;
#1381 = CARTESIAN_POINT ( 'NONE',  ( 0.2388103594766725600, 0.4499999999999997900, 0.04329649159783616900 ) ) ;
#1382 = CARTESIAN_POINT ( 'NONE',  ( 0.2361965515056420900, 0.4489999999999999500, 0.04323241716812700800 ) ) ;
#1383 = CARTESIAN_POINT ( 'NONE',  ( 0.2361965515056420900, 0.4499999999999998400, 0.04323241716812700800 ) ) ;
#1384 = CARTESIAN_POINT ( 'NONE',  ( 0.2323920407187623500, 0.4489999999999996800, 0.04279829055163009800 ) ) ;
#1385 = CARTESIAN_POINT ( 'NONE',  ( 0.2323920407187623500, 0.4499999999999995700, 0.04279829055163009800 ) ) ;
#1386 = CARTESIAN_POINT ( 'NONE',  ( 0.2288456672946128400, 0.4489999999999999000, 0.04203749436082307400 ) ) ;
#1387 = CARTESIAN_POINT ( 'NONE',  ( 0.2288456672946128400, 0.4499999999999997900, 0.04203749436082307400 ) ) ;
#1388 = CARTESIAN_POINT ( 'NONE',  ( 0.2255368110575073900, 0.4489999999999998400, 0.04099621980876481200 ) ) ;
#1389 = CARTESIAN_POINT ( 'NONE',  ( 0.2255368110575073900, 0.4499999999999997300, 0.04099621980876481200 ) ) ;
#1390 = CARTESIAN_POINT ( 'NONE',  ( 0.2224854198192388900, 0.4489999999999999000, 0.03964164185687334100 ) ) ;
#1391 = CARTESIAN_POINT ( 'NONE',  ( 0.2224854198192388900, 0.4499999999999997900, 0.03964164185687334100 ) ) ;
#1392 = CARTESIAN_POINT ( 'NONE',  ( 0.2197001883571575400, 0.4489999999999999000, 0.03795568732123266000 ) ) ;
#1393 = CARTESIAN_POINT ( 'NONE',  ( 0.2197001883571575400, 0.4499999999999997900, 0.03795568732123266000 ) ) ;
#1394 = CARTESIAN_POINT ( 'NONE',  ( 0.2171409320070483200, 0.4489999999999999000, 0.03600621754520092600 ) ) ;
#1395 = CARTESIAN_POINT ( 'NONE',  ( 0.2171409320070483200, 0.4499999999999997900, 0.03600621754520092600 ) ) ;
#1396 = CARTESIAN_POINT ( 'NONE',  ( 0.2148853184765838500, 0.4489999999999997900, 0.03373724388231176500 ) ) ;
#1397 = CARTESIAN_POINT ( 'NONE',  ( 0.2148853184765838500, 0.4499999999999996800, 0.03373724388231176500 ) ) ;
#1398 = CARTESIAN_POINT ( 'NONE',  ( 0.2128827915092599800, 0.4489999999999999000, 0.03130701895881164000 ) ) ;
#1399 = CARTESIAN_POINT ( 'NONE',  ( 0.2128827915092599800, 0.4499999999999997900, 0.03130701895881164000 ) ) ;
#1400 = CARTESIAN_POINT ( 'NONE',  ( 0.2114476696642378600, 0.4499999999999999600, -0.03613772789650020900 ) ) ;
#1401 = LINE ( 'NONE', #1402, #9044 ) ;
#1402 = CARTESIAN_POINT ( 'NONE',  ( 0.05760151581808394700, 0.4499999999999999000, -0.01820904199906430200 ) ) ;
#1403 = DIRECTION ( 'NONE',  ( 0.0000000000000000000, 0.0000000000000000000, -1.000000000000000000 ) ) ;
#1404 = CARTESIAN_POINT ( 'NONE',  ( 0.2114943960670318500, 0.4499999999999997900, -0.03720337242168993100 ) ) ;
#1405 = CARTESIAN_POINT ( 'NONE',  ( 0.2115883242855546000, 0.4499999999999997900, -0.03934550376166635900 ) ) ;
#1406 = CARTESIAN_POINT ( 'NONE',  ( 0.2123478477308486400, 0.4499999999999999600, -0.04253425014225546700 ) ) ;
#1407 = CARTESIAN_POINT ( 'NONE',  ( 0.2135855639169366400, 0.4499999999999997900, -0.04566615200009019300 ) ) ;
#1408 = CARTESIAN_POINT ( 'NONE',  ( 0.2152690209744565800, 0.4499999999999999600, -0.04872602950924730100 ) ) ;
#1409 = CARTESIAN_POINT ( 'NONE',  ( 0.2173657985786374400, 0.4499999999999998400, -0.05161032135673702300 ) ) ;
#1410 = CARTESIAN_POINT ( 'NONE',  ( 0.2198814141738066900, 0.4500000000000000100, -0.05419720553631023100 ) ) ;
#1411 = CARTESIAN_POINT ( 'NONE',  ( 0.2227557940829704200, 0.4499999999999997900, -0.05646324789302650800 ) ) ;
#1412 = CARTESIAN_POINT ( 'NONE',  ( 0.2259745902830697400, 0.4499999999999999600, -0.05836542425726771300 ) ) ;
#1413 = CARTESIAN_POINT ( 'NONE',  ( 0.2294384827326034200, 0.4499999999999999600, -0.05991352879405255300 ) ) ;
#1414 = CARTESIAN_POINT ( 'NONE',  ( 0.2330932177007007700, 0.4500000000000000100, -0.06098148373172993000 ) ) ;
#1415 = CARTESIAN_POINT ( 'NONE',  ( 0.2368751175052256400, 0.4499999999999998400, -0.06167965849480033100 ) ) ;
#1416 = CARTESIAN_POINT ( 'NONE',  ( 0.2394493380580416100, 0.4499999999999999000, -0.06175870577019402400 ) ) ;
#1417 = CARTESIAN_POINT ( 'NONE',  ( 0.2407545606898789100, 0.4499999999999999600, -0.06179878558880790700 ) ) ;
#1418 = CARTESIAN_POINT ( 'NONE',  ( 0.3169765158180839500, 0.4499999999999997900, 0.03307300928298698200 ) ) ;
#1419 = LINE ( 'NONE', #1420, #9043 ) ;
#1420 = CARTESIAN_POINT ( 'NONE',  ( 0.0000000000000000000, 0.4249999999999998800, -0.8000000000000000400 ) ) ;
#1421 = DIRECTION ( 'NONE',  ( 1.000000000000000000, -0.0000000000000000000, 0.0000000000000000000 ) ) ;
#1422 = LINE ( 'NONE', #1423, #9060 ) ;
#1423 = CARTESIAN_POINT ( 'NONE',  ( 0.006319464536032651800, 0.4499999999999999000, -0.05923468302470532400 ) ) ;
#1424 = DIRECTION ( 'NONE',  ( 0.0000000000000000000, 0.0000000000000000000, 1.000000000000000000 ) ) ;
#1425 = LINE ( 'NONE', #1426, #9045 ) ;
#1426 = CARTESIAN_POINT ( 'NONE',  ( 0.9750000000000000900, 0.0000000000000000000, -0.8000000000000000400 ) ) ;
#1427 = DIRECTION ( 'NONE',  ( -0.0000000000000000000, -1.000000000000000000, -0.0000000000000000000 ) ) ;
#1428 = CARTESIAN_POINT ( 'NONE',  ( 0.3180838778653909400, 0.4499999999999998400, 0.03302735840265699100 ) ) ;
#1429 = CARTESIAN_POINT ( 'NONE',  ( 0.3202963156706682400, 0.4499999999999997300, 0.03293615089402701600 ) ) ;
#1430 = CARTESIAN_POINT ( 'NONE',  ( 0.3235287098176494700, 0.4499999999999999000, 0.03205618696904918200 ) ) ;
#1431 = CARTESIAN_POINT ( 'NONE',  ( 0.3266667175342856100, 0.4499999999999999600, 0.03072848584151553800 ) ) ;
#1432 = CARTESIAN_POINT ( 'NONE',  ( 0.3291259158279679600, 0.4499999999999998400, 0.02915855711525087300 ) ) ;
#1433 = CARTESIAN_POINT ( 'NONE',  ( 0.3309968456422947600, 0.4499999999999999000, 0.02766346198807169800 ) ) ;
#1434 = CARTESIAN_POINT ( 'NONE',  ( 0.3323373310738924100, 0.4500000000000000700, 0.02638875775055991500 ) ) ;
#1435 = CARTESIAN_POINT ( 'NONE',  ( 0.3335676753148421600, 0.4499999999999997300, 0.02496144725609081300 ) ) ;
#1436 = CARTESIAN_POINT ( 'NONE',  ( 0.3347345917392596800, 0.4499999999999999000, 0.02342146737280756700 ) ) ;
#1437 = CARTESIAN_POINT ( 'NONE',  ( 0.3358048510442566700, 0.4500000000000000700, 0.02173939639641378500 ) ) ;
#1438 = CARTESIAN_POINT ( 'NONE',  ( 0.3367780835498338000, 0.4499999999999997900, 0.01992332281738485400 ) ) ;
#1439 = CARTESIAN_POINT ( 'NONE',  ( 0.3376661791939812900, 0.4499999999999999000, 0.01796820344846504800 ) ) ;
#1440 = CARTESIAN_POINT ( 'NONE',  ( 0.3381721519354172200, 0.4499999999999999000, 0.01660335375944137200 ) ) ;
#1441 = CARTESIAN_POINT ( 'NONE',  ( 0.3384308427411609800, 0.4499999999999999000, 0.01590554133426903500 ) ) ;
#1442 = CARTESIAN_POINT ( 'NONE',  ( 0.2152938235103917000, 0.4499999999999999000, 0.01276050928298698400 ) ) ;
#1443 = LINE ( 'NONE', #1444, #9042 ) ;
#1444 = CARTESIAN_POINT ( 'NONE',  ( 0.3384308427411609800, 0.4489999999999998400, 0.01590554133426903500 ) ) ;
#1445 = DIRECTION ( 'NONE',  ( -0.0000000000000000000, 1.000000000000000000, -0.0000000000000000000 ) ) ;
#1446 = CARTESIAN_POINT ( 'NONE',  ( 0.2153327737612774100, 0.4499999999999999600, 0.01365853517283158000 ) ) ;
#1447 = CARTESIAN_POINT ( 'NONE',  ( 0.2154100501488642700, 0.4499999999999999600, 0.01544019755365685200 ) ) ;
#1448 = CARTESIAN_POINT ( 'NONE',  ( 0.2160230969714190000, 0.4499999999999999000, 0.01807342816177032500 ) ) ;
#1449 = CARTESIAN_POINT ( 'NONE',  ( 0.2170069694144595400, 0.4499999999999999000, 0.02062260115691561700 ) ) ;
#1450 = CARTESIAN_POINT ( 'NONE',  ( 0.2183791184419513200, 0.4500000000000000700, 0.02306694266386121600 ) ) ;
#1451 = CARTESIAN_POINT ( 'NONE',  ( 0.2200781919431046800, 0.4499999999999998400, 0.02535123141582404700 ) ) ;
#1452 = CARTESIAN_POINT ( 'NONE',  ( 0.2221675195996391800, 0.4499999999999999600, 0.02734233929005511200 ) ) ;
#1453 = CARTESIAN_POINT ( 'NONE',  ( 0.2245172578210693800, 0.4499999999999999000, 0.02911152439186396100 ) ) ;
#1454 = CARTESIAN_POINT ( 'NONE',  ( 0.2272069107932919400, 0.4499999999999998400, 0.03054239677540417100 ) ) ;
#1455 = CARTESIAN_POINT ( 'NONE',  ( 0.2301448669663539700, 0.4499999999999999600, 0.03168510692060567300 ) ) ;
#1456 = CARTESIAN_POINT ( 'NONE',  ( 0.2333303449354174900, 0.4499999999999999000, 0.03247242014012058400 ) ) ;
#1457 = CARTESIAN_POINT ( 'NONE',  ( 0.2367176283267897500, 0.4499999999999999000, 0.03299360442282385500 ) ) ;
#1458 = CARTESIAN_POINT ( 'NONE',  ( 0.2390564738199229300, 0.4499999999999999600, 0.03304612388408514900 ) ) ;
#1459 = CARTESIAN_POINT ( 'NONE',  ( 0.2402537594078276200, 0.4499999999999999600, 0.03307300928298698800 ) ) ;
#1460 = CARTESIAN_POINT ( 'NONE',  ( 0.2832425414591096000, 0.4499999999999999000, -0.009194618922141226100 ) ) ;
#1461 = CARTESIAN_POINT ( 'NONE',  ( 0.2832519134064656600, 0.4499999999999999000, -0.01079740142883406000 ) ) ;
#1462 = CARTESIAN_POINT ( 'NONE',  ( 0.2832701185492898500, 0.4499999999999997900, -0.01391082955019024000 ) ) ;
#1463 = CARTESIAN_POINT ( 'NONE',  ( 0.2834726448619252500, 0.4499999999999999000, -0.01844753360924168000 ) ) ;
#1464 = CARTESIAN_POINT ( 'NONE',  ( 0.2838090832137305500, 0.4500000000000000100, -0.02270354186624670400 ) ) ;
#1465 = CARTESIAN_POINT ( 'NONE',  ( 0.2842701510094524700, 0.4499999999999999600, -0.02667905803877320900 ) ) ;
#1466 = CARTESIAN_POINT ( 'NONE',  ( 0.2848312361586981000, 0.4499999999999999600, -0.03037510845356489500 ) ) ;
#1467 = CARTESIAN_POINT ( 'NONE',  ( 0.2855802500615927100, 0.4499999999999999000, -0.03378181580031635500 ) ) ;
#1468 = CARTESIAN_POINT ( 'NONE',  ( 0.2864320444220202500, 0.4499999999999998400, -0.03691494741783235600 ) ) ;
#1469 = CARTESIAN_POINT ( 'NONE',  ( 0.2874192571594632600, 0.4499999999999997900, -0.03978472023143293100 ) ) ;
#1470 = CARTESIAN_POINT ( 'NONE',  ( 0.2885331939885587600, 0.4500000000000000700, -0.04242979746063756100 ) ) ;
#1471 = CARTESIAN_POINT ( 'NONE',  ( 0.2897456014377606800, 0.4499999999999999000, -0.04489908892617368300 ) ) ;
#1472 = CARTESIAN_POINT ( 'NONE',  ( 0.2911045955641485300, 0.4499999999999999000, -0.04718885842159581400 ) ) ;
#1473 = CARTESIAN_POINT ( 'NONE',  ( 0.2925325073620658200, 0.4499999999999998400, -0.04933565243359429300 ) ) ;
#1474 = CARTESIAN_POINT ( 'NONE',  ( 0.2940871379800033000, 0.4499999999999999000, -0.05130432942766111100 ) ) ;
#1475 = CARTESIAN_POINT ( 'NONE',  ( 0.2957242462790676300, 0.4499999999999998400, -0.05312269121390460900 ) ) ;
#1476 = CARTESIAN_POINT ( 'NONE',  ( 0.2975077284581282800, 0.4499999999999997900, -0.05474871265572779000 ) ) ;
#1477 = CARTESIAN_POINT ( 'NONE',  ( 0.2993769572659409900, 0.4499999999999997900, -0.05623003558101570500 ) ) ;
#1478 = CARTESIAN_POINT ( 'NONE',  ( 0.3013488562485616100, 0.4499999999999999600, -0.05752859191449976500 ) ) ;
#1479 = CARTESIAN_POINT ( 'NONE',  ( 0.3033672181383673700, 0.4499999999999998400, -0.05867238444637866400 ) ) ;
#1480 = CARTESIAN_POINT ( 'NONE',  ( 0.3054459354485370400, 0.4499999999999999600, -0.05964952351088165900 ) ) ;
#1481 = CARTESIAN_POINT ( 'NONE',  ( 0.3075906835313351200, 0.4499999999999997900, -0.06041782167829715800 ) ) ;
#1482 = CARTESIAN_POINT ( 'NONE',  ( 0.3097821851853261300, 0.4500000000000000100, -0.06105241730037176000 ) ) ;
#1483 = CARTESIAN_POINT ( 'NONE',  ( 0.3120281013765059400, 0.4499999999999999000, -0.06148638723313092100 ) ) ;
#1484 = CARTESIAN_POINT ( 'NONE',  ( 0.3143321403461150100, 0.4499999999999997900, -0.06175944176139910900 ) ) ;
#1485 = CARTESIAN_POINT ( 'NONE',  ( 0.3158873241974907700, 0.4499999999999999600, -0.06178554655397616700 ) ) ;
#1486 = CARTESIAN_POINT ( 'NONE',  ( 0.3166760350488532800, 0.4499999999999999000, -0.06179878558880789300 ) ) ;
#1487 = CARTESIAN_POINT ( 'NONE',  ( 0.4178579260744942300, 0.4489999999999998400, 0.01324127851375621300 ) ) ;
#1488 = CARTESIAN_POINT ( 'NONE',  ( 0.4178422034174944000, 0.4489999999999997900, 0.01255857705897736600 ) ) ;
#1489 = CARTESIAN_POINT ( 'NONE',  ( 0.4178113449550891500, 0.4489999999999998400, 0.01121865612979959500 ) ) ;
#1490 = CARTESIAN_POINT ( 'NONE',  ( 0.4174623178527572300, 0.4489999999999999000, 0.009256152751627208500 ) ) ;
#1491 = CARTESIAN_POINT ( 'NONE',  ( 0.4169782500281804000, 0.4489999999999997300, 0.007361146859580466500 ) ) ;
#1492 = CARTESIAN_POINT ( 'NONE',  ( 0.4162473062936166700, 0.4489999999999999000, 0.005545548315772451600 ) ) ;
#1493 = CARTESIAN_POINT ( 'NONE',  ( 0.4152976907296049800, 0.4489999999999998400, 0.003816521823183006400 ) ) ;
#1494 = CARTESIAN_POINT ( 'NONE',  ( 0.4141410219572984600, 0.4490000000000000700, 0.002165333225568894000 ) ) ;
#1495 = CARTESIAN_POINT ( 'NONE',  ( 0.4128029485198569900, 0.4489999999999996800, 0.0005793233026158234300 ) ) ;
#1496 = CARTESIAN_POINT ( 'NONE',  ( 0.4112573045314793500, 0.4489999999999999000, -0.0008938997938153210700 ) ) ;
#1497 = CARTESIAN_POINT ( 'NONE',  ( 0.4095747264185931600, 0.4489999999999998400, -0.002240959163448925700 ) ) ;
#1498 = CARTESIAN_POINT ( 'NONE',  ( 0.4077857096936528000, 0.4489999999999998400, -0.003430089346249918400 ) ) ;
#1499 = CARTESIAN_POINT ( 'NONE',  ( 0.4059140533022685400, 0.4489999999999999500, -0.004433660108259338000 ) ) ;
#1500 = CARTESIAN_POINT ( 'NONE',  ( 0.4039616549467475200, 0.4489999999999997300, -0.005271005887307301900 ) ) ;
#1501 = CARTESIAN_POINT ( 'NONE',  ( 0.4019061440138957900, 0.4489999999999997900, -0.005875276576781011400 ) ) ;
#1502 = CARTESIAN_POINT ( 'NONE',  ( 0.3997807057514430900, 0.4489999999999999500, -0.006351083521590249700 ) ) ;
#1503 = CARTESIAN_POINT ( 'NONE',  ( 0.3975581559616112000, 0.4489999999999997900, -0.006604284028042467800 ) ) ;
#1504 = CARTESIAN_POINT ( 'NONE',  ( 0.3960502528668791700, 0.4489999999999998400, -0.006648200175366429700 ) ) ;
#1505 = CARTESIAN_POINT ( 'NONE',  ( 0.3952818042796224500, 0.4489999999999998400, -0.006670580460602763100 ) ) ;
#1506 = CARTESIAN_POINT ( 'NONE',  ( 0.3955822850488532300, 0.4489999999999998400, 0.04332941953939724300 ) ) ;
#1507 = LINE ( 'NONE', #1508, #9058 ) ;
#1508 = CARTESIAN_POINT ( 'NONE',  ( 0.05760151581808394700, 0.4499999999999999000, 0.04076531697529468100 ) ) ;
#1509 = DIRECTION ( 'NONE',  ( 0.0000000000000000000, 0.0000000000000000000, -1.000000000000000000 ) ) ;
#1510 = LINE ( 'NONE', #1511, #9038 ) ;
#1511 = CARTESIAN_POINT ( 'NONE',  ( -1.000000000000000000, -0.4500000000000000100, -0.7750000000000000200 ) ) ;
#1512 = DIRECTION ( 'NONE',  ( 1.000000000000000000, 5.421010862427522200E-017, 0.0000000000000000000 ) ) ;
#1513 = LINE ( 'NONE', #1514, #9035 ) ;
#1514 = CARTESIAN_POINT ( 'NONE',  ( 0.3169765158180839500, 0.4489999999999998400, -0.05154237533239763900 ) ) ;
#1515 = DIRECTION ( 'NONE',  ( -0.0000000000000000000, 1.000000000000000000, -0.0000000000000000000 ) ) ;
#1516 = LINE ( 'NONE', #1517, #9057 ) ;
#1517 = CARTESIAN_POINT ( 'NONE',  ( -0.5000000000000000000, 0.0000000000000000000, 0.8000000000000000400 ) ) ;
#1518 = DIRECTION ( 'NONE',  ( 0.0000000000000000000, -1.000000000000000000, 0.0000000000000000000 ) ) ;
#1519 = CARTESIAN_POINT ( 'NONE',  ( 0.3942366650302073800, 0.4489999999999997900, 0.04328575651814800500 ) ) ;
#1520 = CARTESIAN_POINT ( 'NONE',  ( 0.3915712273728507200, 0.4489999999999998400, 0.04319926771784849500 ) ) ;
#1521 = CARTESIAN_POINT ( 'NONE',  ( 0.3876502903946362200, 0.4489999999999997300, 0.04242881235000915700 ) ) ;
#1522 = CARTESIAN_POINT ( 'NONE',  ( 0.3838827756134539600, 0.4489999999999999000, 0.04118003798518821100 ) ) ;
#1523 = CARTESIAN_POINT ( 'NONE',  ( 0.3802950790160846100, 0.4489999999999998400, 0.03945963002681967400 ) ) ;
#1524 = CARTESIAN_POINT ( 'NONE',  ( 0.3769716329324296900, 0.4489999999999997900, 0.03728654765675017800 ) ) ;
#1525 = CARTESIAN_POINT ( 'NONE',  ( 0.3739983290343568100, 0.4489999999999999500, 0.03467048253869471600 ) ) ;
#1526 = CARTESIAN_POINT ( 'NONE',  ( 0.3713899926183970000, 0.4489999999999998400, 0.03166735496519673700 ) ) ;
#1527 = CARTESIAN_POINT ( 'NONE',  ( 0.3692192891632336500, 0.4489999999999999000, 0.02827763075742814900 ) ) ;
#1528 = CARTESIAN_POINT ( 'NONE',  ( 0.3674976111075988800, 0.4489999999999997300, 0.02463506054301636500 ) ) ;
#1529 = CARTESIAN_POINT ( 'NONE',  ( 0.3662064703899904900, 0.4489999999999999500, 0.02083685607474344800 ) ) ;
#1530 = CARTESIAN_POINT ( 'NONE',  ( 0.3654522920118444300, 0.4489999999999997900, 0.01689685659686287300 ) ) ;
#1531 = CARTESIAN_POINT ( 'NONE',  ( 0.3653469046733992500, 0.4489999999999998400, 0.01422596690582033700 ) ) ;
#1532 = CARTESIAN_POINT ( 'NONE',  ( 0.3652938235103916400, 0.4489999999999998400, 0.01288070159067929300 ) ) ;
#1533 = CARTESIAN_POINT ( 'NONE',  ( 0.2922169004334686500, 0.4489999999999998400, -0.009234683024705323300 ) ) ;
#1534 = LINE ( 'NONE', #1535, #9040 ) ;
#1535 = CARTESIAN_POINT ( 'NONE',  ( 0.3166760350488532800, 0.4489999999999998400, -0.06179878558880789300 ) ) ;
#1536 = DIRECTION ( 'NONE',  ( -0.0000000000000000000, 1.000000000000000000, -0.0000000000000000000 ) ) ;
#1537 = LINE ( 'NONE', #1538, #9050 ) ;
#1538 = CARTESIAN_POINT ( 'NONE',  ( -0.1185002470024288800, 0.4499999999999999000, -0.05923468302470532400 ) ) ;
#1539 = DIRECTION ( 'NONE',  ( 0.1316564214269280700, 0.0000000000000000000, 0.9912954083909877300 ) ) ;
#1540 = LINE ( 'NONE', #1541, #9061 ) ;
#1541 = CARTESIAN_POINT ( 'NONE',  ( 0.2832425414591096000, 0.4489999999999998400, -0.009194618922141226100 ) ) ;
#1542 = DIRECTION ( 'NONE',  ( -0.0000000000000000000, 1.000000000000000000, -0.0000000000000000000 ) ) ;
#1543 = LINE ( 'NONE', #1544, #9031 ) ;
#1544 = CARTESIAN_POINT ( 'NONE',  ( 0.2922169004334686500, 0.4489999999999998400, -0.009234683024705323300 ) ) ;
#1545 = DIRECTION ( 'NONE',  ( -0.0000000000000000000, 1.000000000000000000, -0.0000000000000000000 ) ) ;
#1546 = LINE ( 'NONE', #1547, #9048 ) ;
#1547 = CARTESIAN_POINT ( 'NONE',  ( 0.3511912594078276400, 0.4489999999999998400, -0.009194618922141226100 ) ) ;
#1548 = DIRECTION ( 'NONE',  ( -0.0000000000000000000, 1.000000000000000000, -0.0000000000000000000 ) ) ;
#1549 = LINE ( 'NONE', #1550, #9055 ) ;
#1550 = CARTESIAN_POINT ( 'NONE',  ( 0.3764717081257762900, 0.4499999999999999000, -0.01616577276829507200 ) ) ;
#1551 = DIRECTION ( 'NONE',  ( 0.5473879298857831100, 0.0000000000000000000, -0.8368789961609485200 ) ) ;
#1552 = CARTESIAN_POINT ( 'NONE',  ( 0.2922203132068262300, 0.4489999999999998400, -0.007899005916023793900 ) ) ;
#1553 = CARTESIAN_POINT ( 'NONE',  ( 0.2922269367297806700, 0.4489999999999998400, -0.005306718921762131200 ) ) ;
#1554 = CARTESIAN_POINT ( 'NONE',  ( 0.2923999710319871700, 0.4489999999999997900, -0.001539768608163820900 ) ) ;
#1555 = CARTESIAN_POINT ( 'NONE',  ( 0.2926356919462575500, 0.4489999999999996800, 0.001973669358040686500 ) ) ;
#1556 = CARTESIAN_POINT ( 'NONE',  ( 0.2929397290086907000, 0.4490000000000000100, 0.005238056114187307700 ) ) ;
#1557 = CARTESIAN_POINT ( 'NONE',  ( 0.2933912418237195600, 0.4489999999999997300, 0.008242342185896143700 ) ) ;
#1558 = CARTESIAN_POINT ( 'NONE',  ( 0.2938971500470822200, 0.4490000000000000100, 0.01100719027347137600 ) ) ;
#1559 = CARTESIAN_POINT ( 'NONE',  ( 0.2945128097504883200, 0.4489999999999999500, 0.01351796847672296000 ) ) ;
#1560 = CARTESIAN_POINT ( 'NONE',  ( 0.2952412388324027700, 0.4489999999999997300, 0.01579190592542378500 ) ) ;
#1561 = CARTESIAN_POINT ( 'NONE',  ( 0.2960709273150731200, 0.4490000000000000700, 0.01786759359671952200 ) ) ;
#1562 = CARTESIAN_POINT ( 'NONE',  ( 0.2969768091342176500, 0.4489999999999997300, 0.01979905688607202400 ) ) ;
#1563 = CARTESIAN_POINT ( 'NONE',  ( 0.2979499726457867600, 0.4489999999999999000, 0.02160911221280861800 ) ) ;
#1564 = CARTESIAN_POINT ( 'NONE',  ( 0.2990390912330145300, 0.4489999999999998400, 0.02328150102349789800 ) ) ;
#1565 = CARTESIAN_POINT ( 'NONE',  ( 0.3002252358967004200, 0.4489999999999999000, 0.02482167713986539000 ) ) ;
#1566 = CARTESIAN_POINT ( 'NONE',  ( 0.3014816147292003200, 0.4489999999999999000, 0.02625690092050229900 ) ) ;
#1567 = CARTESIAN_POINT ( 'NONE',  ( 0.3028551171361180100, 0.4489999999999999000, 0.02753681467294787400 ) ) ;
#1568 = CARTESIAN_POINT ( 'NONE',  ( 0.3047552240659239200, 0.4489999999999999000, 0.02907186767378994500 ) ) ;
#1569 = CARTESIAN_POINT ( 'NONE',  ( 0.3072636947638395800, 0.4489999999999998400, 0.03065812863749276000 ) ) ;
#1570 = CARTESIAN_POINT ( 'NONE',  ( 0.3104242791990140500, 0.4489999999999998400, 0.03203944548982510400 ) ) ;
#1571 = CARTESIAN_POINT ( 'NONE',  ( 0.3136719492270568200, 0.4489999999999999000, 0.03290751567360545400 ) ) ;
#1572 = CARTESIAN_POINT ( 'NONE',  ( 0.3158762706581121300, 0.4489999999999998400, 0.03301790870089470200 ) ) ;
#1573 = CARTESIAN_POINT ( 'NONE',  ( 0.3169765158180839500, 0.4489999999999997300, 0.03307300928298698200 ) ) ;
#1574 = CARTESIAN_POINT ( 'NONE',  ( 0.5000000000000000000, -0.4249999999999999300, -0.7750000000000000200 ) ) ;
#1575 = DIRECTION ( 'NONE',  ( -1.000000000000000000, -0.0000000000000000000, -0.0000000000000000000 ) ) ;
#1576 = DIRECTION ( 'NONE',  ( 0.0000000000000000000, 0.0000000000000000000, -1.000000000000000000 ) ) ;
#1577 = CARTESIAN_POINT ( 'NONE',  ( 0.3868082465873147700, 0.4489999999999998400, -0.01596545225547456000 ) ) ;
#1578 = LINE ( 'NONE', #1579, #9033 ) ;
#1579 = CARTESIAN_POINT ( 'NONE',  ( 0.5000000000000000000, 0.0000000000000000000, -0.8000000000000000400 ) ) ;
#1580 = DIRECTION ( 'NONE',  ( 0.0000000000000000000, 1.000000000000000000, -0.0000000000000000000 ) ) ;
#1581 = LINE ( 'NONE', #1582, #9041 ) ;
#1582 = CARTESIAN_POINT ( 'NONE',  ( 2.303929616531696600E-017, -0.4249999999999999300, -0.8000000000000000400 ) ) ;
#1583 = DIRECTION ( 'NONE',  ( -1.000000000000000000, -5.421010862427522200E-017, -0.0000000000000000000 ) ) ;
#1584 = CARTESIAN_POINT ( 'NONE',  ( 0.3885673973582671200, 0.4489999999999999000, -0.01624584827414868000 ) ) ;
#1585 = CARTESIAN_POINT ( 'NONE',  ( 0.3919988198375788900, 0.4489999999999997900, -0.01679279241189706200 ) ) ;
#1586 = CARTESIAN_POINT ( 'NONE',  ( 0.3954721312239900500, 0.4489999999999998400, -0.01688301942470923900 ) ) ;
#1587 = CARTESIAN_POINT ( 'NONE',  ( 0.3971648171001352400, 0.4489999999999998400, -0.01692699071701301800 ) ) ;
#1588 = CARTESIAN_POINT ( 'NONE',  ( 0.5000000000000000000, 0.4249999999999998800, -0.7750000000000000200 ) ) ;
#1589 = LINE ( 'NONE', #1590, #9037 ) ;
#1590 = CARTESIAN_POINT ( 'NONE',  ( 0.3868082465873147700, 0.4489999999999998400, -0.01596545225547456000 ) ) ;
#1591 = DIRECTION ( 'NONE',  ( -0.0000000000000000000, 1.000000000000000000, -0.0000000000000000000 ) ) ;
#1592 = DIRECTION ( 'NONE',  ( -1.000000000000000000, -0.0000000000000000000, -0.0000000000000000000 ) ) ;
#1593 = DIRECTION ( 'NONE',  ( 0.0000000000000000000, 0.0000000000000000000, -1.000000000000000000 ) ) ;
#1594 = CARTESIAN_POINT ( 'NONE',  ( 0.3511912594078276400, 0.4489999999999998400, -0.009194618922141226100 ) ) ;
#1595 = LINE ( 'NONE', #1596, #9056 ) ;
#1596 = CARTESIAN_POINT ( 'NONE',  ( 0.006319464536032651800, 0.4499999999999999000, 0.04076531697529468100 ) ) ;
#1597 = DIRECTION ( 'NONE',  ( -1.000000000000000000, 0.0000000000000000000, 0.0000000000000000000 ) ) ;
#1598 = LINE ( 'NONE', #1599, #9046 ) ;
#1599 = CARTESIAN_POINT ( 'NONE',  ( 0.06657587479244293800, 0.4499999999999999000, 0.04076531697529468100 ) ) ;
#1600 = DIRECTION ( 'NONE',  ( -1.000000000000000000, 0.0000000000000000000, 0.0000000000000000000 ) ) ;
#1601 = CARTESIAN_POINT ( 'NONE',  ( 0.3511726427065726100, 0.4489999999999997900, -0.007665364409543936100 ) ) ;
#1602 = CARTESIAN_POINT ( 'NONE',  ( 0.3511363688233869500, 0.4489999999999997900, -0.004685674356434618700 ) ) ;
#1603 = CARTESIAN_POINT ( 'NONE',  ( 0.3509484057728808900, 0.4489999999999998400, -0.0003276464901549244200 ) ) ;
#1604 = CARTESIAN_POINT ( 'NONE',  ( 0.3505781591677743500, 0.4489999999999999500, 0.003786583318375398600 ) ) ;
#1605 = CARTESIAN_POINT ( 'NONE',  ( 0.3501150166446663800, 0.4489999999999997300, 0.007666882245767340400 ) ) ;
#1606 = CARTESIAN_POINT ( 'NONE',  ( 0.3494735605597115200, 0.4489999999999999500, 0.01129709992670901100 ) ) ;
#1607 = CARTESIAN_POINT ( 'NONE',  ( 0.3486848415239604500, 0.4489999999999998400, 0.01468979845436354900 ) ) ;
#1608 = CARTESIAN_POINT ( 'NONE',  ( 0.3478091180147672200, 0.4489999999999998400, 0.01785962907337576900 ) ) ;
#1609 = CARTESIAN_POINT ( 'NONE',  ( 0.3467281238973441400, 0.4489999999999997300, 0.02078062369080304100 ) ) ;
#1610 = CARTESIAN_POINT ( 'NONE',  ( 0.3455449607445662500, 0.4489999999999999500, 0.02349353005836853400 ) ) ;
#1611 = CARTESIAN_POINT ( 'NONE',  ( 0.3442576694252695300, 0.4489999999999997300, 0.02602687715350275900 ) ) ;
#1612 = CARTESIAN_POINT ( 'NONE',  ( 0.3428785315371074000, 0.4489999999999999500, 0.02840305694434953900 ) ) ;
#1613 = CARTESIAN_POINT ( 'NONE',  ( 0.3413759959655923200, 0.4489999999999997300, 0.03060304971381124600 ) ) ;
#1614 = CARTESIAN_POINT ( 'NONE',  ( 0.3397744698742657900, 0.4489999999999998400, 0.03264243991589319700 ) ) ;
#1615 = CARTESIAN_POINT ( 'NONE',  ( 0.3380396759087518900, 0.4489999999999998400, 0.03448522913450845200 ) ) ;
#1616 = CARTESIAN_POINT ( 'NONE',  ( 0.3362205163344094100, 0.4489999999999997900, 0.03617581976202689100 ) ) ;
#1617 = CARTESIAN_POINT ( 'NONE',  ( 0.3342944473105822800, 0.4489999999999999500, 0.03768015197523133500 ) ) ;
#1618 = CARTESIAN_POINT ( 'NONE',  ( 0.3322826887039492800, 0.4489999999999998400, 0.03899686067912733200 ) ) ;
#1619 = CARTESIAN_POINT ( 'NONE',  ( 0.3302267150775239400, 0.4489999999999997900, 0.04017439926163651800 ) ) ;
#1620 = CARTESIAN_POINT ( 'NONE',  ( 0.3280900469818873200, 0.4489999999999998400, 0.04112390483448927200 ) ) ;
#1621 = CARTESIAN_POINT ( 'NONE',  ( 0.3259211054753299300, 0.4489999999999999000, 0.04193919171956796100 ) ) ;
#1622 = CARTESIAN_POINT ( 'NONE',  ( 0.3236888664434740500, 0.4489999999999998400, 0.04256206177345778200 ) ) ;
#1623 = CARTESIAN_POINT ( 'NONE',  ( 0.3213961124237756400, 0.4489999999999997300, 0.04299274335976061700 ) ) ;
#1624 = CARTESIAN_POINT ( 'NONE',  ( 0.3190545056829560100, 0.4489999999999999500, 0.04329479617275421000 ) ) ;
#1625 = CARTESIAN_POINT ( 'NONE',  ( 0.3174716038234916500, 0.4489999999999998400, 0.04331783845490576300 ) ) ;
#1626 = CARTESIAN_POINT ( 'NONE',  ( 0.3166760350488532800, 0.4489999999999998400, 0.04332941953939724300 ) ) ;
#1627 = CARTESIAN_POINT ( 'NONE',  ( 0.3169765158180839500, 0.4489999999999998400, -0.05154237533239763900 ) ) ;
#1628 = CARTESIAN_POINT ( 'NONE',  ( 0.3158704989013180800, 0.4489999999999999000, -0.05148433399961896400 ) ) ;
#1629 = CARTESIAN_POINT ( 'NONE',  ( 0.3136564501697436400, 0.4489999999999999000, -0.05136814559664833900 ) ) ;
#1630 = CARTESIAN_POINT ( 'NONE',  ( 0.3103865086061217700, 0.4489999999999997300, -0.05054833835117436600 ) ) ;
#1631 = CARTESIAN_POINT ( 'NONE',  ( 0.3072520985591992200, 0.4489999999999999500, -0.04911939646724256000 ) ) ;
#1632 = CARTESIAN_POINT ( 'NONE',  ( 0.3047594421398032700, 0.4489999999999997900, -0.04754932868253053400 ) ) ;
#1633 = CARTESIAN_POINT ( 'NONE',  ( 0.3028490482395862500, 0.4489999999999997900, -0.04605394835562614400 ) ) ;
#1634 = CARTESIAN_POINT ( 'NONE',  ( 0.3015038284288219500, 0.4489999999999999500, -0.04475719252538439700 ) ) ;
#1635 = CARTESIAN_POINT ( 'NONE',  ( 0.3002425092226019300, 0.4489999999999997900, -0.04333872811495198500 ) ) ;
#1636 = CARTESIAN_POINT ( 'NONE',  ( 0.2990805749329548700, 0.4489999999999997900, -0.04178438769065605900 ) ) ;
#1637 = CARTESIAN_POINT ( 'NONE',  ( 0.2979923096988902300, 0.4489999999999999000, -0.04011394862439542100 ) ) ;
#1638 = CARTESIAN_POINT ( 'NONE',  ( 0.2969928521967272700, 0.4489999999999998400, -0.03831426963224499700 ) ) ;
#1639 = CARTESIAN_POINT ( 'NONE',  ( 0.2960923570631257600, 0.4489999999999998400, -0.03637623065437654200 ) ) ;
#1640 = CARTESIAN_POINT ( 'NONE',  ( 0.2952613703151210100, 0.4489999999999998400, -0.03430147535668900300 ) ) ;
#1641 = CARTESIAN_POINT ( 'NONE',  ( 0.2945307192286577000, 0.4490000000000000100, -0.03202773408710202200 ) ) ;
#1642 = CARTESIAN_POINT ( 'NONE',  ( 0.2939280345649438200, 0.4489999999999999000, -0.02952004855586024300 ) ) ;
#1643 = CARTESIAN_POINT ( 'NONE',  ( 0.2933712616186608900, 0.4489999999999997900, -0.02676399450474064800 ) ) ;
#1644 = CARTESIAN_POINT ( 'NONE',  ( 0.2929771110786449400, 0.4489999999999997900, -0.02374343713487809700 ) ) ;
#1645 = CARTESIAN_POINT ( 'NONE',  ( 0.2926267180568817800, 0.4489999999999999000, -0.02047823275290012000 ) ) ;
#1646 = CARTESIAN_POINT ( 'NONE',  ( 0.2924015366868172900, 0.4489999999999997900, -0.01695602366063333700 ) ) ;
#1647 = CARTESIAN_POINT ( 'NONE',  ( 0.2922263579019822000, 0.4489999999999999000, -0.01318275564913738400 ) ) ;
#1648 = CARTESIAN_POINT ( 'NONE',  ( 0.2922201160630463200, 0.4489999999999998400, -0.01057706540620463600 ) ) ;
#1649 = CARTESIAN_POINT ( 'NONE',  ( 0.2922169004334686500, 0.4489999999999998400, -0.009234683024705323300 ) ) ;
#1650 = CARTESIAN_POINT ( 'NONE',  ( 0.3952818042796224500, 0.4499999999999998400, -0.006670580460602763100 ) ) ;
#1651 = CARTESIAN_POINT ( 'NONE',  ( 0.3945200258558562700, 0.4499999999999999000, -0.006648350641100153800 ) ) ;
#1652 = CARTESIAN_POINT ( 'NONE',  ( 0.3930320513014259900, 0.4499999999999999000, -0.006604929345960384300 ) ) ;
#1653 = CARTESIAN_POINT ( 'NONE',  ( 0.3908489823093918000, 0.4499999999999997900, -0.006352779290961028900 ) ) ;
#1654 = CARTESIAN_POINT ( 'NONE',  ( 0.3887828894108851200, 0.4500000000000000100, -0.005877948845795641000 ) ) ;
#1655 = CARTESIAN_POINT ( 'NONE',  ( 0.3868063998780091900, 0.4499999999999998400, -0.005273196504007939500 ) ) ;
#1656 = CARTESIAN_POINT ( 'NONE',  ( 0.3849564655092622100, 0.4499999999999998400, -0.004441680512132405000 ) ) ;
#1657 = CARTESIAN_POINT ( 'NONE',  ( 0.3832196415135970500, 0.4500000000000000100, -0.003431629113414040600 ) ) ;
#1658 = CARTESIAN_POINT ( 'NONE',  ( 0.3815892114596573500, 0.4499999999999999600, -0.002242452594936395100 ) ) ;
#1659 = CARTESIAN_POINT ( 'NONE',  ( 0.3800822528388244600, 0.4499999999999999600, -0.0008909979919777797900 ) ) ;
#1660 = CARTESIAN_POINT ( 'NONE',  ( 0.3787159767430987600, 0.4499999999999997900, 0.0005886600933694566600 ) ) ;
#1661 = CARTESIAN_POINT ( 'NONE',  ( 0.3775393730068464800, 0.4499999999999999600, 0.002173503584112085300 ) ) ;
#1662 = CARTESIAN_POINT ( 'NONE',  ( 0.3765244472899070300, 0.4499999999999998400, 0.003825337958564608600 ) ) ;
#1663 = CARTESIAN_POINT ( 'NONE',  ( 0.3756992524646871100, 0.4499999999999998400, 0.005557964878475156600 ) ) ;
#1664 = CARTESIAN_POINT ( 'NONE',  ( 0.3750566788713800600, 0.4499999999999999600, 0.007370722009603702900 ) ) ;
#1665 = CARTESIAN_POINT ( 'NONE',  ( 0.3745918717036669200, 0.4499999999999997900, 0.009255271991941158400 ) ) ;
#1666 = CARTESIAN_POINT ( 'NONE',  ( 0.3743331930973510200, 0.4500000000000000100, 0.01122425216697606000 ) ) ;
#1667 = CARTESIAN_POINT ( 'NONE',  ( 0.3742901579114817900, 0.4499999999999999000, 0.01255946653067572700 ) ) ;
#1668 = CARTESIAN_POINT ( 'NONE',  ( 0.3742681824847506900, 0.4499999999999998400, 0.01324127851375621300 ) ) ;
#1669 = CARTESIAN_POINT ( 'NONE',  ( -0.9750000000000000900, 0.4249999999999998800, -0.7750000000000000200 ) ) ;
#1670 = DIRECTION ( 'NONE',  ( -1.000000000000000000, 0.0000000000000000000, 0.0000000000000000000 ) ) ;
#1671 = DIRECTION ( 'NONE',  ( 0.0000000000000000000, 0.0000000000000000000, 1.000000000000000000 ) ) ;
#1672 = CARTESIAN_POINT ( 'NONE',  ( 0.1293963876129557700, 0.4499999999999999000, -0.009194618922141226100 ) ) ;
#1673 = LINE ( 'NONE', #1674, #9047 ) ;
#1674 = CARTESIAN_POINT ( 'NONE',  ( 0.4063194645360327400, 0.4489999999999998400, -0.06179878558880789300 ) ) ;
#1675 = DIRECTION ( 'NONE',  ( -0.0000000000000000000, 1.000000000000000000, -0.0000000000000000000 ) ) ;
#1676 = LINE ( 'NONE', #1677, #5992 ) ;
#1677 = CARTESIAN_POINT ( 'NONE',  ( -0.2988087405921724900, 0.4499999999999999000, 0.04076531697529468100 ) ) ;
#1678 = DIRECTION ( 'NONE',  ( -1.000000000000000000, 0.0000000000000000000, 0.0000000000000000000 ) ) ;
#1679 = CARTESIAN_POINT ( 'NONE',  ( 0.1294057595603119400, 0.4499999999999998400, -0.01079740142883406000 ) ) ;
#1680 = CARTESIAN_POINT ( 'NONE',  ( 0.1294239647031361400, 0.4499999999999999600, -0.01391082955019024200 ) ) ;
#1681 = CARTESIAN_POINT ( 'NONE',  ( 0.1296264910157715100, 0.4499999999999998400, -0.01844753360924167700 ) ) ;
#1682 = CARTESIAN_POINT ( 'NONE',  ( 0.1299629293675763900, 0.4499999999999999000, -0.02270354186624671700 ) ) ;
#1683 = CARTESIAN_POINT ( 'NONE',  ( 0.1304239971632987800, 0.4500000000000000100, -0.02667905803877318100 ) ) ;
#1684 = CARTESIAN_POINT ( 'NONE',  ( 0.1309850823125440800, 0.4499999999999999000, -0.03037510845356493000 ) ) ;
#1685 = CARTESIAN_POINT ( 'NONE',  ( 0.1317340962154389700, 0.4500000000000000100, -0.03378181580031632000 ) ) ;
#1686 = CARTESIAN_POINT ( 'NONE',  ( 0.1325858905758663400, 0.4499999999999999600, -0.03691494741783239000 ) ) ;
#1687 = CARTESIAN_POINT ( 'NONE',  ( 0.1335731033133093200, 0.4499999999999999000, -0.03978472023143292400 ) ) ;
#1688 = CARTESIAN_POINT ( 'NONE',  ( 0.1346870401424047600, 0.4499999999999997900, -0.04242979746063759600 ) ) ;
#1689 = CARTESIAN_POINT ( 'NONE',  ( 0.1358994475916068300, 0.4499999999999999000, -0.04489908892617364100 ) ) ;
#1690 = CARTESIAN_POINT ( 'NONE',  ( 0.1372584417179947000, 0.4499999999999998400, -0.04718885842159582100 ) ) ;
#1691 = CARTESIAN_POINT ( 'NONE',  ( 0.1386863535159120200, 0.4500000000000000100, -0.04933565243359432100 ) ) ;
#1692 = B_SPLINE_CURVE_WITH_KNOTS ( 'NONE', 3,
 ( #1354, #1358, #1359, #1360, #1361, #1362, #1363 ),
 .UNSPECIFIED., .F., .F.,
 ( 4, 1, 1, 1, 4 ),
 ( 0.0000000000000000000, 0.2347233736739018400, 0.4771583189289875800, 0.7285562842030534100, 1.000000000000000000 ),
 .UNSPECIFIED. ) ;
#1693 = B_SPLINE_CURVE_WITH_KNOTS ( 'NONE', 3,
 ( #6442, #6449, #6450, #6451, #6452, #6453, #6454, #6455, #6456, #6457, #6458 ),
 .UNSPECIFIED., .F., .F.,
 ( 4, 1, 1, 1, 1, 1, 1, 1, 4 ),
 ( 0.0000000000000000000, 0.09027921465001524600, 0.1895299184469586300, 0.2991978724002880000, 0.4189258867738192600, 0.5483762854012466100, 0.6881363695386799600, 0.8390835016589195400, 1.000000000000000000 ),
 .UNSPECIFIED. ) ;
#1694 = B_SPLINE_CURVE_WITH_KNOTS ( 'NONE', 3,
 ( #1339, #1340, #1341, #1342, #1343, #1344, #1345, #1346, #1347, #1348, #1349, #1350, #1351, #1352, #1353 ),
 .UNSPECIFIED., .F., .F.,
 ( 4, 1, 1, 1, 1, 1, 1, 1, 1, 1, 1, 1, 4 ),
 ( 0.0000000000000000000, 0.08378537065371007000, 0.1657798879221419900, 0.2462800078932629300, 0.3274609277363899600, 0.4087969540320683900, 0.4897152412309879200, 0.5713760321300532800, 0.6555233211112770900, 0.7410194827999738700, 0.8265467605037610800, 0.9119888516548340100, 1.000000000000000000 ),
 .UNSPECIFIED. ) ;
#1695 = B_SPLINE_CURVE_WITH_KNOTS ( 'NONE', 3,
 ( #1364, #1368, #1369, #1370, #1371, #1372, #1373, #1374, #1375, #1376, #1377 ),
 .UNSPECIFIED., .F., .F.,
 ( 4, 1, 1, 1, 1, 1, 1, 1, 4 ),
 ( 0.0000000000000000000, 0.1590042985173780700, 0.3046460998968149000, 0.4385469045795922200, 0.5623222987759273200, 0.6774325425257306000, 0.7868973929387551600, 0.8936108891042671100, 1.000000000000000000 ),
 .UNSPECIFIED. ) ;
#1696 = B_SPLINE_CURVE_WITH_KNOTS ( 'NONE', 3,
 ( #6424, #6428, #6429, #6430, #6431, #6432, #6433, #6434, #6435, #6436, #6437, #6438, #6439, #6440, #6441 ),
 .UNSPECIFIED., .F., .F.,
 ( 4, 1, 1, 1, 1, 1, 1, 1, 1, 1, 1, 1, 4 ),
 ( 0.0000000000000000000, 0.08968993624739170200, 0.1784940104960780200, 0.2668377532994865600, 0.3565581760610150900, 0.4453342496549763700, 0.5308058350374912400, 0.6140762174402838400, 0.6977070858228013900, 0.7791419498114603400, 0.8553535905869743500, 0.9285568200856553200, 1.000000000000000000 ),
 .UNSPECIFIED. ) ;
#1697 = B_SPLINE_CURVE_WITH_KNOTS ( 'NONE', 3,
 ( #6459, #6466, #6467, #6468, #6469, #6470, #6471, #6472, #6473, #6474, #6475, #6476, #6477, #6478, #6479 ),
 .UNSPECIFIED., .F., .F.,
 ( 4, 1, 1, 1, 1, 1, 1, 1, 1, 1, 1, 1, 4 ),
 ( 0.0000000000000000000, 0.09126360489662675700, 0.1809303110850822800, 0.2700882198317243700, 0.3601561333877274000, 0.4483425324981543700, 0.5326658421383297900, 0.6138337041070488500, 0.6939815272835588900, 0.7727159770890044100, 0.8493351720622468500, 0.9239673265752322800, 1.000000000000000000 ),
 .UNSPECIFIED. ) ;
#1698 = UNCERTAINTY_MEASURE_WITH_UNIT (LENGTH_MEASURE( 1.000000000000000100E-005 ), #1732, 'distance_accuracy_value', 'NONE');
#1699 = B_SPLINE_CURVE_WITH_KNOTS ( 'NONE', 3,
 ( #5604, #5605, #5606, #5607, #5608, #5609, #5610, #5611, #5612, #5613, #5614 ),
 .UNSPECIFIED., .F., .F.,
 ( 4, 1, 1, 1, 1, 1, 1, 1, 4 ),
 ( 0.0000000000000000000, 0.1335067689985166800, 0.2625589787303703200, 0.3882644471488779800, 0.5126673546814279900, 0.6337222699657596400, 0.7553938601370940900, 0.8775529450912779000, 1.000000000000000000 ),
 .UNSPECIFIED. ) ;
#1700 = UNCERTAINTY_MEASURE_WITH_UNIT (LENGTH_MEASURE( 1.000000000000000100E-005 ), #5567, 'distance_accuracy_value', 'NONE');
#1701 = B_SPLINE_CURVE_WITH_KNOTS ( 'NONE', 3,
 ( #1741, #1748, #1749, #1750, #1751, #1752, #1753, #1754, #1755, #1756, #1757 ),
 .UNSPECIFIED., .F., .F.,
 ( 4, 1, 1, 1, 1, 1, 1, 1, 4 ),
 ( 0.0000000000000000000, 0.05259428152913890600, 0.1249519739750391700, 0.2180938989285931800, 0.3335024107325186800, 0.4687891785044477300, 0.6249375859646005800, 0.8016830479282283100, 1.000000000000000000 ),
 .UNSPECIFIED. ) ;
#1702 = B_SPLINE_CURVE_WITH_KNOTS ( 'NONE', 3,
 ( #1758, #1759, #1760, #1761, #1762, #1763, #1764, #1765, #1766, #1767, #1768, #1769, #1770, #1771, #1772 ),
 .UNSPECIFIED., .F., .F.,
 ( 4, 1, 1, 1, 1, 1, 1, 1, 1, 1, 1, 1, 4 ),
 ( 0.0000000000000000000, 0.09846943102555763500, 0.1896291011376317300, 0.2741840894379700100, 0.3521831609671533000, 0.4231988731834702100, 0.4885509460005320000, 0.5484733460279374000, 0.6014401636178717800, 0.7011980824257635400, 0.7995918021381837000, 0.8985450984822264100, 1.000000000000000000 ),
 .UNSPECIFIED. ) ;
#1703 = B_SPLINE_CURVE_WITH_KNOTS ( 'NONE', 3,
 ( #1773, #1780, #1781, #1782, #1783, #1784, #1785, #1786, #1787, #1788, #1789, #1790, #1791, #1792, #1793 ),
 .UNSPECIFIED., .F., .F.,
 ( 4, 1, 1, 1, 1, 1, 1, 1, 1, 1, 1, 1, 4 ),
 ( 0.0000000000000000000, 0.09697231038151706000, 0.1877734389628689900, 0.2723961390136935800, 0.3513209973752892700, 0.4243347744514675000, 0.4919087840005274000, 0.5542332197968009600, 0.6112676582441553000, 0.7163478449915540200, 0.8145400858216160800, 0.9084954561491855900, 1.000000000000000000 ),
 .UNSPECIFIED. ) ;
#1704 = B_SPLINE_CURVE_WITH_KNOTS ( 'NONE', 3,
 ( #1852, #1859, #1860, #1861, #1862, #1863, #1864, #1865, #1866, #1867, #1868, #1869, #1870, #1871, #1872 ),
 .UNSPECIFIED., .F., .F.,
 ( 4, 1, 1, 1, 1, 1, 1, 1, 1, 1, 1, 1, 4 ),
 ( 0.0000000000000000000, 0.07405842627338263300, 0.1488703523168769800, 0.2266676683691787300, 0.3077347594511133400, 0.3911572038059786300, 0.4739293555425522200, 0.5579277515150558000, 0.6449892900513580800, 0.7333640555176163000, 0.8210920421841587700, 0.9092872149973382200, 1.000000000000000000 ),
 .UNSPECIFIED. ) ;
#1705 = B_SPLINE_CURVE_WITH_KNOTS ( 'NONE', 3,
 ( #1794, #1804, #1805, #1806, #1807, #1808, #1809, #1810, #1811, #1812, #1813, #1814, #1815, #1816, #1817 ),
 .UNSPECIFIED., .F., .F.,
 ( 4, 1, 1, 1, 1, 1, 1, 1, 1, 1, 1, 1, 4 ),
 ( 0.0000000000000000000, 0.1072327993600890300, 0.2132518127818481500, 0.3188304473075868100, 0.4267935306342754400, 0.4836459507827192700, 0.5436038220211422100, 0.6083076495640835600, 0.6771267602600408200, 0.7506856360204964300, 0.8287134184432878300, 0.9121903482234528000, 1.000000000000000000 ),
 .UNSPECIFIED. ) ;
#1706 = B_SPLINE_CURVE_WITH_KNOTS ( 'NONE', 3,
 ( #1818, #1825, #1826, #1827, #1828, #1829, #1830, #1831, #1832, #1833, #1834 ),
 .UNSPECIFIED., .F., .F.,
 ( 4, 1, 1, 1, 1, 1, 1, 1, 4 ),
 ( 0.0000000000000000000, 0.1072852142689557500, 0.2147458609696403200, 0.3229385595552863300, 0.4341161625174658800, 0.5534123109627939700, 0.6860729848107314200, 0.8342559920595840100, 1.000000000000000000 ),
 .UNSPECIFIED. ) ;
#1707 = B_SPLINE_CURVE_WITH_KNOTS ( 'NONE', 3,
 ( #1835, #1842, #1843, #1844, #1845, #1846, #1847, #1848, #1849, #1850, #1851 ),
 .UNSPECIFIED., .F., .F.,
 ( 4, 1, 1, 1, 1, 1, 1, 1, 4 ),
 ( 0.0000000000000000000, 0.1458600603916662400, 0.2824259030758213300, 0.4108504003575542700, 0.5350294213479310800, 0.6547010781259416900, 0.7701334325965034600, 0.8845558441988610200, 1.000000000000000000 ),
 .UNSPECIFIED. ) ;
#1708 = B_SPLINE_CURVE_WITH_KNOTS ( 'NONE', 3,
 ( #1895, #1896, #1897, #1898, #1899, #1900, #1901, #1902, #1903, #1904, #1905 ),
 .UNSPECIFIED., .F., .F.,
 ( 4, 1, 1, 1, 1, 1, 1, 1, 4 ),
 ( 0.0000000000000000000, 0.1281581855276745200, 0.2536731361531690500, 0.3773253059734901800, 0.4993845547646073000, 0.6229183680423474600, 0.7458393931045773600, 0.8713952850140301900, 1.000000000000000000 ),
 .UNSPECIFIED. ) ;
#1709 = B_SPLINE_CURVE_WITH_KNOTS ( 'NONE', 3,
 ( #1873, #1877, #1878, #1879, #1880, #1881, #1882, #1883, #1884, #1885, #1886, #1887, #1888, #1889, #1890, #1891, #1892, #1893, #1894 ),
 .UNSPECIFIED., .F., .F.,
 ( 4, 1, 1, 1, 1, 1, 1, 1, 1, 1, 1, 1, 1, 1, 1, 1, 4 ),
 ( 0.0000000000000000000, 0.07524330859112955700, 0.1472088117202520800, 0.2164470898547697600, 0.2840250416193528200, 0.3506554491966478700, 0.4150313178410272600, 0.4796298309645113900, 0.5446516341371356900, 0.6080442396977436800, 0.6678275650288173500, 0.7251142466493378800, 0.7809917079106402100, 0.8355270040618585400, 0.8894381545415829300, 0.9440720891799445600, 0.9999999999999998900 ),
 .UNSPECIFIED. ) ;
#1710 = B_SPLINE_CURVE_WITH_KNOTS ( 'NONE', 3,
 ( #1906, #1916, #1917, #1918, #1919, #1920, #1921, #1922, #1923, #1924, #1925, #1926, #1927, #1928, #1929 ),
 .UNSPECIFIED., .F., .F.,
 ( 4, 1, 1, 1, 1, 1, 1, 1, 1, 1, 1, 1, 4 ),
 ( 0.0000000000000000000, 0.08940971111013464000, 0.1763057644831057800, 0.2626259021834166900, 0.3494457264756535300, 0.4354982637429544700, 0.5189281301037144100, 0.6013546565787413200, 0.6842564217184162700, 0.7658067397968336700, 0.8448768657103878900, 0.9222797948488745700, 1.000000000000000000 ),
 .UNSPECIFIED. ) ;
#1711 = B_SPLINE_CURVE_WITH_KNOTS ( 'NONE', 3,
 ( #1930, #1934, #1935, #1936, #1937, #1938, #1939, #1940, #1941, #1942, #1943, #1944, #1945, #1946, #1947 ),
 .UNSPECIFIED., .F., .F.,
 ( 4, 1, 1, 1, 1, 1, 1, 1, 1, 1, 1, 1, 4 ),
 ( 0.0000000000000000000, 0.07489820792759534200, 0.1485962943439405600, 0.2244712347857282000, 0.3023227423595712400, 0.3819186179896825200, 0.4611486955215892700, 0.5424171227241516600, 0.6267160830665700100, 0.7145968311855374100, 0.8049029203553208500, 0.9001272540718585600, 1.000000000000000000 ),
 .UNSPECIFIED. ) ;
#1712 = B_SPLINE_CURVE_WITH_KNOTS ( 'NONE', 3,
 ( #1948, #1949, #1950, #1951, #1952, #1953, #1954, #1955, #1956, #1957, #1958, #1959, #1960, #1961, #1962, #1963, #1964, #1965, #1966 ),
 .UNSPECIFIED., .F., .F.,
 ( 4, 1, 1, 1, 1, 1, 1, 1, 1, 1, 1, 1, 1, 1, 1, 1, 4 ),
 ( 0.0000000000000000000, 0.07655893299404870100, 0.1491613519791150400, 0.2188268461269949600, 0.2855671390889779600, 0.3503131057192122600, 0.4141251538580793000, 0.4771791613162258400, 0.5403680185081833900, 0.6022023899907486000, 0.6620336537315644200, 0.7199344070495796700, 0.7759074326823267600, 0.8311148643832968500, 0.8866674470119630900, 0.9425523618334881200, 0.9999999999999998900 ),
 .UNSPECIFIED. ) ;
#1713 = UNCERTAINTY_MEASURE_WITH_UNIT (LENGTH_MEASURE( 1.000000000000000100E-005 ), #3193, 'distance_accuracy_value', 'NONE');
#1714 = UNCERTAINTY_MEASURE_WITH_UNIT (LENGTH_MEASURE( 1.000000000000000100E-005 ), #3183, 'distance_accuracy_value', 'NONE');
#1715 = ADVANCED_BREP_SHAPE_REPRESENTATION ( 'ASMPH-0806', ( #2141, #6984 ), #3801 ) ;
#1716 = PLANE ( 'NONE',  #7007 ) ;
#1717 = LINE ( 'NONE', #1718, #7002 ) ;
#1718 = CARTESIAN_POINT ( 'NONE',  ( -0.3280755675152494100, 0.4499999999999999000, -0.001542375332397635200 ) ) ;
#1719 = DIRECTION ( 'NONE',  ( -0.4189977888269744200, 0.0000000000000000000, -0.9079872537420919900 ) ) ;
#1720 = LINE ( 'NONE', #1721, #7004 ) ;
#1721 = CARTESIAN_POINT ( 'NONE',  ( -0.2607077790537109500, 0.4489999999999998400, 0.04332941953939724300 ) ) ;
#1722 = DIRECTION ( 'NONE',  ( -0.0000000000000000000, 1.000000000000000000, -0.0000000000000000000 ) ) ;
#1723 = LINE ( 'NONE', #1724, #6994 ) ;
#1724 = CARTESIAN_POINT ( 'NONE',  ( -0.1619297341819160600, 0.4489999999999998400, 0.04076531697529468100 ) ) ;
#1725 = DIRECTION ( 'NONE',  ( -0.4489997666093129600, 0.0000000000000000000, -0.8935318738493789300 ) ) ;
#1726 = FILL_AREA_STYLE_COLOUR ( '', #4392 ) ;
#1727 = FILL_AREA_STYLE ('',( #1726 ) ) ;
#1728 = SURFACE_STYLE_FILL_AREA ( #1727 ) ;
#1729 = SURFACE_SIDE_STYLE ('',( #1728 ) ) ;
#1730 = SURFACE_STYLE_USAGE ( .BOTH. , #1729 ) ;
#1731 = PRESENTATION_STYLE_ASSIGNMENT (( #1730 ) ) ;
#1732 =( LENGTH_UNIT ( ) NAMED_UNIT ( * ) SI_UNIT ( .MILLI., .METRE. ) );
#1733 =( NAMED_UNIT ( * ) PLANE_ANGLE_UNIT ( ) SI_UNIT ( $, .RADIAN. ) );
#1734 =( NAMED_UNIT ( * ) SI_UNIT ( $, .STERADIAN. ) SOLID_ANGLE_UNIT ( ) );
#1735 = CARTESIAN_POINT ( 'NONE',  ( -1.000000000000000000, 0.4499999999999999000, 0.8000000000000000400 ) ) ;
#1736 = DIRECTION ( 'NONE',  ( 0.0000000000000000000, -1.000000000000000000, 0.0000000000000000000 ) ) ;
#1737 = DIRECTION ( 'NONE',  ( 0.0000000000000000000, -0.0000000000000000000, -1.000000000000000000 ) ) ;
#1738 = LINE ( 'NONE', #1739, #7005 ) ;
#1739 = CARTESIAN_POINT ( 'NONE',  ( -0.2600667534126853100, 0.4489999999999998400, -0.06179878558880789300 ) ) ;
#1740 = DIRECTION ( 'NONE',  ( -0.0000000000000000000, 1.000000000000000000, -0.0000000000000000000 ) ) ;
#1741 = CARTESIAN_POINT ( 'NONE',  ( -0.2691412726434545500, 0.4489999999999998400, -0.02596144584521814500 ) ) ;
#1742 = LINE ( 'NONE', #1743, #6999 ) ;
#1743 = CARTESIAN_POINT ( 'NONE',  ( -0.2415371059767878700, 0.4489999999999998400, -0.03872186251188481500 ) ) ;
#1744 = DIRECTION ( 'NONE',  ( -0.0000000000000000000, 1.000000000000000000, -0.0000000000000000000 ) ) ;
#1745 = LINE ( 'NONE', #1746, #7003 ) ;
#1746 = CARTESIAN_POINT ( 'NONE',  ( -0.2610683559767879600, 0.4489999999999999000, -0.05154237533239764600 ) ) ;
#1747 = DIRECTION ( 'NONE',  ( -0.0000000000000000000, 1.000000000000000000, -0.0000000000000000000 ) ) ;
#1748 = CARTESIAN_POINT ( 'NONE',  ( -0.2689223762889491100, 0.4489999999999999000, -0.02576610225048037200 ) ) ;
#1749 = CARTESIAN_POINT ( 'NONE',  ( -0.2684023286564657400, 0.4489999999999998400, -0.02530201058393023000 ) ) ;
#1750 = CARTESIAN_POINT ( 'NONE',  ( -0.2674515879210469000, 0.4489999999999999000, -0.02454223113696611300 ) ) ;
#1751 = CARTESIAN_POINT ( 'NONE',  ( -0.2661960794001912400, 0.4489999999999997900, -0.02360500907138695200 ) ) ;
#1752 = CARTESIAN_POINT ( 'NONE',  ( -0.2646685879379959700, 0.4490000000000000700, -0.02244537145782156400 ) ) ;
#1753 = CARTESIAN_POINT ( 'NONE',  ( -0.2628409490315084500, 0.4489999999999996800, -0.02110018682589947400 ) ) ;
#1754 = CARTESIAN_POINT ( 'NONE',  ( -0.2607129617130911100, 0.4489999999999999500, -0.01958665504979104800 ) ) ;
#1755 = CARTESIAN_POINT ( 'NONE',  ( -0.2583083464892356700, 0.4489999999999997300, -0.01785564193530860700 ) ) ;
#1756 = CARTESIAN_POINT ( 'NONE',  ( -0.2566020060349619200, 0.4489999999999996800, -0.01664542648931050000 ) ) ;
#1757 = CARTESIAN_POINT ( 'NONE',  ( -0.2556997662331981800, 0.4489999999999998400, -0.01600551635803866200 ) ) ;
#1758 = CARTESIAN_POINT ( 'NONE',  ( -0.2415371059767878700, 0.4489999999999998400, -0.03872186251188481500 ) ) ;
#1759 = CARTESIAN_POINT ( 'NONE',  ( -0.2420269897617111400, 0.4489999999999997900, -0.03935296795253114700 ) ) ;
#1760 = CARTESIAN_POINT ( 'NONE',  ( -0.2429703913923430300, 0.4489999999999997300, -0.04056832947322250300 ) ) ;
#1761 = CARTESIAN_POINT ( 'NONE',  ( -0.2444026624455006600, 0.4489999999999998400, -0.04227036706197284000 ) ) ;
#1762 = CARTESIAN_POINT ( 'NONE',  ( -0.2457526238146515400, 0.4490000000000000100, -0.04382512362002819600 ) ) ;
#1763 = CARTESIAN_POINT ( 'NONE',  ( -0.2470826352370577600, 0.4489999999999999000, -0.04517555584945798200 ) ) ;
#1764 = CARTESIAN_POINT ( 'NONE',  ( -0.2483224532789409500, 0.4489999999999996200, -0.04639561680196891600 ) ) ;
#1765 = CARTESIAN_POINT ( 'NONE',  ( -0.2495257973431399300, 0.4489999999999999500, -0.04744018128266774800 ) ) ;
#1766 = CARTESIAN_POINT ( 'NONE',  ( -0.2506753502356371400, 0.4489999999999999000, -0.04831948400924168000 ) ) ;
#1767 = CARTESIAN_POINT ( 'NONE',  ( -0.2521244048255239000, 0.4489999999999997300, -0.04925787143664626900 ) ) ;
#1768 = CARTESIAN_POINT ( 'NONE',  ( -0.2539449110633293900, 0.4489999999999997900, -0.05018805725249658000 ) ) ;
#1769 = CARTESIAN_POINT ( 'NONE',  ( -0.2562301835273100800, 0.4489999999999999500, -0.05097517376900281800 ) ) ;
#1770 = CARTESIAN_POINT ( 'NONE',  ( -0.2586183628140234500, 0.4489999999999996800, -0.05144817553811101300 ) ) ;
#1771 = CARTESIAN_POINT ( 'NONE',  ( -0.2602449237137576300, 0.4489999999999998400, -0.05151071518290607800 ) ) ;
#1772 = CARTESIAN_POINT ( 'NONE',  ( -0.2610683559767879600, 0.4489999999999999000, -0.05154237533239764600 ) ) ;
#1773 = CARTESIAN_POINT ( 'NONE',  ( -0.2556997662331981800, 0.4489999999999998400, -0.01600551635803866200 ) ) ;
#1774 = LINE ( 'NONE', #1775, #7006 ) ;
#1775 = CARTESIAN_POINT ( 'NONE',  ( -0.1609882277716596400, 0.4489999999999998400, 0.02281659902657672700 ) ) ;
#1776 = DIRECTION ( 'NONE',  ( -0.0000000000000000000, 1.000000000000000000, -0.0000000000000000000 ) ) ;
#1777 = LINE ( 'NONE', #1778, #6972 ) ;
#1778 = CARTESIAN_POINT ( 'NONE',  ( -0.2334241252075571500, 0.4489999999999999000, -0.04487170225547457100 ) ) ;
#1779 = DIRECTION ( 'NONE',  ( -0.0000000000000000000, 1.000000000000000000, -0.0000000000000000000 ) ) ;
#1780 = CARTESIAN_POINT ( 'NONE',  ( -0.2546144544244148800, 0.4489999999999999000, -0.01521576322804673600 ) ) ;
#1781 = CARTESIAN_POINT ( 'NONE',  ( -0.2525128985278865500, 0.4490000000000000100, -0.01368651574939184400 ) ) ;
#1782 = CARTESIAN_POINT ( 'NONE',  ( -0.2495226819589860500, 0.4489999999999997900, -0.01138892489146478200 ) ) ;
#1783 = CARTESIAN_POINT ( 'NONE',  ( -0.2468114302991332400, 0.4489999999999998400, -0.009141845789342312900 ) ) ;
#1784 = CARTESIAN_POINT ( 'NONE',  ( -0.2443696244828426900, 0.4489999999999998400, -0.006959628443739714100 ) ) ;
#1785 = CARTESIAN_POINT ( 'NONE',  ( -0.2421731413845635600, 0.4489999999999999000, -0.004858825786492694500 ) ) ;
#1786 = CARTESIAN_POINT ( 'NONE',  ( -0.2402463493652838800, 0.4489999999999999500, -0.002814163491344577600 ) ) ;
#1787 = CARTESIAN_POINT ( 'NONE',  ( -0.2385696156410785100, 0.4489999999999997900, -0.0008402899861382185300 ) ) ;
#1788 = CARTESIAN_POINT ( 'NONE',  ( -0.2367644951136457800, 0.4489999999999997900, 0.001690355033609887400 ) ) ;
#1789 = CARTESIAN_POINT ( 'NONE',  ( -0.2349199859844891500, 0.4489999999999998400, 0.004798386012876713600 ) ) ;
#1790 = CARTESIAN_POINT ( 'NONE',  ( -0.2333359429151711200, 0.4489999999999999000, 0.008606335685598827400 ) ) ;
#1791 = CARTESIAN_POINT ( 'NONE',  ( -0.2323371329878981800, 0.4489999999999999500, 0.01242908769979789200 ) ) ;
#1792 = CARTESIAN_POINT ( 'NONE',  ( -0.2322065182612707300, 0.4489999999999999000, 0.01499842588479952500 ) ) ;
#1793 = CARTESIAN_POINT ( 'NONE',  ( -0.2321420739255058200, 0.4489999999999998400, 0.01626611825734596000 ) ) ;
#1794 = CARTESIAN_POINT ( 'NONE',  ( -0.2600667534126853100, 0.4489999999999998400, -0.06179878558880789300 ) ) ;
#1795 = LINE ( 'NONE', #1796, #6981 ) ;
#1796 = CARTESIAN_POINT ( 'NONE',  ( -0.2757318175152493900, 0.4489999999999998400, -0.03888211892214123200 ) ) ;
#1797 = DIRECTION ( 'NONE',  ( -0.0000000000000000000, 1.000000000000000000, -0.0000000000000000000 ) ) ;
#1798 = LINE ( 'NONE', #1799, #6980 ) ;
#1799 = CARTESIAN_POINT ( 'NONE',  ( -0.2556997662331981800, 0.4489999999999998400, -0.01600551635803866200 ) ) ;
#1800 = DIRECTION ( 'NONE',  ( -0.0000000000000000000, 1.000000000000000000, -0.0000000000000000000 ) ) ;
#1801 = LINE ( 'NONE', #1802, #6987 ) ;
#1802 = CARTESIAN_POINT ( 'NONE',  ( -0.2321420739255058200, 0.4489999999999998400, 0.01626611825734596000 ) ) ;
#1803 = DIRECTION ( 'NONE',  ( -0.0000000000000000000, 1.000000000000000000, -0.0000000000000000000 ) ) ;
#1804 = CARTESIAN_POINT ( 'NONE',  ( -0.2588883505470279100, 0.4489999999999999000, -0.06175814125740272000 ) ) ;
#1805 = CARTESIAN_POINT ( 'NONE',  ( -0.2565448833542625100, 0.4490000000000001200, -0.06167731265455749000 ) ) ;
#1806 = CARTESIAN_POINT ( 'NONE',  ( -0.2530977629094180400, 0.4489999999999996800, -0.06097452604542209800 ) ) ;
#1807 = CARTESIAN_POINT ( 'NONE',  ( -0.2497788852979722900, 0.4489999999999998400, -0.05981164970862258600 ) ) ;
#1808 = CARTESIAN_POINT ( 'NONE',  ( -0.2471090777317009300, 0.4489999999999999000, -0.05849197376640633700 ) ) ;
#1809 = CARTESIAN_POINT ( 'NONE',  ( -0.2450195702613631200, 0.4489999999999997900, -0.05717393331745575200 ) ) ;
#1810 = CARTESIAN_POINT ( 'NONE',  ( -0.2434260636131079500, 0.4489999999999997300, -0.05597336690948880700 ) ) ;
#1811 = CARTESIAN_POINT ( 'NONE',  ( -0.2418112793049203800, 0.4489999999999998400, -0.05459122094936889900 ) ) ;
#1812 = CARTESIAN_POINT ( 'NONE',  ( -0.2401621920240988600, 0.4489999999999998400, -0.05302381391848838600 ) ) ;
#1813 = CARTESIAN_POINT ( 'NONE',  ( -0.2385067446115514400, 0.4489999999999999000, -0.05125676388735667100 ) ) ;
#1814 = CARTESIAN_POINT ( 'NONE',  ( -0.2368203602617183500, 0.4489999999999999000, -0.04930217277566458600 ) ) ;
#1815 = CARTESIAN_POINT ( 'NONE',  ( -0.2350990954385556700, 0.4489999999999998400, -0.04717198546525362000 ) ) ;
#1816 = CARTESIAN_POINT ( 'NONE',  ( -0.2339917851493011900, 0.4489999999999998400, -0.04565128544369612100 ) ) ;
#1817 = CARTESIAN_POINT ( 'NONE',  ( -0.2334241252075571500, 0.4489999999999999000, -0.04487170225547457100 ) ) ;
#1818 = CARTESIAN_POINT ( 'NONE',  ( -0.2757318175152493900, 0.4489999999999998400, -0.03888211892214123200 ) ) ;
#1819 = LINE ( 'NONE', #1820, #6982 ) ;
#1820 = CARTESIAN_POINT ( 'NONE',  ( -0.2334241252075571200, 0.4489999999999998400, -0.04487170225547456500 ) ) ;
#1821 = DIRECTION ( 'NONE',  ( -0.7969199129874908700, 0.0000000000000000000, 0.6040849710794086200 ) ) ;
#1822 = LINE ( 'NONE', #1823, #6974 ) ;
#1823 = CARTESIAN_POINT ( 'NONE',  ( 0.1217040799206480500, 0.4489999999999998400, 0.007431983641961344000 ) ) ;
#1824 = DIRECTION ( 'NONE',  ( -1.000000000000000000, 0.0000000000000000000, 0.0000000000000000000 ) ) ;
#1825 = CARTESIAN_POINT ( 'NONE',  ( -0.2757205853256805600, 0.4489999999999998400, -0.03834636239241377700 ) ) ;
#1826 = CARTESIAN_POINT ( 'NONE',  ( -0.2756981025797032300, 0.4489999999999997900, -0.03727397326563247600 ) ) ;
#1827 = CARTESIAN_POINT ( 'NONE',  ( -0.2753845369315207600, 0.4489999999999997300, -0.03568964692409095500 ) ) ;
#1828 = CARTESIAN_POINT ( 'NONE',  ( -0.2749816989612969300, 0.4489999999999999000, -0.03410932294070159700 ) ) ;
#1829 = CARTESIAN_POINT ( 'NONE',  ( -0.2743433380540560900, 0.4489999999999996800, -0.03254010628829678100 ) ) ;
#1830 = CARTESIAN_POINT ( 'NONE',  ( -0.2734620436650341800, 0.4490000000000000100, -0.03095455317251785700 ) ) ;
#1831 = CARTESIAN_POINT ( 'NONE',  ( -0.2723047529248520700, 0.4489999999999997900, -0.02932536067084502000 ) ) ;
#1832 = CARTESIAN_POINT ( 'NONE',  ( -0.2708472297234242900, 0.4489999999999998400, -0.02763816899449860300 ) ) ;
#1833 = CARTESIAN_POINT ( 'NONE',  ( -0.2697307436562408300, 0.4489999999999997900, -0.02654081545807274900 ) ) ;
#1834 = CARTESIAN_POINT ( 'NONE',  ( -0.2691412726434545500, 0.4489999999999998400, -0.02596144584521814500 ) ) ;
#1835 = CARTESIAN_POINT ( 'NONE',  ( 0.2260510350488532700, 0.4489999999999998400, -0.01494381764008994100 ) ) ;
#1836 = LINE ( 'NONE', #1837, #6975 ) ;
#1837 = CARTESIAN_POINT ( 'NONE',  ( -0.2691412726434545500, 0.4489999999999998400, -0.02596144584521814500 ) ) ;
#1838 = DIRECTION ( 'NONE',  ( -0.0000000000000000000, 1.000000000000000000, -0.0000000000000000000 ) ) ;
#1839 = LINE ( 'NONE', #1840, #6988 ) ;
#1840 = CARTESIAN_POINT ( 'NONE',  ( 0.1628298812026993100, 0.4489999999999998400, 0.04332941953939724300 ) ) ;
#1841 = DIRECTION ( 'NONE',  ( -0.0000000000000000000, 1.000000000000000000, -0.0000000000000000000 ) ) ;
#1842 = CARTESIAN_POINT ( 'NONE',  ( 0.2248912814867839700, 0.4489999999999999000, -0.01557623960065551400 ) ) ;
#1843 = CARTESIAN_POINT ( 'NONE',  ( 0.2226456739761789300, 0.4489999999999997300, -0.01680078553089919500 ) ) ;
#1844 = CARTESIAN_POINT ( 'NONE',  ( 0.2196722613723951200, 0.4489999999999999500, -0.01905069427641672600 ) ) ;
#1845 = CARTESIAN_POINT ( 'NONE',  ( 0.2171182435594159200, 0.4489999999999997900, -0.02148748898542278800 ) ) ;
#1846 = CARTESIAN_POINT ( 'NONE',  ( 0.2150538230561215600, 0.4489999999999997300, -0.02416262598037916700 ) ) ;
#1847 = CARTESIAN_POINT ( 'NONE',  ( 0.2134289022540601700, 0.4489999999999999000, -0.02699253667477763800 ) ) ;
#1848 = CARTESIAN_POINT ( 'NONE',  ( 0.2123140849812963100, 0.4489999999999998400, -0.02995951531418756400 ) ) ;
#1849 = CARTESIAN_POINT ( 'NONE',  ( 0.2115598997240365800, 0.4489999999999997900, -0.03300854712862685800 ) ) ;
#1850 = CARTESIAN_POINT ( 'NONE',  ( 0.2114851903771445300, 0.4489999999999997900, -0.03509158131656263400 ) ) ;
#1851 = CARTESIAN_POINT ( 'NONE',  ( 0.2114476696642378600, 0.4489999999999999000, -0.03613772789650020900 ) ) ;
#1852 = CARTESIAN_POINT ( 'NONE',  ( 0.2114476696642378600, 0.4489999999999999000, -0.03613772789650020900 ) ) ;
#1853 = LINE ( 'NONE', #1854, #6977 ) ;
#1854 = CARTESIAN_POINT ( 'NONE',  ( -0.1198023303357622400, 0.4489999999999998400, -0.05923468302470532400 ) ) ;
#1855 = DIRECTION ( 'NONE',  ( 1.000000000000000000, 0.0000000000000000000, 0.0000000000000000000 ) ) ;
#1856 = LINE ( 'NONE', #1857, #6978 ) ;
#1857 = CARTESIAN_POINT ( 'NONE',  ( -0.3638127470024289400, 0.4489999999999998400, -0.001542375332397635200 ) ) ;
#1858 = DIRECTION ( 'NONE',  ( 1.000000000000000000, 0.0000000000000000000, 0.0000000000000000000 ) ) ;
#1859 = CARTESIAN_POINT ( 'NONE',  ( 0.2114943960670318500, 0.4489999999999997300, -0.03720337242168993100 ) ) ;
#1860 = CARTESIAN_POINT ( 'NONE',  ( 0.2115883242855546000, 0.4489999999999997300, -0.03934550376166635900 ) ) ;
#1861 = CARTESIAN_POINT ( 'NONE',  ( 0.2123478477308486400, 0.4489999999999999000, -0.04253425014225546700 ) ) ;
#1862 = CARTESIAN_POINT ( 'NONE',  ( 0.2135855639169366400, 0.4489999999999997300, -0.04566615200009019300 ) ) ;
#1863 = CARTESIAN_POINT ( 'NONE',  ( 0.2152690209744565800, 0.4489999999999999000, -0.04872602950924730100 ) ) ;
#1864 = CARTESIAN_POINT ( 'NONE',  ( 0.2173657985786374400, 0.4489999999999997900, -0.05161032135673702300 ) ) ;
#1865 = CARTESIAN_POINT ( 'NONE',  ( 0.2198814141738066900, 0.4489999999999999500, -0.05419720553631023100 ) ) ;
#1866 = CARTESIAN_POINT ( 'NONE',  ( 0.2227557940829704200, 0.4489999999999997300, -0.05646324789302650800 ) ) ;
#1867 = CARTESIAN_POINT ( 'NONE',  ( 0.2259745902830697400, 0.4489999999999999000, -0.05836542425726771300 ) ) ;
#1868 = CARTESIAN_POINT ( 'NONE',  ( 0.2294384827326034200, 0.4489999999999999000, -0.05991352879405255300 ) ) ;
#1869 = CARTESIAN_POINT ( 'NONE',  ( 0.2330932177007007700, 0.4489999999999999500, -0.06098148373172993000 ) ) ;
#1870 = CARTESIAN_POINT ( 'NONE',  ( 0.2368751175052256400, 0.4489999999999997900, -0.06167965849480033100 ) ) ;
#1871 = CARTESIAN_POINT ( 'NONE',  ( 0.2394493380580416100, 0.4489999999999998400, -0.06175870577019402400 ) ) ;
#1872 = CARTESIAN_POINT ( 'NONE',  ( 0.2407545606898789100, 0.4489999999999999000, -0.06179878558880790700 ) ) ;
#1873 = CARTESIAN_POINT ( 'NONE',  ( 0.2402537594078275900, 0.4489999999999998400, -0.05154237533239763900 ) ) ;
#1874 = LINE ( 'NONE', #1875, #6976 ) ;
#1875 = CARTESIAN_POINT ( 'NONE',  ( 0.2114476696642378600, 0.4489999999999999000, -0.03613772789650020900 ) ) ;
#1876 = DIRECTION ( 'NONE',  ( -0.0000000000000000000, 1.000000000000000000, -0.0000000000000000000 ) ) ;
#1877 = CARTESIAN_POINT ( 'NONE',  ( 0.2395523078112162800, 0.4489999999999998400, -0.05152376274510302200 ) ) ;
#1878 = CARTESIAN_POINT ( 'NONE',  ( 0.2381799617787265800, 0.4489999999999997900, -0.05148734838600604900 ) ) ;
#1879 = CARTESIAN_POINT ( 'NONE',  ( 0.2361677140324887600, 0.4489999999999999000, -0.05129710161463341800 ) ) ;
#1880 = CARTESIAN_POINT ( 'NONE',  ( 0.2342542178236771400, 0.4489999999999997900, -0.05092700970661117500 ) ) ;
#1881 = CARTESIAN_POINT ( 'NONE',  ( 0.2324194806620891500, 0.4489999999999999000, -0.05043447509063613000 ) ) ;
#1882 = CARTESIAN_POINT ( 'NONE',  ( 0.2306886574557882900, 0.4489999999999997300, -0.04976910400108294100 ) ) ;
#1883 = CARTESIAN_POINT ( 'NONE',  ( 0.2290382416108808800, 0.4489999999999999000, -0.04898638945077329200 ) ) ;
#1884 = CARTESIAN_POINT ( 'NONE',  ( 0.2274963219021362600, 0.4489999999999997900, -0.04803478757950742400 ) ) ;
#1885 = CARTESIAN_POINT ( 'NONE',  ( 0.2260442846744040400, 0.4489999999999998400, -0.04696732478218065100 ) ) ;
#1886 = CARTESIAN_POINT ( 'NONE',  ( 0.2247371196882007600, 0.4489999999999998400, -0.04579324175130147800 ) ) ;
#1887 = CARTESIAN_POINT ( 'NONE',  ( 0.2235769896409827400, 0.4489999999999998400, -0.04456999264328204100 ) ) ;
#1888 = CARTESIAN_POINT ( 'NONE',  ( 0.2226133292352903100, 0.4489999999999997900, -0.04327355287019776100 ) ) ;
#1889 = CARTESIAN_POINT ( 'NONE',  ( 0.2217950118216283100, 0.4489999999999999500, -0.04193617116382076400 ) ) ;
#1890 = CARTESIAN_POINT ( 'NONE',  ( 0.2212012541794428400, 0.4489999999999997300, -0.04051815469925784000 ) ) ;
#1891 = CARTESIAN_POINT ( 'NONE',  ( 0.2207565597827143600, 0.4489999999999999000, -0.03906297823060803800 ) ) ;
#1892 = CARTESIAN_POINT ( 'NONE',  ( 0.2204559485971962500, 0.4489999999999997900, -0.03755225297156007700 ) ) ;
#1893 = CARTESIAN_POINT ( 'NONE',  ( 0.2204334231679779500, 0.4489999999999999000, -0.03651978124179949100 ) ) ;
#1894 = CARTESIAN_POINT ( 'NONE',  ( 0.2204220286385967800, 0.4489999999999998400, -0.03599750353752584300 ) ) ;
#1895 = CARTESIAN_POINT ( 'NONE',  ( 0.2742681824847507100, 0.4489999999999999000, 0.01163871441119211500 ) ) ;
#1896 = CARTESIAN_POINT ( 'NONE',  ( 0.2742461418979073600, 0.4489999999999999000, 0.01260150677192916500 ) ) ;
#1897 = CARTESIAN_POINT ( 'NONE',  ( 0.2742025153065650300, 0.4489999999999999500, 0.01450723410886731900 ) ) ;
#1898 = CARTESIAN_POINT ( 'NONE',  ( 0.2738225157630099200, 0.4489999999999998400, 0.01731998015165392800 ) ) ;
#1899 = CARTESIAN_POINT ( 'NONE',  ( 0.2732535735206032000, 0.4489999999999999000, 0.02005174534961029100 ) ) ;
#1900 = CARTESIAN_POINT ( 'NONE',  ( 0.2724227303126396400, 0.4490000000000000100, 0.02270193080147149500 ) ) ;
#1901 = CARTESIAN_POINT ( 'NONE',  ( 0.2713452048597922400, 0.4489999999999997900, 0.02525591289695724300 ) ) ;
#1902 = CARTESIAN_POINT ( 'NONE',  ( 0.2700172952603703300, 0.4489999999999999000, 0.02771587785247300900 ) ) ;
#1903 = CARTESIAN_POINT ( 'NONE',  ( 0.2685141179704637100, 0.4489999999999997300, 0.03012214382886812400 ) ) ;
#1904 = CARTESIAN_POINT ( 'NONE',  ( 0.2673069111360038600, 0.4489999999999997900, 0.03160269816094985600 ) ) ;
#1905 = CARTESIAN_POINT ( 'NONE',  ( 0.2666960671001353300, 0.4489999999999998400, 0.03235185543683313800 ) ) ;
#1906 = CARTESIAN_POINT ( 'NONE',  ( 0.2407545606898789100, 0.4489999999999999000, -0.06179878558880790700 ) ) ;
#1907 = LINE ( 'NONE', #1908, #6979 ) ;
#1908 = CARTESIAN_POINT ( 'NONE',  ( 0.2666960671001353300, 0.4489999999999998400, 0.03235185543683313800 ) ) ;
#1909 = DIRECTION ( 'NONE',  ( -0.0000000000000000000, 1.000000000000000000, -0.0000000000000000000 ) ) ;
#1910 = LINE ( 'NONE', #1911, #6973 ) ;
#1911 = CARTESIAN_POINT ( 'NONE',  ( 0.2742681824847507100, 0.4489999999999999000, 0.01163871441119211500 ) ) ;
#1912 = DIRECTION ( 'NONE',  ( -0.0000000000000000000, 1.000000000000000000, -0.0000000000000000000 ) ) ;
#1913 = LINE ( 'NONE', #1914, #6989 ) ;
#1914 = CARTESIAN_POINT ( 'NONE',  ( 0.2204220286385967800, 0.4489999999999998400, -0.03599750353752584300 ) ) ;
#1915 = DIRECTION ( 'NONE',  ( -0.0000000000000000000, 1.000000000000000000, -0.0000000000000000000 ) ) ;
#1916 = CARTESIAN_POINT ( 'NONE',  ( 0.2420260982610514500, 0.4489999999999997900, -0.06175746149995217000 ) ) ;
#1917 = CARTESIAN_POINT ( 'NONE',  ( 0.2445334254939784400, 0.4489999999999997900, -0.06167597510449451100 ) ) ;
#1918 = CARTESIAN_POINT ( 'NONE',  ( 0.2482189862819417200, 0.4489999999999999500, -0.06099635001700993300 ) ) ;
#1919 = CARTESIAN_POINT ( 'NONE',  ( 0.2517454113515393300, 0.4489999999999997300, -0.05986122088140585800 ) ) ;
#1920 = CARTESIAN_POINT ( 'NONE',  ( 0.2551005398924098300, 0.4489999999999996800, -0.05832130021485792300 ) ) ;
#1921 = CARTESIAN_POINT ( 'NONE',  ( 0.2582243075344068400, 0.4490000000000000100, -0.05642453047751230800 ) ) ;
#1922 = CARTESIAN_POINT ( 'NONE',  ( 0.2609843735130851200, 0.4489999999999997900, -0.05412736264690434100 ) ) ;
#1923 = CARTESIAN_POINT ( 'NONE',  ( 0.2634224472835252600, 0.4489999999999997900, -0.05155188976916692100 ) ) ;
#1924 = CARTESIAN_POINT ( 'NONE',  ( 0.2654391442623359500, 0.4489999999999997900, -0.04866847253163526100 ) ) ;
#1925 = CARTESIAN_POINT ( 'NONE',  ( 0.2671009411028657500, 0.4489999999999998400, -0.04562035271348031900 ) ) ;
#1926 = CARTESIAN_POINT ( 'NONE',  ( 0.2682581097061985100, 0.4489999999999997900, -0.04243113783082529800 ) ) ;
#1927 = CARTESIAN_POINT ( 'NONE',  ( 0.2689995946768382100, 0.4489999999999999000, -0.03916973614906871900 ) ) ;
#1928 = CARTESIAN_POINT ( 'NONE',  ( 0.2690931193674241400, 0.4489999999999998400, -0.03696293603745596400 ) ) ;
#1929 = CARTESIAN_POINT ( 'NONE',  ( 0.2691399773565456000, 0.4489999999999998400, -0.03585727917855148500 ) ) ;
#1930 = CARTESIAN_POINT ( 'NONE',  ( 0.2152938235103917000, 0.4489999999999998400, 0.01276050928298698400 ) ) ;
#1931 = LINE ( 'NONE', #1932, #6983 ) ;
#1932 = CARTESIAN_POINT ( 'NONE',  ( 0.2407545606898789100, 0.4489999999999999000, -0.06179878558880790700 ) ) ;
#1933 = DIRECTION ( 'NONE',  ( -0.0000000000000000000, 1.000000000000000000, -0.0000000000000000000 ) ) ;
#1934 = CARTESIAN_POINT ( 'NONE',  ( 0.2153327737612774100, 0.4489999999999999000, 0.01365853517283158000 ) ) ;
#1935 = CARTESIAN_POINT ( 'NONE',  ( 0.2154100501488642700, 0.4489999999999999000, 0.01544019755365685200 ) ) ;
#1936 = CARTESIAN_POINT ( 'NONE',  ( 0.2160230969714190000, 0.4489999999999998400, 0.01807342816177032500 ) ) ;
#1937 = CARTESIAN_POINT ( 'NONE',  ( 0.2170069694144595400, 0.4489999999999998400, 0.02062260115691561700 ) ) ;
#1938 = CARTESIAN_POINT ( 'NONE',  ( 0.2183791184419513200, 0.4490000000000000100, 0.02306694266386121600 ) ) ;
#1939 = CARTESIAN_POINT ( 'NONE',  ( 0.2200781919431046800, 0.4489999999999997900, 0.02535123141582404700 ) ) ;
#1940 = CARTESIAN_POINT ( 'NONE',  ( 0.2221675195996391800, 0.4489999999999999000, 0.02734233929005511200 ) ) ;
#1941 = CARTESIAN_POINT ( 'NONE',  ( 0.2245172578210693800, 0.4489999999999998400, 0.02911152439186396100 ) ) ;
#1942 = CARTESIAN_POINT ( 'NONE',  ( 0.2272069107932919400, 0.4489999999999997900, 0.03054239677540417100 ) ) ;
#1943 = CARTESIAN_POINT ( 'NONE',  ( 0.2301448669663539700, 0.4489999999999999000, 0.03168510692060567300 ) ) ;
#1944 = CARTESIAN_POINT ( 'NONE',  ( 0.2333303449354174900, 0.4489999999999998400, 0.03247242014012058400 ) ) ;
#1945 = CARTESIAN_POINT ( 'NONE',  ( 0.2367176283267897500, 0.4489999999999998400, 0.03299360442282385500 ) ) ;
#1946 = CARTESIAN_POINT ( 'NONE',  ( 0.2390564738199229300, 0.4489999999999999000, 0.03304612388408514900 ) ) ;
#1947 = CARTESIAN_POINT ( 'NONE',  ( 0.2402537594078276200, 0.4489999999999999000, 0.03307300928298698800 ) ) ;
#1948 = CARTESIAN_POINT ( 'NONE',  ( 0.2402537594078276200, 0.4489999999999999000, 0.03307300928298698800 ) ) ;
#1949 = CARTESIAN_POINT ( 'NONE',  ( 0.2411894842055970800, 0.4489999999999999000, 0.03305504332818852400 ) ) ;
#1950 = CARTESIAN_POINT ( 'NONE',  ( 0.2430125761748454800, 0.4489999999999999000, 0.03302003988701540000 ) ) ;
#1951 = CARTESIAN_POINT ( 'NONE',  ( 0.2456721747161597400, 0.4489999999999998400, 0.03271106004965557800 ) ) ;
#1952 = CARTESIAN_POINT ( 'NONE',  ( 0.2481820189622690500, 0.4489999999999998400, 0.03222107077342065800 ) ) ;
#1953 = CARTESIAN_POINT ( 'NONE',  ( 0.2505372417739537600, 0.4489999999999999000, 0.03150839803534755800 ) ) ;
#1954 = CARTESIAN_POINT ( 'NONE',  ( 0.2527642086248637100, 0.4489999999999997900, 0.03063839870516774400 ) ) ;
#1955 = CARTESIAN_POINT ( 'NONE',  ( 0.2548251615974748100, 0.4489999999999999500, 0.02951919637626952400 ) ) ;
#1956 = CARTESIAN_POINT ( 'NONE',  ( 0.2567731195147933700, 0.4489999999999997900, 0.02824627286057725100 ) ) ;
#1957 = CARTESIAN_POINT ( 'NONE',  ( 0.2585120944503135900, 0.4489999999999998400, 0.02673603981638083100 ) ) ;
#1958 = CARTESIAN_POINT ( 'NONE',  ( 0.2600959004143864100, 0.4489999999999997900, 0.02512233996735528700 ) ) ;
#1959 = CARTESIAN_POINT ( 'NONE',  ( 0.2614768516286490300, 0.4489999999999998400, 0.02341405302039430100 ) ) ;
#1960 = CARTESIAN_POINT ( 'NONE',  ( 0.2626756388052697800, 0.4489999999999997900, 0.02165760638398246300 ) ) ;
#1961 = CARTESIAN_POINT ( 'NONE',  ( 0.2636165232554119100, 0.4489999999999998400, 0.01981330682146684900 ) ) ;
#1962 = CARTESIAN_POINT ( 'NONE',  ( 0.2643687019345983800, 0.4489999999999997900, 0.01791653783295338300 ) ) ;
#1963 = CARTESIAN_POINT ( 'NONE',  ( 0.2649093749257427400, 0.4489999999999999000, 0.01594980893952692100 ) ) ;
#1964 = CARTESIAN_POINT ( 'NONE',  ( 0.2652429810759341400, 0.4489999999999997900, 0.01390708799799682400 ) ) ;
#1965 = CARTESIAN_POINT ( 'NONE',  ( 0.2652767209544192300, 0.4489999999999998400, 0.01252140025222886000 ) ) ;
#1966 = CARTESIAN_POINT ( 'NONE',  ( 0.2652938235103917700, 0.4489999999999999000, 0.01181900287273057600 ) ) ;
#1967 = CARTESIAN_POINT ( 'NONE',  ( -0.2447021700793519900, 0.4489999999999998400, 0.006310188770166469200 ) ) ;
#1968 = CARTESIAN_POINT ( 'NONE',  ( -0.2600667534126853100, 0.4499999999999999000, -0.06179878558880789300 ) ) ;
#1969 = CARTESIAN_POINT ( 'NONE',  ( 0.4063194645360327400, 0.4499999999999999000, -0.06179878558880789300 ) ) ;
#1970 = CARTESIAN_POINT ( 'NONE',  ( 0.3422169004334685800, 0.4489999999999998400, -0.009234683024705323300 ) ) ;
#1971 = CARTESIAN_POINT ( 'NONE',  ( -0.2035563367460186400, 0.4499999999999999000, -0.05923468302470532400 ) ) ;
#1972 = CARTESIAN_POINT ( 'NONE',  ( 0.1845846888950070100, 0.4489999999999998400, 0.01590554133426903500 ) ) ;
#1973 = CARTESIAN_POINT ( 'NONE',  ( -0.2167574585408904300, 0.4499999999999999000, 0.04076531697529468100 ) ) ;
#1974 = CARTESIAN_POINT ( 'NONE',  ( 0.1217040799206480500, 0.4499999999999999000, -0.002824426614448918900 ) ) ;
#1975 = CARTESIAN_POINT ( 'NONE',  ( -0.3233480034126853300, 0.4489999999999998400, 0.008714034924012620600 ) ) ;
#1976 = CARTESIAN_POINT ( 'NONE',  ( 1.000000000000000000, 0.4249999999999998800, 0.7750000000000001300 ) ) ;
#1977 = CARTESIAN_POINT ( 'NONE',  ( -1.000000000000000000, 0.4249999999999998800, -0.7750000000000000200 ) ) ;
#1978 = CARTESIAN_POINT ( 'NONE',  ( 0.5000000000000000000, -0.4499999999999999000, -0.7750000000000000200 ) ) ;
#1979 = CARTESIAN_POINT ( 'NONE',  ( 0.9750000000000002000, 0.4499999999999999000, 0.7750000000000001300 ) ) ;
#1980 = CARTESIAN_POINT ( 'NONE',  ( 0.4268322850488532900, 0.4499999999999999000, 0.01270041312914082900 ) ) ;
#1981 = CARTESIAN_POINT ( 'NONE',  ( 0.2408346888950070000, 0.4489999999999998400, -0.009234683024705323300 ) ) ;
#1982 = CARTESIAN_POINT ( 'NONE',  ( 0.2401535991514172900, 0.4489999999999998400, 0.04332941953939724300 ) ) ;
#1983 = CARTESIAN_POINT ( 'NONE',  ( -0.3457037726434545900, 0.4499999999999999000, -0.03974349712726943400 ) ) ;
#1984 = CARTESIAN_POINT ( 'NONE',  ( 0.5000000000000000000, 0.4249999999999998800, 0.8000000000000000400 ) ) ;
#1985 = CARTESIAN_POINT ( 'NONE',  ( -0.1609882277716596400, 0.4499999999999999000, 0.02281659902657672700 ) ) ;
#1986 = CARTESIAN_POINT ( 'NONE',  ( 0.1293963876129557700, 0.4489999999999998400, -0.009194618922141226100 ) ) ;
#1987 = CARTESIAN_POINT ( 'NONE',  ( 0.2666960671001353300, 0.4499999999999999000, 0.03235185543683313800 ) ) ;
#1988 = CARTESIAN_POINT ( 'NONE',  ( -0.2791172341819160900, 0.4489999999999998400, -0.02323708687085917400 ) ) ;
#1989 = CARTESIAN_POINT ( 'NONE',  ( 0.3971648171001352400, 0.4499999999999999000, -0.01692699071701301800 ) ) ;
#1990 = CARTESIAN_POINT ( 'NONE',  ( 0.2407545606898789100, 0.4499999999999999600, -0.06179878558880790700 ) ) ;
#1991 = CARTESIAN_POINT ( 'NONE',  ( 0.3652938235103916400, 0.4499999999999999000, 0.01288070159067929300 ) ) ;
#1992 = CARTESIAN_POINT ( 'NONE',  ( -0.3838848623870442800, 0.4489999999999998400, 0.04076531697529468100 ) ) ;
#1993 = CARTESIAN_POINT ( 'NONE',  ( -0.03214207392550577600, 0.4499999999999999000, -0.03237170225547456000 ) ) ;
#1994 = CARTESIAN_POINT ( 'NONE',  ( -0.07573181751524939200, 0.4499999999999999000, -0.005388529178551479600 ) ) ;
#1995 = CARTESIAN_POINT ( 'NONE',  ( -0.2334241252075571500, 0.4499999999999999600, -0.04487170225547457100 ) ) ;
#1996 = CARTESIAN_POINT ( 'NONE',  ( -0.2610683559767879600, 0.4499999999999999600, -0.05154237533239764600 ) ) ;
#1997 = CARTESIAN_POINT ( 'NONE',  ( 0.2601656183821865500, 0.4489999999999998400, -0.03619782405034635600 ) ) ;
#1998 = CARTESIAN_POINT ( 'NONE',  ( 0.05760151581808394700, 0.4489999999999998400, -0.01820904199906430200 ) ) ;
#1999 = ADVANCED_FACE ( 'NONE', ( #2234, #2264, #2267, #2271, #2241, #2255, #2258, #2261, #2244, #2248, #2272 ), #8060, .F. ) ;
#2000 = ADVANCED_FACE ( 'NONE', ( #2238 ), #2276, .T. ) ;
#2001 = ADVANCED_FACE ( 'NONE', ( #2277 ), #8076, .F. ) ;
#2002 = ADVANCED_FACE ( 'NONE', ( #2242 ), #2930, .T. ) ;
#2003 = ADVANCED_FACE ( 'NONE', ( #2278 ), #8110, .T. ) ;
#2004 = ADVANCED_FACE ( 'NONE', ( #2275 ), #8114, .T. ) ;
#2005 = EDGE_CURVE ( 'NONE', #8759, #6339, #8118, .T. ) ;
#2006 = ADVANCED_FACE ( 'NONE', ( #2286 ), #2928, .T. ) ;
#2007 = ADVANCED_FACE ( 'NONE', ( #2284 ), #2290, .T. ) ;
#2008 = EDGE_CURVE ( 'NONE', #6308, #8758, #4734, .T. ) ;
#2009 = ADVANCED_FACE ( 'NONE', ( #2295 ), #2927, .T. ) ;
#2010 = EDGE_CURVE ( 'NONE', #6341, #4964, #4730, .T. ) ;
#2011 = ADVANCED_FACE ( 'NONE', ( #2297 ), #42, .T. ) ;
#2012 = EDGE_CURVE ( 'NONE', #8729, #8728, #4717, .T. ) ;
#2013 = EDGE_CURVE ( 'NONE', #4973, #8764, #4736, .T. ) ;
#2014 = EDGE_CURVE ( 'NONE', #6337, #8733, #4732, .T. ) ;
#2015 = EDGE_CURVE ( 'NONE', #4971, #8759, #84, .T. ) ;
#2016 = EDGE_CURVE ( 'NONE', #8764, #4995, #4713, .T. ) ;
#2017 = ADVANCED_FACE ( 'NONE', ( #2294 ), #97, .T. ) ;
#2018 = ADVANCED_FACE ( 'NONE', ( #2296 ), #101, .F. ) ;
#2019 = ADVANCED_FACE ( 'NONE', ( #2302 ), #105, .T. ) ;
#2020 = EDGE_CURVE ( 'NONE', #4995, #8766, #4710, .T. ) ;
#2021 = ADVANCED_FACE ( 'NONE', ( #2306 ), #120, .F. ) ;
#2022 = ADVANCED_FACE ( 'NONE', ( #2307 ), #2926, .T. ) ;
#2023 = ADVANCED_FACE ( 'NONE', ( #2304 ), #146, .T. ) ;
#2024 = ADVANCED_FACE ( 'NONE', ( #2299 ), #150, .T. ) ;
#2025 = EDGE_CURVE ( 'NONE', #4976, #8763, #154, .T. ) ;
#2026 = ADVANCED_FACE ( 'NONE', ( #2311 ), #2314, .T. ) ;
#2027 = ADVANCED_FACE ( 'NONE', ( #2309 ), #160, .F. ) ;
#2028 = ADVANCED_FACE ( 'NONE', ( #2315 ), #9111, .T. ) ;
#2029 = ADVANCED_FACE ( 'NONE', ( #9122 ), #167, .T. ) ;
#2030 = EDGE_CURVE ( 'NONE', #8728, #6314, #4735, .T. ) ;
#2031 = EDGE_CURVE ( 'NONE', #8731, #8730, #4722, .T. ) ;
#2032 = ADVANCED_FACE ( 'NONE', ( #9109 ), #9075, .T. ) ;
#2033 = EDGE_CURVE ( 'NONE', #5002, #4996, #196, .T. ) ;
#2034 = ADVANCED_FACE ( 'NONE', ( #9086 ), #199, .T. ) ;
#2035 = EDGE_CURVE ( 'NONE', #4990, #4951, #203, .T. ) ;
#2036 = ADVANCED_FACE ( 'NONE', ( #9103 ), #206, .T. ) ;
#2037 = ADVANCED_FACE ( 'NONE', ( #9105 ), #2925, .T. ) ;
#2038 = EDGE_CURVE ( 'NONE', #8762, #1103, #241, .T. ) ;
#2039 = EDGE_CURVE ( 'NONE', #5023, #8762, #245, .T. ) ;
#2040 = EDGE_CURVE ( 'NONE', #4994, #6326, #4740, .T. ) ;
#2041 = ADVANCED_FACE ( 'NONE', ( #9128 ), #258, .F. ) ;
#2042 = ADVANCED_FACE ( 'NONE', ( #9126 ), #9101, .T. ) ;
#2043 = ADVANCED_FACE ( 'NONE', ( #9097 ), #265, .T. ) ;
#2044 = ADVANCED_FACE ( 'NONE', ( #9102 ), #2924, .T. ) ;
#2045 = ADVANCED_FACE ( 'NONE', ( #9106 ), #9074, .T. ) ;
#2046 = ADVANCED_FACE ( 'NONE', ( #9119 ), #8457, .T. ) ;
#2047 = ADVANCED_FACE ( 'NONE', ( #9096 ), #9110, .T. ) ;
#2048 = EDGE_CURVE ( 'NONE', #6314, #4994, #4737, .T. ) ;
#2049 = ADVANCED_FACE ( 'NONE', ( #9123 ), #9084, .T. ) ;
#2050 = EDGE_CURVE ( 'NONE', #8758, #6341, #4739, .T. ) ;
#2051 = ADVANCED_FACE ( 'NONE', ( #9163 ), #8497, .T. ) ;
#2052 = EDGE_CURVE ( 'NONE', #8740, #4971, #8501, .T. ) ;
#2053 = ADVANCED_FACE ( 'NONE', ( #9127 ), #9087, .T. ) ;
#2054 = EDGE_CURVE ( 'NONE', #4972, #8749, #8516, .T. ) ;
#2055 = EDGE_CURVE ( 'NONE', #8753, #9062, #4738, .T. ) ;
#2056 = EDGE_CURVE ( 'NONE', #8766, #6337, #4742, .T. ) ;
#2057 = ADVANCED_FACE ( 'NONE', ( #9092 ), #8545, .T. ) ;
#2058 = EDGE_CURVE ( 'NONE', #6323, #8740, #4719, .T. ) ;
#2059 = ADVANCED_FACE ( 'NONE', ( #9114 ), #8560, .T. ) ;
#2060 = ADVANCED_FACE ( 'NONE', ( #9132 ), #9125, .T. ) ;
#2061 = EDGE_CURVE ( 'NONE', #8763, #5038, #8567, .T. ) ;
#2062 = ADVANCED_FACE ( 'NONE', ( #9129, #9090 ), #8570, .T. ) ;
#2063 = EDGE_CURVE ( 'NONE', #8746, #4990, #8574, .T. ) ;
#2064 = ADVANCED_FACE ( 'NONE', ( #9142 ), #8577, .T. ) ;
#2065 = ADVANCED_FACE ( 'NONE', ( #9070 ), #9152, .T. ) ;
#2066 = ADVANCED_FACE ( 'NONE', ( #9153 ), #9162, .T. ) ;
#2067 = ADVANCED_FACE ( 'NONE', ( #9161 ), #8596, .T. ) ;
#2068 = ADVANCED_FACE ( 'NONE', ( #9072 ), #8600, .F. ) ;
#2069 = ADVANCED_FACE ( 'NONE', ( #9158 ), #9170, .T. ) ;
#2070 = EDGE_CURVE ( 'NONE', #8738, #8753, #8607, .T. ) ;
#2071 = ADVANCED_FACE ( 'NONE', ( #9144 ), #2923, .T. ) ;
#2072 = ADVANCED_FACE ( 'NONE', ( #9157 ), #9165, .T. ) ;
#2073 = ADVANCED_FACE ( 'NONE', ( #9150 ), #2922, .T. ) ;
#2074 = ADVANCED_FACE ( 'NONE', ( #9146 ), #2921, .T. ) ;
#2075 = ADVANCED_FACE ( 'NONE', ( #9167 ), #9083, .T. ) ;
#2076 = EDGE_CURVE ( 'NONE', #6339, #8738, #4104, .T. ) ;
#2077 = ADVANCED_FACE ( 'NONE', ( #9156 ), #4107, .F. ) ;
#2078 = ADVANCED_FACE ( 'NONE', ( #9076 ), #9141, .T. ) ;
#2079 = ADVANCED_FACE ( 'NONE', ( #9117 ), #4114, .T. ) ;
#2080 = ADVANCED_FACE ( 'NONE', ( #9108 ), #8271, .T. ) ;
#2081 = ADVANCED_FACE ( 'NONE', ( #9091 ), #2920, .T. ) ;
#2082 = ADVANCED_FACE ( 'NONE', ( #9095 ), #2919, .T. ) ;
#2083 = EDGE_CURVE ( 'NONE', #8730, #8729, #4728, .T. ) ;
#2084 = ADVANCED_FACE ( 'NONE', ( #8188 ), #2918, .T. ) ;
#2085 = EDGE_CURVE ( 'NONE', #4984, #8756, #4724, .T. ) ;
#2086 = ADVANCED_FACE ( 'NONE', ( #8206 ), #4245, .T. ) ;
#2087 = EDGE_CURVE ( 'NONE', #8761, #8746, #4249, .T. ) ;
#2088 = ADVANCED_FACE ( 'NONE', ( #8197 ), #2917, .T. ) ;
#2089 = ADVANCED_FACE ( 'NONE', ( #8186 ), #4274, .T. ) ;
#2090 = ADVANCED_FACE ( 'NONE', ( #8228 ), #8201, .T. ) ;
#2091 = EDGE_CURVE ( 'NONE', #4951, #8761, #4281, .T. ) ;
#2092 = ADVANCED_FACE ( 'NONE', ( #8199 ), #2916, .T. ) ;
#2093 = CIRCLE ( 'NONE', #9032, 0.02499999999999995600 ) ;
#2094 = ADVANCED_FACE ( 'NONE', ( #8205 ), #4322, .T. ) ;
#2095 = ADVANCED_FACE ( 'NONE', ( #8210 ), #8266, .T. ) ;
#2096 = ADVANCED_FACE ( 'NONE', ( #8204 ), #2915, .T. ) ;
#2097 = ADVANCED_FACE ( 'NONE', ( #8278 ), #2914, .T. ) ;
#2098 = ADVANCED_FACE ( 'NONE', ( #8270 ), #5633, .T. ) ;
#2099 = ADVANCED_FACE ( 'NONE', ( #8189 ), #2913, .T. ) ;
#2100 = ADVANCED_FACE ( 'NONE', ( #8254, #8288 ), #5667, .T. ) ;
#2101 = ADVANCED_FACE ( 'NONE', ( #8256 ), #8287, .T. ) ;
#2102 = ADVANCED_FACE ( 'NONE', ( #8274 ), #5674, .T. ) ;
#2103 = ADVANCED_FACE ( 'NONE', ( #8253 ), #5687, .F. ) ;
#2104 = ADVANCED_FACE ( 'NONE', ( #8268 ), #8251, .T. ) ;
#2105 = EDGE_CURVE ( 'NONE', #4964, #4984, #4726, .T. ) ;
#2106 = ADVANCED_FACE ( 'NONE', ( #8202 ), #5705, .F. ) ;
#2107 = ADVANCED_FACE ( 'NONE', ( #8258 ), #8227, .T. ) ;
#2108 = ADVANCED_FACE ( 'NONE', ( #8252 ), #8286, .T. ) ;
#2109 = ADVANCED_FACE ( 'NONE', ( #8230 ), #2912, .T. ) ;
#2110 = ADVANCED_FACE ( 'NONE', ( #8283 ), #5754, .T. ) ;
#2111 = ADVANCED_FACE ( 'NONE', ( #8250 ), #5758, .F. ) ;
#2112 = EDGE_CURVE ( 'NONE', #9062, #4986, #4720, .T. ) ;
#2113 = ADVANCED_FACE ( 'NONE', ( #8263 ), #2911, .T. ) ;
#2114 = ADVANCED_FACE ( 'NONE', ( #8207 ), #5803, .T. ) ;
#2115 = ADVANCED_FACE ( 'NONE', ( #8223 ), #5807, .T. ) ;
#2116 = EDGE_CURVE ( 'NONE', #5002, #5045, #5811, .T. ) ;
#2117 = ADVANCED_FACE ( 'NONE', ( #8275 ), #2910, .T. ) ;
#2118 = EDGE_CURVE ( 'NONE', #4945, #4972, #4729, .T. ) ;
#2119 = ADVANCED_FACE ( 'NONE', ( #8244 ), #8217, .T. ) ;
#2120 = EDGE_CURVE ( 'NONE', #6326, #4945, #4714, .T. ) ;
#2121 = ADVANCED_FACE ( 'NONE', ( #8242 ), #2909, .T. ) ;
#2122 = ADVANCED_FACE ( 'NONE', ( #8195 ), #8238, .T. ) ;
#2123 = ADVANCED_FACE ( 'NONE', ( #8240 ), #6720, .T. ) ;
#2124 = ADVANCED_FACE ( 'NONE', ( #8237 ), #8229, .T. ) ;
#2125 = ADVANCED_FACE ( 'NONE', ( #8231 ), #6727, .T. ) ;
#2126 = EDGE_CURVE ( 'NONE', #5038, #5023, #6731, .T. ) ;
#2127 = ADVANCED_FACE ( 'NONE', ( #8224 ), #6734, .F. ) ;
#2128 = ADVANCED_FACE ( 'NONE', ( #8222 ), #6738, .F. ) ;
#2129 = EDGE_CURVE ( 'NONE', #4986, #6323, #2152, .T. ) ;
#2130 = ADVANCED_FACE ( 'NONE', ( #8235 ), #6761, .T. ) ;
#2131 = EDGE_CURVE ( 'NONE', #8722, #4996, #6765, .T. ) ;
#2132 = ADVANCED_FACE ( 'NONE', ( #8234 ), #6768, .T. ) ;
#2133 = EDGE_CURVE ( 'NONE', #8749, #4973, #2146, .T. ) ;
#2134 = ADVANCED_FACE ( 'NONE', ( #8191 ), #6787, .T. ) ;
#2135 = ADVANCED_FACE ( 'NONE', ( #8255 ), #8196, .T. ) ;
#2136 = ADVANCED_FACE ( 'NONE', ( #8277 ), #6794, .T. ) ;
#2137 = ADVANCED_FACE ( 'NONE', ( #8267 ), #6798, .T. ) ;
#2138 = ADVANCED_FACE ( 'NONE', ( #8273 ), #6802, .T. ) ;
#2139 = ADVANCED_FACE ( 'NONE', ( #8261 ), #6806, .T. ) ;
#2140 = ADVANCED_FACE ( 'NONE', ( #8264 ), #6810, .T. ) ;
#2141 = MANIFOLD_SOLID_BREP ( 'Cut-Extrude1', #9034 ) ;
#2142 = PRODUCT_DEFINITION_CONTEXT ( 'detailed design', #4744, 'design' ) ;
#2143 = PRODUCT_DEFINITION_SHAPE ( 'NONE', 'NONE',  #4371 ) ;
#2144 = B_SPLINE_CURVE_WITH_KNOTS ( 'NONE', 3,
 ( #2401, #2402, #2403, #2404, #2405, #2406, #2407, #2408, #2409, #2410, #2411, #2412, #2413, #2414, #2415, #2416, #2417, #2418, #2419, #2420, #2421, #2422, #2423 ),
 .UNSPECIFIED., .F., .F.,
 ( 4, 1, 1, 1, 1, 1, 1, 1, 1, 1, 1, 1, 1, 1, 1, 1, 1, 1, 1, 1, 4 ),
 ( 0.0000000000000000000, 0.06568119799063883200, 0.1284864641740648100, 0.1881751303280078100, 0.2451061306699864300, 0.2994484245294754500, 0.3508229360093823600, 0.3999416805337777700, 0.4466717436323720500, 0.4912545333734980000, 0.5333763442704362300, 0.5738527549682235200, 0.6125263117194523800, 0.6495971364453290200, 0.6855320415538496100, 0.7201057860682009700, 0.7538376629736496200, 0.8189254160467140900, 0.8804934616501646200, 0.9403113338460573600, 1.000000000000000000 ),
 .UNSPECIFIED. ) ;
#2145 = UNCERTAINTY_MEASURE_WITH_UNIT (LENGTH_MEASURE( 1.000000000000000100E-005 ), #6820, 'distance_accuracy_value', 'NONE');
#2146 = B_SPLINE_CURVE_WITH_KNOTS ( 'NONE', 3,
 ( #6772, #6773, #6774, #6775, #6776, #6777, #6778, #6779, #6780, #6781, #6782, #6783, #6784, #6785, #6786 ),
 .UNSPECIFIED., .F., .F.,
 ( 4, 1, 1, 1, 1, 1, 1, 1, 1, 1, 1, 1, 4 ),
 ( 0.0000000000000000000, 0.09846943102555763500, 0.1896291011376317300, 0.2741840894379700100, 0.3521831609671533000, 0.4231988731834702100, 0.4885509460005320000, 0.5484733460279374000, 0.6014401636178717800, 0.7011980824257635400, 0.7995918021381837000, 0.8985450984822264100, 1.000000000000000000 ),
 .UNSPECIFIED. ) ;
#2147 = B_SPLINE_CURVE_WITH_KNOTS ( 'NONE', 3,
 ( #832, #839, #840, #841, #842, #843, #844, #845, #846, #847, #848, #849, #850, #851, #852, #853, #854, #855, #856 ),
 .UNSPECIFIED., .F., .F.,
 ( 4, 1, 1, 1, 1, 1, 1, 1, 1, 1, 1, 1, 1, 1, 1, 1, 4 ),
 ( 0.0000000000000000000, 0.07855643335270201500, 0.1528628401420925300, 0.2235596934382873000, 0.2903749439782083400, 0.3554030728222032900, 0.4182911570440928700, 0.4803885637756447600, 0.5430726152062792500, 0.6049239444620948500, 0.6643983091132995600, 0.7219425547367024400, 0.7783748910546740600, 0.8338299406509401800, 0.8888612363188848100, 0.9440889395778864200, 1.000000000000000000 ),
 .UNSPECIFIED. ) ;
#2148 = UNCERTAINTY_MEASURE_WITH_UNIT (LENGTH_MEASURE( 1.000000000000000100E-005 ), #6839, 'distance_accuracy_value', 'NONE');
#2149 = B_SPLINE_CURVE_WITH_KNOTS ( 'NONE', 3,
 ( #1256, #1257, #1258, #1259, #1260, #1261, #1262, #1263, #1264, #1265, #1266, #1267, #1268, #1269, #1270, #1271, #1272, #1273, #1274 ),
 .UNSPECIFIED., .F., .F.,
 ( 4, 1, 1, 1, 1, 1, 1, 1, 1, 1, 1, 1, 1, 1, 1, 1, 4 ),
 ( 0.0000000000000000000, 0.05720826943350786100, 0.1136960596574902600, 0.1691779164171948500, 0.2241592165805417800, 0.2787198783810434500, 0.3337942174469880600, 0.3892414593400018200, 0.4458220733936211200, 0.5037042811090197700, 0.5642938918193638500, 0.6279754158952234300, 0.6950382596840509700, 0.7653727258510129000, 0.8396114430907355400, 0.9175377500777889300, 0.9999999999999998900 ),
 .UNSPECIFIED. ) ;
#2150 = B_SPLINE_CURVE_WITH_KNOTS ( 'NONE', 3,
 ( #802, #818, #819, #820, #821, #822, #823, #824, #825, #826, #827, #828, #829, #830, #831 ),
 .UNSPECIFIED., .F., .F.,
 ( 4, 1, 1, 1, 1, 1, 1, 1, 1, 1, 1, 1, 4 ),
 ( 0.0000000000000000000, 0.1128134007444597900, 0.2253938839207306500, 0.3395948145626997400, 0.4596754102248651900, 0.5217351900879325700, 0.5839258387389156800, 0.6481741447653687200, 0.7138810381130672500, 0.7810044549073905700, 0.8514509275565548300, 0.9240506926641785000, 1.000000000000000000 ),
 .UNSPECIFIED. ) ;
#2151 = B_SPLINE_CURVE_WITH_KNOTS ( 'NONE', 3,
 ( #857, #858, #859, #860, #861, #862, #863, #864, #865, #866, #867 ),
 .UNSPECIFIED., .F., .F.,
 ( 4, 1, 1, 1, 1, 1, 1, 1, 4 ),
 ( 0.0000000000000000000, 0.1192834503733710400, 0.2370928820686316600, 0.3547960442151290600, 0.4745763009408504000, 0.5974600658149749100, 0.7249261546156124900, 0.8588831991927644600, 1.000000000000000000 ),
 .UNSPECIFIED. ) ;
#2152 = B_SPLINE_CURVE_WITH_KNOTS ( 'NONE', 3,
 ( #6742, #6743, #6744, #6745, #6746, #6747, #6748, #6749, #6750, #6751, #6752, #6753, #6754, #6755, #6756, #6757, #6758, #6759, #6760 ),
 .UNSPECIFIED., .F., .F.,
 ( 4, 1, 1, 1, 1, 1, 1, 1, 1, 1, 1, 1, 1, 1, 1, 1, 4 ),
 ( 0.0000000000000000000, 0.07011889441971468100, 0.1371923527859710800, 0.2020161807247510500, 0.2646314069747435200, 0.3261165471458178400, 0.3860103046676409700, 0.4458118469576798900, 0.5052976967309597000, 0.5646332777264886400, 0.6242826253338404900, 0.6839020319037509800, 0.7439527709382701700, 0.8053877310076353900, 0.8683880308962804700, 0.9330840282524769400, 1.000000000000000000 ),
 .UNSPECIFIED. ) ;
#2153 = B_SPLINE_CURVE_WITH_KNOTS ( 'NONE', 3,
 ( #892, #893, #894, #895, #896, #897, #898, #899, #900, #901, #902, #903, #904, #905, #906, #907, #908, #909, #910 ),
 .UNSPECIFIED., .F., .F.,
 ( 4, 1, 1, 1, 1, 1, 1, 1, 1, 1, 1, 1, 1, 1, 1, 1, 4 ),
 ( 0.0000000000000000000, 0.05456394950705875000, 0.1078262027811415800, 0.1619237085214006400, 0.2175097010530382100, 0.2744983327961374500, 0.3348147646240149900, 0.3975549470643520200, 0.4647545773561981300, 0.5329012097695236000, 0.6000972138233270400, 0.6653541614565446900, 0.7310836277242057600, 0.7968834939590050400, 0.8632915901470210600, 0.9308312175092451300, 1.000000000000000000 ),
 .UNSPECIFIED. ) ;
#2154 = B_SPLINE_CURVE_WITH_KNOTS ( 'NONE', 3,
 ( #868, #878, #879, #880, #881, #882, #883, #884, #885, #886, #887, #888, #889, #890, #891 ),
 .UNSPECIFIED., .F., .F.,
 ( 4, 1, 1, 1, 1, 1, 1, 1, 1, 1, 1, 1, 4 ),
 ( 0.0000000000000000000, 0.08968993624739170200, 0.1784940104960780200, 0.2668377532994865600, 0.3565581760610150900, 0.4453342496549763700, 0.5308058350374912400, 0.6140762174402838400, 0.6977070858228013900, 0.7791419498114603400, 0.8553535905869743500, 0.9285568200856553200, 1.000000000000000000 ),
 .UNSPECIFIED. ) ;
#2155 = B_SPLINE_CURVE_WITH_KNOTS ( 'NONE', 3,
 ( #911, #912, #913, #914, #915, #916, #917, #918, #919, #920, #921, #922, #923, #924, #925, #926, #927, #928, #929 ),
 .UNSPECIFIED., .F., .F.,
 ( 4, 1, 1, 1, 1, 1, 1, 1, 1, 1, 1, 1, 1, 1, 1, 1, 4 ),
 ( 0.0000000000000000000, 0.05090243768365540500, 0.1010340427826149400, 0.1510838170086593300, 0.2030619875551385700, 0.2562484343627557900, 0.3108467145046029900, 0.3687690999693271100, 0.4300150403860059600, 0.4925196472738479500, 0.5560487215256787500, 0.6219956829149504400, 0.6901923690829554500, 0.7613848549884997300, 0.8363562199507238400, 0.9154870053271095800, 1.000000000000000000 ),
 .UNSPECIFIED. ) ;
#2156 = B_SPLINE_CURVE_WITH_KNOTS ( 'NONE', 3,
 ( #779, #780, #781, #782, #783, #784, #785, #786, #787, #788, #789, #790, #791, #792, #793, #794, #795, #796, #797, #798, #799, #800, #801 ),
 .UNSPECIFIED., .F., .F.,
 ( 4, 1, 1, 1, 1, 1, 1, 1, 1, 1, 1, 1, 1, 1, 1, 1, 1, 1, 1, 1, 4 ),
 ( 0.0000000000000000000, 0.07295106587586652800, 0.1415836941865450100, 0.2059264601708670200, 0.2653013571846052900, 0.3205972327139282000, 0.3718165030988102000, 0.4187897697094523600, 0.4616987286157645000, 0.5021335821035652900, 0.5408043152926477200, 0.5781805253279659300, 0.6142968652075149200, 0.6496782432647876200, 0.6842994600896379300, 0.7183589527723606100, 0.7520808646475974900, 0.8176524386023856800, 0.8797220764054369800, 0.9399655597309872800, 1.000000000000000000 ),
 .UNSPECIFIED. ) ;
#2157 = VECTOR ( 'NONE', #4062, 1000.000000000000100 ) ;
#2158 = FACE_OUTER_BOUND ( 'NONE', #7122, .T. ) ;
#2159 = VECTOR ( 'NONE', #7541, 1000.000000000000000 ) ;
#2160 = AXIS2_PLACEMENT_3D ( 'NONE', #7471, #7472, #7473 ) ;
#2161 = VECTOR ( 'NONE', #1338, 1000.000000000000000 ) ;
#2162 = FACE_OUTER_BOUND ( 'NONE', #1040, .T. ) ;
#2163 = VECTOR ( 'NONE', #1194, 1000.000000000000000 ) ;
#2164 = FACE_OUTER_BOUND ( 'NONE', #7264, .T. ) ;
#2165 = FACE_BOUND ( 'NONE', #7047, .T. ) ;
#2166 = VECTOR ( 'NONE', #1158, 1000.000000000000000 ) ;
#2167 = FACE_OUTER_BOUND ( 'NONE', #7080, .T. ) ;
#2168 = AXIS2_PLACEMENT_3D ( 'NONE', #7483, #7484, #7485 ) ;
#2169 = VECTOR ( 'NONE', #1165, 1000.000000000000000 ) ;
#2170 = FACE_OUTER_BOUND ( 'NONE', #7213, .T. ) ;
#2171 = AXIS2_PLACEMENT_3D ( 'NONE', #7498, #7499, #7500 ) ;
#2172 = FACE_OUTER_BOUND ( 'NONE', #5884, .T. ) ;
#2173 = VECTOR ( 'NONE', #1162, 1000.000000000000000 ) ;
#2174 = AXIS2_PLACEMENT_3D ( 'NONE', #2780, #2781, #2782 ) ;
#2175 = VECTOR ( 'NONE', #4059, 1000.000000000000000 ) ;
#2176 = AXIS2_PLACEMENT_3D ( 'NONE', #7491, #7492, #7493 ) ;
#2177 = FACE_OUTER_BOUND ( 'NONE', #7251, .T. ) ;
#2178 = VECTOR ( 'NONE', #4070, 1000.000000000000000 ) ;
#2179 = VECTOR ( 'NONE', #4030, 1000.000000000000000 ) ;
#2180 = VECTOR ( 'NONE', #1357, 1000.000000000000000 ) ;
#2181 = FACE_OUTER_BOUND ( 'NONE', #7173, .T. ) ;
#2182 = FACE_BOUND ( 'NONE', #1092, .T. ) ;
#2183 = FACE_OUTER_BOUND ( 'NONE', #7078, .T. ) ;
#2184 = FACE_OUTER_BOUND ( 'NONE', #5935, .T. ) ;
#2185 = VECTOR ( 'NONE', #1222, 1000.000000000000000 ) ;
#2186 = AXIS2_PLACEMENT_3D ( 'NONE', #7487, #7488, #7489 ) ;
#2187 = VECTOR ( 'NONE', #1191, 1000.000000000000000 ) ;
#2188 = FACE_OUTER_BOUND ( 'NONE', #7204, .T. ) ;
#2189 = FACE_OUTER_BOUND ( 'NONE', #7120, .T. ) ;
#2190 = AXIS2_PLACEMENT_3D ( 'NONE', #2660, #2661, #2662 ) ;
#2191 = MECHANICAL_DESIGN_GEOMETRIC_PRESENTATION_REPRESENTATION (  '', ( #2223 ), #3798 ) ;
#2192 = AXIS2_PLACEMENT_3D ( 'NONE', #4056, #4066, #4067 ) ;
#2193 = FACE_OUTER_BOUND ( 'NONE', #7099, .T. ) ;
#2194 = VECTOR ( 'NONE', #4065, 999.9999999999998900 ) ;
#2195 = VECTOR ( 'NONE', #1197, 1000.000000000000000 ) ;
#2196 = FACE_OUTER_BOUND ( 'NONE', #1084, .T. ) ;
#2197 = AXIS2_PLACEMENT_3D ( 'NONE', #7479, #7480, #7481 ) ;
#2198 = FACE_OUTER_BOUND ( 'NONE', #7254, .T. ) ;
#2199 = FACE_OUTER_BOUND ( 'NONE', #7172, .T. ) ;
#2200 = FACE_OUTER_BOUND ( 'NONE', #1049, .T. ) ;
#2201 = VECTOR ( 'NONE', #2621, 1000.000000000000000 ) ;
#2202 = FACE_OUTER_BOUND ( 'NONE', #5888, .T. ) ;
#2203 = FACE_OUTER_BOUND ( 'NONE', #1066, .T. ) ;
#2204 = FACE_OUTER_BOUND ( 'NONE', #7191, .T. ) ;
#2205 = VECTOR ( 'NONE', #4008, 1000.000000000000000 ) ;
#2206 = FACE_OUTER_BOUND ( 'NONE', #5897, .T. ) ;
#2207 = FACE_OUTER_BOUND ( 'NONE', #5890, .T. ) ;
#2208 = VECTOR ( 'NONE', #4055, 1000.000000000000000 ) ;
#2209 = FACE_OUTER_BOUND ( 'NONE', #7055, .T. ) ;
#2210 = AXIS2_PLACEMENT_3D ( 'NONE', #2668, #2669, #2670 ) ;
#2211 = FACE_OUTER_BOUND ( 'NONE', #7085, .T. ) ;
#2212 = AXIS2_PLACEMENT_3D ( 'NONE', #3973, #3974, #3975 ) ;
#2213 = AXIS2_PLACEMENT_3D ( 'NONE', #2838, #2839, #2840 ) ;
#2214 = FACE_OUTER_BOUND ( 'NONE', #7086, .T. ) ;
#2215 = PRESENTATION_LAYER_ASSIGNMENT (  '', '', ( #2223 ) ) ;
#2216 = FACE_OUTER_BOUND ( 'NONE', #7077, .T. ) ;
#2217 = FACE_OUTER_BOUND ( 'NONE', #7095, .T. ) ;
#2218 = FACE_OUTER_BOUND ( 'NONE', #7237, .T. ) ;
#2219 = FACE_OUTER_BOUND ( 'NONE', #7202, .T. ) ;
#2220 = FACE_OUTER_BOUND ( 'NONE', #7257, .T. ) ;
#2221 = FACE_OUTER_BOUND ( 'NONE', #7135, .T. ) ;
#2222 = FACE_OUTER_BOUND ( 'NONE', #7272, .T. ) ;
#2223 = STYLED_ITEM ( 'NONE', ( #3968 ), #4576 ) ;
#2224 = AXIS2_PLACEMENT_3D ( 'NONE', #6364, #6365, #6366 ) ;
#2225 = FACE_OUTER_BOUND ( 'NONE', #7079, .T. ) ;
#2226 = VECTOR ( 'NONE', #1367, 1000.000000000000000 ) ;
#2227 = FACE_OUTER_BOUND ( 'NONE', #5889, .T. ) ;
#2228 = AXIS2_PLACEMENT_3D ( 'NONE', #6480, #6481, #6482 ) ;
#2229 = FACE_OUTER_BOUND ( 'NONE', #7116, .T. ) ;
#2230 = VECTOR ( 'NONE', #7496, 1000.000000000000000 ) ;
#2231 = AXIS2_PLACEMENT_3D ( 'NONE', #2664, #2665, #2666 ) ;
#2232 = FACE_OUTER_BOUND ( 'NONE', #7250, .T. ) ;
#2233 = VECTOR ( 'NONE', #8009, 1000.000000000000000 ) ;
#2234 = FACE_BOUND ( 'NONE', #7208, .T. ) ;
#2235 = AXIS2_PLACEMENT_3D ( 'NONE', #7985, #7998, #7999 ) ;
#2236 = VECTOR ( 'NONE', #7823, 1000.000000000000000 ) ;
#2237 = STYLED_ITEM ( 'NONE', ( #8056 ), #1999 ) ;
#2238 = FACE_OUTER_BOUND ( 'NONE', #7189, .T. ) ;
#2239 = VECTOR ( 'NONE', #7979, 1000.000000000000000 ) ;
#2240 = VECTOR ( 'NONE', #7820, 1000.000000000000000 ) ;
#2241 = FACE_BOUND ( 'NONE', #7206, .T. ) ;
#2242 = FACE_OUTER_BOUND ( 'NONE', #7260, .T. ) ;
#2243 = VECTOR ( 'NONE', #7917, 1000.000000000000000 ) ;
#2244 = FACE_BOUND ( 'NONE', #7084, .T. ) ;
#2245 = VECTOR ( 'NONE', #8003, 1000.000000000000000 ) ;
#2246 = VECTOR ( 'NONE', #7991, 1000.000000000000000 ) ;
#2247 = VECTOR ( 'NONE', #7948, 1000.000000000000000 ) ;
#2248 = FACE_BOUND ( 'NONE', #7217, .T. ) ;
#2249 = VECTOR ( 'NONE', #7934, 1000.000000000000000 ) ;
#2250 = VECTOR ( 'NONE', #8012, 1000.000000000000000 ) ;
#2251 = VECTOR ( 'NONE', #7920, 1000.000000000000200 ) ;
#2252 = AXIS2_PLACEMENT_3D ( 'NONE', #7982, #7983, #7984 ) ;
#2253 = AXIS2_PLACEMENT_3D ( 'NONE', #8064, #8065, #8066 ) ;
#2254 = VECTOR ( 'NONE', #7994, 1000.000000000000000 ) ;
#2255 = FACE_OUTER_BOUND ( 'NONE', #7146, .T. ) ;
#2256 = VECTOR ( 'NONE', #7997, 1000.000000000000000 ) ;
#2257 = VECTOR ( 'NONE', #7826, 1000.000000000000000 ) ;
#2258 = FACE_BOUND ( 'NONE', #7109, .T. ) ;
#2259 = AXIS2_PLACEMENT_3D ( 'NONE', #8000, #8004, #8005 ) ;
#2260 = VECTOR ( 'NONE', #7988, 1000.000000000000000 ) ;
#2261 = FACE_BOUND ( 'NONE', #7083, .T. ) ;
#2262 = VECTOR ( 'NONE', #8015, 1000.000000000000000 ) ;
#2263 = VECTOR ( 'NONE', #7951, 1000.000000000000000 ) ;
#2264 = FACE_BOUND ( 'NONE', #7186, .T. ) ;
#2265 = VECTOR ( 'NONE', #8018, 1000.000000000000000 ) ;
#2266 = VECTOR ( 'NONE', #7954, 1000.000000000000000 ) ;
#2267 = FACE_BOUND ( 'NONE', #7222, .T. ) ;
#2268 = AXIS2_PLACEMENT_3D ( 'NONE', #7973, #7980, #7981 ) ;
#2269 = AXIS2_PLACEMENT_3D ( 'NONE', #8061, #8062, #8063 ) ;
#2270 = VECTOR ( 'NONE', #7976, 1000.000000000000000 ) ;
#2271 = FACE_BOUND ( 'NONE', #7226, .T. ) ;
#2272 = FACE_BOUND ( 'NONE', #7092, .T. ) ;
#2273 = PRESENTATION_LAYER_ASSIGNMENT (  '', '', ( #2237 ) ) ;
#2274 = MECHANICAL_DESIGN_GEOMETRIC_PRESENTATION_REPRESENTATION (  '', ( #2237 ), #3786 ) ;
#2275 = FACE_OUTER_BOUND ( 'NONE', #4841, .T. ) ;
#2276 = SPHERICAL_SURFACE ( 'NONE', #2253, 0.02500000000000000100 ) ;
#2277 = FACE_OUTER_BOUND ( 'NONE', #7147, .T. ) ;
#2278 = FACE_OUTER_BOUND ( 'NONE', #4906, .T. ) ;
#2279 = AXIS2_PLACEMENT_3D ( 'NONE', #8077, #8078, #8079 ) ;
#2280 = STYLED_ITEM ( 'NONE', ( #8072 ), #2001 ) ;
#2281 = PRESENTATION_LAYER_ASSIGNMENT (  '', '', ( #2280 ) ) ;
#2282 = MECHANICAL_DESIGN_GEOMETRIC_PRESENTATION_REPRESENTATION (  '', ( #2280 ), #3787 ) ;
#2283 = AXIS2_PLACEMENT_3D ( 'NONE', #8160, #8161, #8162 ) ;
#2284 = FACE_OUTER_BOUND ( 'NONE', #7219, .T. ) ;
#2285 = AXIS2_PLACEMENT_3D ( 'NONE', #8111, #8112, #8113 ) ;
#2286 = FACE_OUTER_BOUND ( 'NONE', #7220, .T. ) ;
#2287 = AXIS2_PLACEMENT_3D ( 'NONE', #8115, #8116, #8117 ) ;
#2288 = AXIS2_PLACEMENT_3D ( 'NONE', #43, #44, #45 ) ;
#2289 = VECTOR ( 'NONE', #8120, 1000.000000000000000 ) ;
#2290 = CYLINDRICAL_SURFACE ( 'NONE', #2283, 0.02499999999999995600 ) ;
#2291 = STYLED_ITEM ( 'NONE', ( #8156 ), #2007 ) ;
#2292 = PRESENTATION_LAYER_ASSIGNMENT (  '', '', ( #2291 ) ) ;
#2293 = MECHANICAL_DESIGN_GEOMETRIC_PRESENTATION_REPRESENTATION (  '', ( #2291 ), #3788 ) ;
#2294 = FACE_OUTER_BOUND ( 'NONE', #7266, .T. ) ;
#2295 = FACE_OUTER_BOUND ( 'NONE', #7247, .T. ) ;
#2296 = FACE_OUTER_BOUND ( 'NONE', #7098, .T. ) ;
#2297 = FACE_OUTER_BOUND ( 'NONE', #7170, .T. ) ;
#2298 = AXIS2_PLACEMENT_3D ( 'NONE', #121, #122, #123 ) ;
#2299 = FACE_OUTER_BOUND ( 'NONE', #7249, .T. ) ;
#2300 = VECTOR ( 'NONE', #86, 1000.000000000000000 ) ;
#2301 = AXIS2_PLACEMENT_3D ( 'NONE', #98, #99, #100 ) ;
#2302 = FACE_OUTER_BOUND ( 'NONE', #7089, .T. ) ;
#2303 = AXIS2_PLACEMENT_3D ( 'NONE', #102, #103, #104 ) ;
#2304 = FACE_OUTER_BOUND ( 'NONE', #7236, .T. ) ;
#2305 = AXIS2_PLACEMENT_3D ( 'NONE', #106, #107, #108 ) ;
#2306 = FACE_OUTER_BOUND ( 'NONE', #7224, .T. ) ;
#2307 = FACE_OUTER_BOUND ( 'NONE', #7248, .T. ) ;
#2308 = AXIS2_PLACEMENT_3D ( 'NONE', #157, #158, #159 ) ;
#2309 = FACE_OUTER_BOUND ( 'NONE', #7152, .T. ) ;
#2310 = AXIS2_PLACEMENT_3D ( 'NONE', #147, #148, #149 ) ;
#2311 = FACE_OUTER_BOUND ( 'NONE', #7235, .T. ) ;
#2312 = AXIS2_PLACEMENT_3D ( 'NONE', #151, #152, #153 ) ;
#2313 = VECTOR ( 'NONE', #156, 1000.000000000000200 ) ;
#2314 = CYLINDRICAL_SURFACE ( 'NONE', #2308, 0.02499999999999995600 ) ;
#2315 = FACE_OUTER_BOUND ( 'NONE', #7113, .T. ) ;
#2316 = VECTOR ( 'NONE', #7798, 1000.000000000000000 ) ;
#2317 = AXIS2_PLACEMENT_3D ( 'NONE', #168, #169, #170 ) ;
#2318 = VECTOR ( 'NONE', #7795, 1000.000000000000000 ) ;
#2319 = AXIS2_PLACEMENT_3D ( 'NONE', #161, #162, #163 ) ;
#2320 = VECTOR ( 'NONE', #7789, 1000.000000000000100 ) ;
#2321 = VECTOR ( 'NONE', #7792, 1000.000000000000000 ) ;
#2322 = CARTESIAN_POINT ( 'NONE',  ( 0.1848861679748289300, 0.4489999999999999000, 0.01501326306380247100 ) ) ;
#2323 = CARTESIAN_POINT ( 'NONE',  ( 0.1854982997986135700, 0.4490000000000000100, 0.01320155551398927000 ) ) ;
#2324 = CARTESIAN_POINT ( 'NONE',  ( 0.1862872076349202700, 0.4489999999999997900, 0.01039116545454664600 ) ) ;
#2325 = CARTESIAN_POINT ( 'NONE',  ( 0.1869085047550259300, 0.4489999999999999000, 0.007442515056319944600 ) ) ;
#2326 = CARTESIAN_POINT ( 'NONE',  ( 0.1874674580621523700, 0.4489999999999998400, 0.004373226007221584500 ) ) ;
#2327 = CARTESIAN_POINT ( 'NONE',  ( 0.1878489739449341900, 0.4489999999999999500, 0.001160663121193523200 ) ) ;
#2328 = CARTESIAN_POINT ( 'NONE',  ( 0.1881560543244550600, 0.4489999999999997300, -0.002185233562113570500 ) ) ;
#2329 = CARTESIAN_POINT ( 'NONE',  ( 0.1883369310941484500, 0.4489999999999999500, -0.005666986768840615000 ) ) ;
#2330 = CARTESIAN_POINT ( 'NONE',  ( 0.1883593525533292200, 0.4489999999999997900, -0.008032557945847753500 ) ) ;
#2331 = CARTESIAN_POINT ( 'NONE',  ( 0.1883707465873147300, 0.4489999999999998400, -0.009234683024705323300 ) ) ;
#2332 = CARTESIAN_POINT ( 'NONE',  ( 0.1973451055616737000, 0.4489999999999998400, -0.009194618922141226100 ) ) ;
#2333 = CARTESIAN_POINT ( 'NONE',  ( 0.1973264888604187600, 0.4489999999999998400, -0.007665364409543937900 ) ) ;
#2334 = CARTESIAN_POINT ( 'NONE',  ( 0.1972902149772331200, 0.4489999999999998400, -0.004685674356434619600 ) ) ;
#2335 = CARTESIAN_POINT ( 'NONE',  ( 0.1971022519267269200, 0.4489999999999999500, -0.0003276464901549265300 ) ) ;
#2336 = CARTESIAN_POINT ( 'NONE',  ( 0.1967320053216203300, 0.4489999999999998400, 0.003786583318375402500 ) ) ;
#2337 = CARTESIAN_POINT ( 'NONE',  ( 0.1962688627985124700, 0.4489999999999997900, 0.007666882245767323000 ) ) ;
#2338 = CARTESIAN_POINT ( 'NONE',  ( 0.1956274067135575800, 0.4489999999999998400, 0.01129709992670902000 ) ) ;
#2339 = CARTESIAN_POINT ( 'NONE',  ( 0.1948386876778066800, 0.4489999999999997300, 0.01468979845436354900 ) ) ;
#2340 = CARTESIAN_POINT ( 'NONE',  ( 0.1939629641686133900, 0.4489999999999998400, 0.01785962907337577300 ) ) ;
#2341 = CARTESIAN_POINT ( 'NONE',  ( 0.1928819700511904000, 0.4489999999999998400, 0.02078062369080304100 ) ) ;
#2342 = CARTESIAN_POINT ( 'NONE',  ( 0.1916988068984124500, 0.4489999999999999500, 0.02349353005836857900 ) ) ;
#2343 = CARTESIAN_POINT ( 'NONE',  ( 0.1904115155791157300, 0.4489999999999998400, 0.02602687715350270400 ) ) ;
#2344 = CARTESIAN_POINT ( 'NONE',  ( 0.1890323776909535700, 0.4489999999999999000, 0.02840305694434958100 ) ) ;
#2345 = CARTESIAN_POINT ( 'NONE',  ( 0.1875298421194384600, 0.4489999999999999000, 0.03060304971381124000 ) ) ;
#2346 = CARTESIAN_POINT ( 'NONE',  ( 0.1859283160281120500, 0.4489999999999997900, 0.03264243991589323900 ) ) ;
#2347 = CARTESIAN_POINT ( 'NONE',  ( 0.1841935220625979000, 0.4489999999999999500, 0.03448522913450843100 ) ) ;
#2348 = CARTESIAN_POINT ( 'NONE',  ( 0.1823743624882555600, 0.4489999999999998400, 0.03617581976202686300 ) ) ;
#2349 = CARTESIAN_POINT ( 'NONE',  ( 0.1804482934644284500, 0.4489999999999999000, 0.03768015197523136300 ) ) ;
#2350 = CARTESIAN_POINT ( 'NONE',  ( 0.1784365348577954500, 0.4489999999999996800, 0.03899686067912735300 ) ) ;
#2351 = CARTESIAN_POINT ( 'NONE',  ( 0.1763805612313700800, 0.4490000000000000100, 0.04017439926163649000 ) ) ;
#2352 = CARTESIAN_POINT ( 'NONE',  ( 0.1742438931357333500, 0.4489999999999997300, 0.04112390483448927900 ) ) ;
#2353 = CARTESIAN_POINT ( 'NONE',  ( 0.1720749516291761000, 0.4489999999999999000, 0.04193919171956796800 ) ) ;
#2354 = CARTESIAN_POINT ( 'NONE',  ( 0.1698427125973202000, 0.4489999999999999500, 0.04256206177345777500 ) ) ;
#2355 = CARTESIAN_POINT ( 'NONE',  ( 0.1675499585776218900, 0.4489999999999999000, 0.04299274335976063800 ) ) ;
#2356 = CARTESIAN_POINT ( 'NONE',  ( 0.1652083518368021600, 0.4489999999999998400, 0.04329479617275421000 ) ) ;
#2357 = CARTESIAN_POINT ( 'NONE',  ( 0.1636254499773376600, 0.4489999999999997900, 0.04331783845490575600 ) ) ;
#2358 = CARTESIAN_POINT ( 'NONE',  ( 0.1628298812026993100, 0.4489999999999998400, 0.04332941953939724300 ) ) ;
#2359 = CARTESIAN_POINT ( 'NONE',  ( 0.1631303619719301200, 0.4489999999999998400, 0.03307300928298698200 ) ) ;
#2360 = CARTESIAN_POINT ( 'NONE',  ( 0.1642377240192371700, 0.4489999999999998400, 0.03302735840265699100 ) ) ;
#2361 = CARTESIAN_POINT ( 'NONE',  ( 0.1664501618245144400, 0.4489999999999996200, 0.03293615089402701000 ) ) ;
#2362 = CARTESIAN_POINT ( 'NONE',  ( 0.1696825559714956200, 0.4489999999999999500, 0.03205618696904921600 ) ) ;
#2363 = CARTESIAN_POINT ( 'NONE',  ( 0.1728205636881317300, 0.4489999999999999000, 0.03072848584151547200 ) ) ;
#2364 = CARTESIAN_POINT ( 'NONE',  ( 0.1752797619818141100, 0.4489999999999996200, 0.02915855711525096000 ) ) ;
#2365 = CARTESIAN_POINT ( 'NONE',  ( 0.1771506917961409000, 0.4489999999999999500, 0.02766346198807166000 ) ) ;
#2366 = CARTESIAN_POINT ( 'NONE',  ( 0.1784911772277383600, 0.4489999999999998400, 0.02638875775055992200 ) ) ;
#2367 = CARTESIAN_POINT ( 'NONE',  ( 0.1797215214686883100, 0.4489999999999997300, 0.02496144725609077500 ) ) ;
#2368 = CARTESIAN_POINT ( 'NONE',  ( 0.1808884378931058800, 0.4489999999999997900, 0.02342146737280759900 ) ) ;
#2369 = CARTESIAN_POINT ( 'NONE',  ( 0.1819586971981027600, 0.4489999999999999000, 0.02173939639641381300 ) ) ;
#2370 = CARTESIAN_POINT ( 'NONE',  ( 0.1829319297036798900, 0.4489999999999998400, 0.01992332281738479600 ) ) ;
#2371 = CARTESIAN_POINT ( 'NONE',  ( 0.1838200253478275100, 0.4489999999999998400, 0.01796820344846510700 ) ) ;
#2372 = CARTESIAN_POINT ( 'NONE',  ( 0.1843259980892633700, 0.4489999999999997900, 0.01660335375944137900 ) ) ;
#2373 = CARTESIAN_POINT ( 'NONE',  ( 0.1845846888950070100, 0.4489999999999998400, 0.01590554133426903500 ) ) ;
#2374 = CARTESIAN_POINT ( 'NONE',  ( 0.1628298812026993100, 0.4489999999999998400, -0.06179878558880789300 ) ) ;
#2375 = CARTESIAN_POINT ( 'NONE',  ( 0.1636251805879661800, 0.4489999999999997300, -0.06178484801236031700 ) ) ;
#2376 = CARTESIAN_POINT ( 'NONE',  ( 0.1652067808421286100, 0.4489999999999996800, -0.06175713055795226800 ) ) ;
#2377 = CARTESIAN_POINT ( 'NONE',  ( 0.1675450772777263300, 0.4489999999999999500, -0.06149073219982077700 ) ) ;
#2378 = CARTESIAN_POINT ( 'NONE',  ( 0.1698293538981433500, 0.4489999999999997900, -0.06104870011133693700 ) ) ;
#2379 = CARTESIAN_POINT ( 'NONE',  ( 0.1720498721468143000, 0.4489999999999998400, -0.06042238655183238000 ) ) ;
#2380 = CARTESIAN_POINT ( 'NONE',  ( 0.1742248717601792600, 0.4489999999999999500, -0.05964536721870598900 ) ) ;
#2381 = CARTESIAN_POINT ( 'NONE',  ( 0.1763373405500550100, 0.4489999999999997900, -0.05867144958701541600 ) ) ;
#2382 = CARTESIAN_POINT ( 'NONE',  ( 0.1784004000255420600, 0.4489999999999998400, -0.05753776766288771400 ) ) ;
#2383 = CARTESIAN_POINT ( 'NONE',  ( 0.1803812653832535000, 0.4489999999999999000, -0.05620565688269847000 ) ) ;
#2384 = CARTESIAN_POINT ( 'NONE',  ( 0.1823016829645700800, 0.4489999999999996800, -0.05472044899136239300 ) ) ;
#2385 = CARTESIAN_POINT ( 'NONE',  ( 0.1841144819066299900, 0.4489999999999999000, -0.05304151559698122600 ) ) ;
#2386 = CARTESIAN_POINT ( 'NONE',  ( 0.1858198272179859000, 0.4489999999999997300, -0.05118580933216244200 ) ) ;
#2387 = CARTESIAN_POINT ( 'NONE',  ( 0.1874391216575925500, 0.4489999999999997300, -0.04917318464968789500 ) ) ;
#2388 = CARTESIAN_POINT ( 'NONE',  ( 0.1889264244347141100, 0.4490000000000000100, -0.04696503936872852000 ) ) ;
#2389 = CARTESIAN_POINT ( 'NONE',  ( 0.1903428082128690900, 0.4489999999999998400, -0.04459977908832423600 ) ) ;
#2390 = CARTESIAN_POINT ( 'NONE',  ( 0.1916105806672023800, 0.4489999999999999000, -0.04203604009421551400 ) ) ;
#2391 = CARTESIAN_POINT ( 'NONE',  ( 0.1928315713865908500, 0.4489999999999997300, -0.03931659815589987800 ) ) ;
#2392 = CARTESIAN_POINT ( 'NONE',  ( 0.1938854852934264200, 0.4489999999999998400, -0.03636620790428088400 ) ) ;
#2393 = CARTESIAN_POINT ( 'NONE',  ( 0.1948359494440638500, 0.4489999999999998400, -0.03320150046090684900 ) ) ;
#2394 = CARTESIAN_POINT ( 'NONE',  ( 0.1956039199747763000, 0.4489999999999998400, -0.02978509512223993400 ) ) ;
#2395 = CARTESIAN_POINT ( 'NONE',  ( 0.1962436134701516800, 0.4489999999999999000, -0.02613491668523685400 ) ) ;
#2396 = CARTESIAN_POINT ( 'NONE',  ( 0.1967391819257403900, 0.4489999999999999000, -0.02223756002123223100 ) ) ;
#2397 = CARTESIAN_POINT ( 'NONE',  ( 0.1971001145565562400, 0.4489999999999997900, -0.01810137957803914200 ) ) ;
#2398 = CARTESIAN_POINT ( 'NONE',  ( 0.1972907741291658200, 0.4489999999999999000, -0.01372365413116010200 ) ) ;
#2399 = CARTESIAN_POINT ( 'NONE',  ( 0.1973266798779278700, 0.4489999999999998400, -0.01073057272609835600 ) ) ;
#2400 = CARTESIAN_POINT ( 'NONE',  ( 0.1973451055616737000, 0.4489999999999998400, -0.009194618922141226100 ) ) ;
#2401 = CARTESIAN_POINT ( 'NONE',  ( 0.1883707465873147300, 0.4489999999999998400, -0.009234683024705323300 ) ) ;
#2402 = CARTESIAN_POINT ( 'NONE',  ( 0.1883550268949451500, 0.4489999999999998400, -0.01043661366807796500 ) ) ;
#2403 = CARTESIAN_POINT ( 'NONE',  ( 0.1883242758162154100, 0.4489999999999997900, -0.01278784694752302000 ) ) ;
#2404 = CARTESIAN_POINT ( 'NONE',  ( 0.1882067333104689400, 0.4490000000000000700, -0.01623122353786952600 ) ) ;
#2405 = CARTESIAN_POINT ( 'NONE',  ( 0.1879032026106974300, 0.4489999999999997300, -0.01950173099241671000 ) ) ;
#2406 = CARTESIAN_POINT ( 'NONE',  ( 0.1875660849288544900, 0.4489999999999999500, -0.02261345878282569300 ) ) ;
#2407 = CARTESIAN_POINT ( 'NONE',  ( 0.1870690214690804200, 0.4489999999999997900, -0.02554918171723972300 ) ) ;
#2408 = CARTESIAN_POINT ( 'NONE',  ( 0.1865330841296433700, 0.4489999999999999500, -0.02833347615313446000 ) ) ;
#2409 = CARTESIAN_POINT ( 'NONE',  ( 0.1858130494927798000, 0.4489999999999999000, -0.03093184829083015000 ) ) ;
#2410 = CARTESIAN_POINT ( 'NONE',  ( 0.1850439130649516300, 0.4489999999999998400, -0.03338497919687601800 ) ) ;
#2411 = CARTESIAN_POINT ( 'NONE',  ( 0.1841636160497679400, 0.4490000000000000700, -0.03566499789689876000 ) ) ;
#2412 = CARTESIAN_POINT ( 'NONE',  ( 0.1831945950709801800, 0.4489999999999995700, -0.03778253465009751000 ) ) ;
#2413 = CARTESIAN_POINT ( 'NONE',  ( 0.1821596876775796200, 0.4489999999999999000, -0.03974781250029199600 ) ) ;
#2414 = CARTESIAN_POINT ( 'NONE',  ( 0.1810356236644577500, 0.4489999999999996200, -0.04155543940247803700 ) ) ;
#2415 = CARTESIAN_POINT ( 'NONE',  ( 0.1798357470054499400, 0.4489999999999999000, -0.04321351205708189000 ) ) ;
#2416 = CARTESIAN_POINT ( 'NONE',  ( 0.1785283884569481000, 0.4489999999999998400, -0.04468878618728412700 ) ) ;
#2417 = CARTESIAN_POINT ( 'NONE',  ( 0.1771654063766381100, 0.4489999999999999000, -0.04602698527609960100 ) ) ;
#2418 = CARTESIAN_POINT ( 'NONE',  ( 0.1752563439245337400, 0.4489999999999997900, -0.04755448725100262800 ) ) ;
#2419 = CARTESIAN_POINT ( 'NONE',  ( 0.1727570785016653300, 0.4489999999999998400, -0.04911196426480707300 ) ) ;
#2420 = CARTESIAN_POINT ( 'NONE',  ( 0.1696472028633100300, 0.4490000000000000100, -0.05054527168938822300 ) ) ;
#2421 = CARTESIAN_POINT ( 'NONE',  ( 0.1664108987418489200, 0.4489999999999999000, -0.05136836576427125700 ) ) ;
#2422 = CARTESIAN_POINT ( 'NONE',  ( 0.1642230857677909100, 0.4489999999999998400, -0.05148441396536078400 ) ) ;
#2423 = CARTESIAN_POINT ( 'NONE',  ( 0.1631303619719301500, 0.4489999999999999000, -0.05154237533239764600 ) ) ;
#2424 = CARTESIAN_POINT ( 'NONE',  ( 0.2204220286385967800, 0.4499999999999999000, -0.03599750353752584300 ) ) ;
#2425 = LINE ( 'NONE', #2426, #8350 ) ;
#2426 = CARTESIAN_POINT ( 'NONE',  ( 0.1217040799206480500, 0.4489999999999998400, 0.007431983641961344000 ) ) ;
#2427 = DIRECTION ( 'NONE',  ( -0.0000000000000000000, 1.000000000000000000, -0.0000000000000000000 ) ) ;
#2428 = LINE ( 'NONE', #2429, #8332 ) ;
#2429 = CARTESIAN_POINT ( 'NONE',  ( 0.08324254145910961500, 0.4489999999999998400, -0.002824426614448918900 ) ) ;
#2430 = DIRECTION ( 'NONE',  ( 1.000000000000000000, 0.0000000000000000000, 0.0000000000000000000 ) ) ;
#2431 = LINE ( 'NONE', #2432, #8344 ) ;
#2432 = CARTESIAN_POINT ( 'NONE',  ( 0.1217040799206480500, 0.4489999999999998400, -0.002824426614448918900 ) ) ;
#2433 = DIRECTION ( 'NONE',  ( -0.0000000000000000000, 1.000000000000000000, -0.0000000000000000000 ) ) ;
#2434 = LINE ( 'NONE', #2435, #8324 ) ;
#2435 = CARTESIAN_POINT ( 'NONE',  ( 0.08324254145910961500, 0.4489999999999998400, 0.007431983641961344000 ) ) ;
#2436 = DIRECTION ( 'NONE',  ( 0.0000000000000000000, 0.0000000000000000000, -1.000000000000000000 ) ) ;
#2437 = LINE ( 'NONE', #2438, #8290 ) ;
#2438 = CARTESIAN_POINT ( 'NONE',  ( 0.08324254145910961500, 0.4489999999999998400, -0.002824426614448918900 ) ) ;
#2439 = DIRECTION ( 'NONE',  ( -0.0000000000000000000, 1.000000000000000000, -0.0000000000000000000 ) ) ;
#2440 = LINE ( 'NONE', #2441, #8356 ) ;
#2441 = CARTESIAN_POINT ( 'NONE',  ( 0.006319464536032651800, 0.4489999999999998400, 0.04076531697529468100 ) ) ;
#2442 = DIRECTION ( 'NONE',  ( -1.000000000000000000, 0.0000000000000000000, 0.0000000000000000000 ) ) ;
#2443 = LINE ( 'NONE', #2444, #8296 ) ;
#2444 = CARTESIAN_POINT ( 'NONE',  ( 0.08324254145910961500, 0.4489999999999998400, 0.007431983641961344000 ) ) ;
#2445 = DIRECTION ( 'NONE',  ( -0.0000000000000000000, 1.000000000000000000, -0.0000000000000000000 ) ) ;
#2446 = LINE ( 'NONE', #2447, #8322 ) ;
#2447 = CARTESIAN_POINT ( 'NONE',  ( 0.006319464536032651800, 0.4489999999999998400, -0.007952631742654047600 ) ) ;
#2448 = DIRECTION ( 'NONE',  ( 0.0000000000000000000, 0.0000000000000000000, 1.000000000000000000 ) ) ;
#2449 = LINE ( 'NONE', #2450, #8343 ) ;
#2450 = CARTESIAN_POINT ( 'NONE',  ( 0.006319464536032651800, 0.4489999999999998400, 0.04076531697529468100 ) ) ;
#2451 = DIRECTION ( 'NONE',  ( -0.0000000000000000000, 1.000000000000000000, -0.0000000000000000000 ) ) ;
#2452 = LINE ( 'NONE', #2453, #8291 ) ;
#2453 = CARTESIAN_POINT ( 'NONE',  ( 0.05760151581808394700, 0.4489999999999998400, -0.007952631742654047600 ) ) ;
#2454 = DIRECTION ( 'NONE',  ( -1.000000000000000000, 0.0000000000000000000, 0.0000000000000000000 ) ) ;
#2455 = LINE ( 'NONE', #2456, #8292 ) ;
#2456 = CARTESIAN_POINT ( 'NONE',  ( 0.006319464536032651800, 0.4489999999999998400, -0.007952631742654047600 ) ) ;
#2457 = DIRECTION ( 'NONE',  ( -0.0000000000000000000, 1.000000000000000000, -0.0000000000000000000 ) ) ;
#2458 = LINE ( 'NONE', #2459, #8329 ) ;
#2459 = CARTESIAN_POINT ( 'NONE',  ( 0.05760151581808394700, 0.4489999999999998400, 0.04076531697529468100 ) ) ;
#2460 = DIRECTION ( 'NONE',  ( 0.0000000000000000000, 0.0000000000000000000, -1.000000000000000000 ) ) ;
#2461 = LINE ( 'NONE', #2462, #8326 ) ;
#2462 = CARTESIAN_POINT ( 'NONE',  ( 0.05760151581808394700, 0.4489999999999998400, -0.007952631742654047600 ) ) ;
#2463 = DIRECTION ( 'NONE',  ( -0.0000000000000000000, 1.000000000000000000, -0.0000000000000000000 ) ) ;
#2464 = LINE ( 'NONE', #2465, #8310 ) ;
#2465 = CARTESIAN_POINT ( 'NONE',  ( 0.05760151581808394700, 0.4489999999999998400, 0.04076531697529468100 ) ) ;
#2466 = DIRECTION ( 'NONE',  ( -0.0000000000000000000, 1.000000000000000000, -0.0000000000000000000 ) ) ;
#2467 = LINE ( 'NONE', #2468, #8341 ) ;
#2468 = CARTESIAN_POINT ( 'NONE',  ( 0.05760151581808394700, 0.4489999999999998400, -0.05923468302470532400 ) ) ;
#2469 = DIRECTION ( 'NONE',  ( -0.0000000000000000000, 1.000000000000000000, -0.0000000000000000000 ) ) ;
#2470 = LINE ( 'NONE', #2471, #8336 ) ;
#2471 = CARTESIAN_POINT ( 'NONE',  ( 0.05760151581808394700, 0.4489999999999998400, -0.05923468302470532400 ) ) ;
#2472 = DIRECTION ( 'NONE',  ( 1.000000000000000000, 0.0000000000000000000, 0.0000000000000000000 ) ) ;
#2473 = LINE ( 'NONE', #2474, #8316 ) ;
#2474 = CARTESIAN_POINT ( 'NONE',  ( 0.06657587479244293800, 0.4489999999999998400, -0.05923468302470532400 ) ) ;
#2475 = DIRECTION ( 'NONE',  ( -0.0000000000000000000, 1.000000000000000000, -0.0000000000000000000 ) ) ;
#2476 = LINE ( 'NONE', #2477, #6670 ) ;
#2477 = CARTESIAN_POINT ( 'NONE',  ( 0.06657587479244293800, 0.4489999999999998400, -0.05923468302470532400 ) ) ;
#2478 = DIRECTION ( 'NONE',  ( 0.0000000000000000000, 0.0000000000000000000, 1.000000000000000000 ) ) ;
#2479 = LINE ( 'NONE', #2480, #6650 ) ;
#2480 = CARTESIAN_POINT ( 'NONE',  ( 0.06657587479244293800, 0.4489999999999998400, 0.04076531697529468100 ) ) ;
#2481 = DIRECTION ( 'NONE',  ( -1.000000000000000000, 0.0000000000000000000, 0.0000000000000000000 ) ) ;
#2482 = LINE ( 'NONE', #2483, #6645 ) ;
#2483 = CARTESIAN_POINT ( 'NONE',  ( 0.06657587479244293800, 0.4489999999999998400, 0.04076531697529468100 ) ) ;
#2484 = DIRECTION ( 'NONE',  ( -0.0000000000000000000, 1.000000000000000000, -0.0000000000000000000 ) ) ;
#2485 = LINE ( 'NONE', #2486, #6666 ) ;
#2486 = CARTESIAN_POINT ( 'NONE',  ( 0.05760151581808394700, 0.4489999999999998400, -0.01820904199906430200 ) ) ;
#2487 = DIRECTION ( 'NONE',  ( -0.0000000000000000000, 1.000000000000000000, -0.0000000000000000000 ) ) ;
#2488 = LINE ( 'NONE', #2489, #6655 ) ;
#2489 = CARTESIAN_POINT ( 'NONE',  ( 0.05760151581808394700, 0.4489999999999998400, -0.01820904199906430200 ) ) ;
#2490 = DIRECTION ( 'NONE',  ( 0.0000000000000000000, 0.0000000000000000000, -1.000000000000000000 ) ) ;
#2491 = LINE ( 'NONE', #2492, #6694 ) ;
#2492 = CARTESIAN_POINT ( 'NONE',  ( 0.006319464536032651800, 0.4489999999999998400, -0.01820904199906430200 ) ) ;
#2493 = DIRECTION ( 'NONE',  ( 1.000000000000000000, 0.0000000000000000000, 0.0000000000000000000 ) ) ;
#2494 = CARTESIAN_POINT ( 'NONE',  ( 0.2204416676932379200, 0.4499999999999998400, -0.03547520326538417000 ) ) ;
#2495 = CARTESIAN_POINT ( 'NONE',  ( 0.2204804772865189000, 0.4499999999999997900, -0.03444306289494951400 ) ) ;
#2496 = CARTESIAN_POINT ( 'NONE',  ( 0.2207806238014801700, 0.4499999999999998400, -0.03291889529542232200 ) ) ;
#2497 = CARTESIAN_POINT ( 'NONE',  ( 0.2212279625098366700, 0.4499999999999999600, -0.03142113424587886900 ) ) ;
#2498 = CARTESIAN_POINT ( 'NONE',  ( 0.2219322671220110800, 0.4499999999999998400, -0.02998539392998278800 ) ) ;
#2499 = CARTESIAN_POINT ( 'NONE',  ( 0.2227770202171750200, 0.4499999999999999000, -0.02856186938174776500 ) ) ;
#2500 = CARTESIAN_POINT ( 'NONE',  ( 0.2238196338188764300, 0.4499999999999998400, -0.02718613835277011400 ) ) ;
#2501 = CARTESIAN_POINT ( 'NONE',  ( 0.2250621774731297600, 0.4499999999999998400, -0.02585341307097243100 ) ) ;
#2502 = CARTESIAN_POINT ( 'NONE',  ( 0.2264629614811033100, 0.4499999999999999600, -0.02457502903642279000 ) ) ;
#2503 = CARTESIAN_POINT ( 'NONE',  ( 0.2279890054190683300, 0.4499999999999998400, -0.02337792151957223500 ) ) ;
#2504 = CARTESIAN_POINT ( 'NONE',  ( 0.2296056923685515500, 0.4500000000000000100, -0.02233868776246718600 ) ) ;
#2505 = CARTESIAN_POINT ( 'NONE',  ( 0.2312927321219924700, 0.4499999999999998400, -0.02146914174871872300 ) ) ;
#2506 = CARTESIAN_POINT ( 'NONE',  ( 0.2330327912421648100, 0.4500000000000000100, -0.02074544446944753100 ) ) ;
#2507 = CARTESIAN_POINT ( 'NONE',  ( 0.2348436040250063700, 0.4499999999999997900, -0.02018287483107643700 ) ) ;
#2508 = CARTESIAN_POINT ( 'NONE',  ( 0.2367140746950620900, 0.4500000000000000100, -0.01978377064712047800 ) ) ;
#2509 = CARTESIAN_POINT ( 'NONE',  ( 0.2386445176188897500, 0.4499999999999998400, -0.01953571359496481000 ) ) ;
#2510 = CARTESIAN_POINT ( 'NONE',  ( 0.2399525342124353100, 0.4499999999999997900, -0.01950608441611296000 ) ) ;
#2511 = CARTESIAN_POINT ( 'NONE',  ( 0.2406143363309045400, 0.4499999999999999000, -0.01949109328111558700 ) ) ;
#2512 = CARTESIAN_POINT ( 'NONE',  ( -0.05822380469473655700, 0.4499999999999999000, -0.01542458687085917400 ) ) ;
#2513 = LINE ( 'NONE', #2514, #6661 ) ;
#2514 = CARTESIAN_POINT ( 'NONE',  ( 0.006319464536032651800, 0.4489999999999998400, -0.05923468302470532400 ) ) ;
#2515 = DIRECTION ( 'NONE',  ( -0.0000000000000000000, 1.000000000000000000, -0.0000000000000000000 ) ) ;
#2516 = LINE ( 'NONE', #2517, #6656 ) ;
#2517 = CARTESIAN_POINT ( 'NONE',  ( 0.006319464536032651800, 0.4489999999999998400, -0.01820904199906430200 ) ) ;
#2518 = DIRECTION ( 'NONE',  ( -0.0000000000000000000, 1.000000000000000000, -0.0000000000000000000 ) ) ;
#2519 = LINE ( 'NONE', #2520, #6681 ) ;
#2520 = CARTESIAN_POINT ( 'NONE',  ( 0.006319464536032651800, 0.4489999999999998400, -0.05923468302470532400 ) ) ;
#2521 = DIRECTION ( 'NONE',  ( 0.0000000000000000000, 0.0000000000000000000, 1.000000000000000000 ) ) ;
#2522 = LINE ( 'NONE', #2523, #6648 ) ;
#2523 = CARTESIAN_POINT ( 'NONE',  ( -0.002654894438326293300, 0.4489999999999998400, -0.05923468302470532400 ) ) ;
#2524 = DIRECTION ( 'NONE',  ( -0.0000000000000000000, 1.000000000000000000, -0.0000000000000000000 ) ) ;
#2525 = LINE ( 'NONE', #2526, #6654 ) ;
#2526 = CARTESIAN_POINT ( 'NONE',  ( -0.002654894438326293300, 0.4489999999999998400, -0.05923468302470532400 ) ) ;
#2527 = DIRECTION ( 'NONE',  ( 1.000000000000000000, 0.0000000000000000000, 0.0000000000000000000 ) ) ;
#2528 = LINE ( 'NONE', #2529, #6660 ) ;
#2529 = CARTESIAN_POINT ( 'NONE',  ( -0.002654894438326293300, 0.4489999999999998400, 0.04076531697529468100 ) ) ;
#2530 = DIRECTION ( 'NONE',  ( -0.0000000000000000000, 1.000000000000000000, -0.0000000000000000000 ) ) ;
#2531 = LINE ( 'NONE', #2532, #6692 ) ;
#2532 = CARTESIAN_POINT ( 'NONE',  ( -0.002654894438326293300, 0.4489999999999998400, 0.04076531697529468100 ) ) ;
#2533 = DIRECTION ( 'NONE',  ( 0.0000000000000000000, 0.0000000000000000000, -1.000000000000000000 ) ) ;
#2534 = LINE ( 'NONE', #2535, #6637 ) ;
#2535 = CARTESIAN_POINT ( 'NONE',  ( -0.07573181751524939200, 0.4499999999999999000, -0.01564493943496173700 ) ) ;
#2536 = DIRECTION ( 'NONE',  ( 0.9999208080716930300, 0.0000000000000000000, 0.01258481566222936900 ) ) ;
#2537 = LINE ( 'NONE', #2538, #6675 ) ;
#2538 = CARTESIAN_POINT ( 'NONE',  ( -0.07573181751524939200, 0.4499999999999999000, -0.04897827276829507000 ) ) ;
#2539 = DIRECTION ( 'NONE',  ( 0.0000000000000000000, 0.0000000000000000000, 1.000000000000000000 ) ) ;
#2540 = CARTESIAN_POINT ( 'NONE',  ( -0.05736894967151205700, 0.4499999999999999000, -0.01542414505396940200 ) ) ;
#2541 = CARTESIAN_POINT ( 'NONE',  ( -0.05571866967343302300, 0.4499999999999999600, -0.01542329213557249200 ) ) ;
#2542 = CARTESIAN_POINT ( 'NONE',  ( -0.05333477758105474600, 0.4499999999999997300, -0.01553715566355038500 ) ) ;
#2543 = CARTESIAN_POINT ( 'NONE',  ( -0.05112308365811050300, 0.4499999999999999000, -0.01566859945396164100 ) ) ;
#2544 = CARTESIAN_POINT ( 'NONE',  ( -0.04909038150458696500, 0.4499999999999999600, -0.01586105441001881300 ) ) ;
#2545 = CARTESIAN_POINT ( 'NONE',  ( -0.04723575480506369400, 0.4499999999999998400, -0.01613309033813839200 ) ) ;
#2546 = CARTESIAN_POINT ( 'NONE',  ( -0.04555611112293653200, 0.4499999999999999000, -0.01640771142151410000 ) ) ;
#2547 = CARTESIAN_POINT ( 'NONE',  ( -0.04406447446879642500, 0.4500000000000000100, -0.01680500749575780700 ) ) ;
#2548 = CARTESIAN_POINT ( 'NONE',  ( -0.04231878298977214500, 0.4499999999999998400, -0.01733995232830415000 ) ) ;
#2549 = CARTESIAN_POINT ( 'NONE',  ( -0.04037354449043533500, 0.4499999999999999000, -0.01825231277576087500 ) ) ;
#2550 = CARTESIAN_POINT ( 'NONE',  ( -0.03825732881834419800, 0.4499999999999997900, -0.01957659534872010000 ) ) ;
#2551 = CARTESIAN_POINT ( 'NONE',  ( -0.03646388349402217300, 0.4500000000000000100, -0.02126461558300871800 ) ) ;
#2552 = CARTESIAN_POINT ( 'NONE',  ( -0.03491193215797739500, 0.4499999999999998400, -0.02316255362090869800 ) ) ;
#2553 = CARTESIAN_POINT ( 'NONE',  ( -0.03368033564545176000, 0.4499999999999998400, -0.02527395731879611100 ) ) ;
#2554 = CARTESIAN_POINT ( 'NONE',  ( -0.03277873586498097900, 0.4499999999999999600, -0.02753306979668251900 ) ) ;
#2555 = CARTESIAN_POINT ( 'NONE',  ( -0.03224898851173674300, 0.4499999999999997900, -0.02991672264015979000 ) ) ;
#2556 = CARTESIAN_POINT ( 'NONE',  ( -0.03217795440728901000, 0.4499999999999999000, -0.03154781232173628500 ) ) ;
#2557 = CARTESIAN_POINT ( 'NONE',  ( -0.03214207392550577600, 0.4499999999999999000, -0.03237170225547456000 ) ) ;
#2558 = CARTESIAN_POINT ( 'NONE',  ( -0.03214207392550577600, 0.4499999999999999000, -0.03237170225547456000 ) ) ;
#2559 = LINE ( 'NONE', #2560, #6689 ) ;
#2560 = CARTESIAN_POINT ( 'NONE',  ( -0.07573181751524939200, 0.4489999999999998400, -0.01564493943496173700 ) ) ;
#2561 = DIRECTION ( 'NONE',  ( -0.0000000000000000000, 1.000000000000000000, -0.0000000000000000000 ) ) ;
#2562 = LINE ( 'NONE', #2563, #6676 ) ;
#2563 = CARTESIAN_POINT ( 'NONE',  ( -0.07573181751524939200, 0.4489999999999998400, -0.04897827276829507000 ) ) ;
#2564 = DIRECTION ( 'NONE',  ( -0.0000000000000000000, 1.000000000000000000, -0.0000000000000000000 ) ) ;
#2565 = CARTESIAN_POINT ( 'NONE',  ( -0.03217814953966391400, 0.4499999999999998400, -0.03317565978258485400 ) ) ;
#2566 = CARTESIAN_POINT ( 'NONE',  ( -0.03224986339568961700, 0.4499999999999998400, -0.03477382784418027500 ) ) ;
#2567 = CARTESIAN_POINT ( 'NONE',  ( -0.03278288805742319400, 0.4499999999999999600, -0.03711607814731507400 ) ) ;
#2568 = CARTESIAN_POINT ( 'NONE',  ( -0.03367858273923860600, 0.4499999999999999000, -0.03935138398693754200 ) ) ;
#2569 = CARTESIAN_POINT ( 'NONE',  ( -0.03492019972537710500, 0.4499999999999998400, -0.04143632928274960200 ) ) ;
#2570 = CARTESIAN_POINT ( 'NONE',  ( -0.03642708915282384000, 0.4499999999999998400, -0.04332743796747106500 ) ) ;
#2571 = CARTESIAN_POINT ( 'NONE',  ( -0.03817849895590898200, 0.4499999999999999000, -0.04497021302640995300 ) ) ;
#2572 = CARTESIAN_POINT ( 'NONE',  ( -0.04017030642258537200, 0.4499999999999999600, -0.04629083310444175000 ) ) ;
#2573 = CARTESIAN_POINT ( 'NONE',  ( -0.04202311302352067200, 0.4499999999999999000, -0.04714321258011836000 ) ) ;
#2574 = CARTESIAN_POINT ( 'NONE',  ( -0.04366886119573357800, 0.4499999999999997900, -0.04766364902106533200 ) ) ;
#2575 = CARTESIAN_POINT ( 'NONE',  ( -0.04509834576384171700, 0.4499999999999998400, -0.04802778731984341800 ) ) ;
#2576 = CARTESIAN_POINT ( 'NONE',  ( -0.04671236503488018100, 0.4500000000000000100, -0.04831851892684144200 ) ) ;
#2577 = CARTESIAN_POINT ( 'NONE',  ( -0.04851144444946191300, 0.4499999999999997900, -0.04855393329244684500 ) ) ;
#2578 = CARTESIAN_POINT ( 'NONE',  ( -0.05048163970318791900, 0.4499999999999998400, -0.04875546075597157700 ) ) ;
#2579 = CARTESIAN_POINT ( 'NONE',  ( -0.05263987727160551700, 0.4500000000000000700, -0.04889220296265699800 ) ) ;
#2580 = CARTESIAN_POINT ( 'NONE',  ( -0.05497798136487477800, 0.4499999999999997300, -0.04897224456941515900 ) ) ;
#2581 = CARTESIAN_POINT ( 'NONE',  ( -0.05660114053244477700, 0.4499999999999999600, -0.04897621471960599700 ) ) ;
#2582 = CARTESIAN_POINT ( 'NONE',  ( -0.05744255469473659400, 0.4499999999999999000, -0.04897827276829507000 ) ) ;
#2583 = CARTESIAN_POINT ( 'NONE',  ( -0.03214207392550577600, 0.4489999999999998400, -0.03237170225547456000 ) ) ;
#2584 = LINE ( 'NONE', #2585, #6699 ) ;
#2585 = CARTESIAN_POINT ( 'NONE',  ( -0.05822380469473655700, 0.4489999999999998400, -0.01542458687085917400 ) ) ;
#2586 = DIRECTION ( 'NONE',  ( -0.0000000000000000000, 1.000000000000000000, -0.0000000000000000000 ) ) ;
#2587 = LINE ( 'NONE', #2588, #6698 ) ;
#2588 = CARTESIAN_POINT ( 'NONE',  ( -0.05744255469473659400, 0.4499999999999999000, -0.04897827276829507000 ) ) ;
#2589 = DIRECTION ( 'NONE',  ( -1.000000000000000000, 0.0000000000000000000, 0.0000000000000000000 ) ) ;
#2590 = LINE ( 'NONE', #2591, #6677 ) ;
#2591 = CARTESIAN_POINT ( 'NONE',  ( -0.03214207392550577600, 0.4489999999999998400, -0.03237170225547456000 ) ) ;
#2592 = DIRECTION ( 'NONE',  ( -0.0000000000000000000, 1.000000000000000000, -0.0000000000000000000 ) ) ;
#2593 = LINE ( 'NONE', #2594, #6695 ) ;
#2594 = CARTESIAN_POINT ( 'NONE',  ( -0.05744255469473659400, 0.4489999999999998400, -0.04897827276829507000 ) ) ;
#2595 = DIRECTION ( 'NONE',  ( -1.000000000000000000, 0.0000000000000000000, 0.0000000000000000000 ) ) ;
#2596 = LINE ( 'NONE', #2597, #6684 ) ;
#2597 = CARTESIAN_POINT ( 'NONE',  ( -0.05744255469473659400, 0.4489999999999998400, -0.04897827276829507000 ) ) ;
#2598 = DIRECTION ( 'NONE',  ( -0.0000000000000000000, 1.000000000000000000, -0.0000000000000000000 ) ) ;
#2599 = LINE ( 'NONE', #2600, #6657 ) ;
#2600 = CARTESIAN_POINT ( 'NONE',  ( -0.07573181751524939200, 0.4489999999999998400, -0.01564493943496173700 ) ) ;
#2601 = DIRECTION ( 'NONE',  ( 0.9999208080716930300, 0.0000000000000000000, 0.01258481566222936900 ) ) ;
#2602 = LINE ( 'NONE', #2603, #6679 ) ;
#2603 = CARTESIAN_POINT ( 'NONE',  ( -0.07573181751524939200, 0.4489999999999998400, -0.04897827276829507000 ) ) ;
#2604 = DIRECTION ( 'NONE',  ( 0.0000000000000000000, 0.0000000000000000000, 1.000000000000000000 ) ) ;
#2605 = CARTESIAN_POINT ( 'NONE',  ( -0.03217814953966391400, 0.4489999999999997900, -0.03317565978258485400 ) ) ;
#2606 = CARTESIAN_POINT ( 'NONE',  ( -0.03224986339568961700, 0.4489999999999997900, -0.03477382784418027500 ) ) ;
#2607 = CARTESIAN_POINT ( 'NONE',  ( -0.03278288805742319400, 0.4489999999999999000, -0.03711607814731507400 ) ) ;
#2608 = CARTESIAN_POINT ( 'NONE',  ( -0.03367858273923860600, 0.4489999999999998400, -0.03935138398693754200 ) ) ;
#2609 = CARTESIAN_POINT ( 'NONE',  ( -0.03492019972537710500, 0.4489999999999997900, -0.04143632928274960200 ) ) ;
#2610 = CARTESIAN_POINT ( 'NONE',  ( -0.03642708915282384000, 0.4489999999999997900, -0.04332743796747106500 ) ) ;
#2611 = CARTESIAN_POINT ( 'NONE',  ( -0.03817849895590898200, 0.4489999999999998400, -0.04497021302640995300 ) ) ;
#2612 = CARTESIAN_POINT ( 'NONE',  ( -0.04017030642258537200, 0.4489999999999999000, -0.04629083310444175000 ) ) ;
#2613 = CARTESIAN_POINT ( 'NONE',  ( -0.04202311302352067200, 0.4489999999999998400, -0.04714321258011836000 ) ) ;
#2614 = CARTESIAN_POINT ( 'NONE',  ( 0.1385553828406633800, 0.4489999999999997900, -0.01695602366063334000 ) ) ;
#2615 = CARTESIAN_POINT ( 'NONE',  ( 0.1383802040558284000, 0.4489999999999999500, -0.01318275564913737700 ) ) ;
#2616 = CARTESIAN_POINT ( 'NONE',  ( 0.1383739622168924900, 0.4489999999999998400, -0.01057706540620463800 ) ) ;
#2617 = CARTESIAN_POINT ( 'NONE',  ( 0.1383707465873147100, 0.4489999999999998400, -0.009234683024705323300 ) ) ;
#2618 = CARTESIAN_POINT ( 'NONE',  ( 0.2652938235103917700, 0.4489999999999999000, 0.01181900287273057600 ) ) ;
#2619 = LINE ( 'NONE', #2620, #2201 ) ;
#2620 = CARTESIAN_POINT ( 'NONE',  ( 0.2063194645360327500, 0.4489999999999998400, 0.01246002851375621600 ) ) ;
#2621 = DIRECTION ( 'NONE',  ( -0.0000000000000000000, 1.000000000000000000, -0.0000000000000000000 ) ) ;
#2622 = CARTESIAN_POINT ( 'NONE',  ( 0.2652679421237160700, 0.4489999999999997300, 0.01113679314163785800 ) ) ;
#2623 = CARTESIAN_POINT ( 'NONE',  ( 0.2652169085502609800, 0.4489999999999997900, 0.009791594723178986100 ) ) ;
#2624 = CARTESIAN_POINT ( 'NONE',  ( 0.2648930030824243100, 0.4489999999999996800, 0.007798265388534096800 ) ) ;
#2625 = CARTESIAN_POINT ( 'NONE',  ( 0.2643239780215933500, 0.4490000000000000100, 0.005872470697342123600 ) ) ;
#2626 = CARTESIAN_POINT ( 'NONE',  ( 0.2635431952541315600, 0.4489999999999997300, 0.003991041956701783600 ) ) ;
#2627 = CARTESIAN_POINT ( 'NONE',  ( 0.2625037391776272600, 0.4489999999999999000, 0.002192100507212287600 ) ) ;
#2628 = CARTESIAN_POINT ( 'NONE',  ( 0.2612796000347952200, 0.4489999999999998400, 0.0004287813268391280100 ) ) ;
#2629 = CARTESIAN_POINT ( 'NONE',  ( 0.2598026252164246700, 0.4489999999999999000, -0.001249974233063040500 ) ) ;
#2630 = CARTESIAN_POINT ( 'NONE',  ( 0.2581336938978344700, 0.4489999999999999000, -0.002857205547667361400 ) ) ;
#2631 = CARTESIAN_POINT ( 'NONE',  ( 0.2563148664489574000, 0.4489999999999997900, -0.004343369453758845300 ) ) ;
#2632 = CARTESIAN_POINT ( 'NONE',  ( 0.2543815194531219800, 0.4489999999999997900, -0.005658067699716221700 ) ) ;
#2633 = CARTESIAN_POINT ( 'NONE',  ( 0.2523485348228053900, 0.4489999999999999000, -0.006765271021478112500 ) ) ;
#2634 = CARTESIAN_POINT ( 'NONE',  ( 0.2502202145118218600, 0.4489999999999997900, -0.007665742317256132500 ) ) ;
#2635 = CARTESIAN_POINT ( 'NONE',  ( 0.2480012843422422200, 0.4489999999999999500, -0.008373955736025388800 ) ) ;
#2636 = CARTESIAN_POINT ( 'NONE',  ( 0.2456933763829093300, 0.4489999999999997900, -0.008868698455666401700 ) ) ;
#2637 = CARTESIAN_POINT ( 'NONE',  ( 0.2432937885329518000, 0.4489999999999997900, -0.009180115679728935400 ) ) ;
#2638 = CARTESIAN_POINT ( 'NONE',  ( 0.2416636493680250100, 0.4489999999999997900, -0.009216288417425087100 ) ) ;
#2639 = CARTESIAN_POINT ( 'NONE',  ( 0.2408346888950070000, 0.4489999999999998400, -0.009234683024705323300 ) ) ;
#2640 = CARTESIAN_POINT ( 'NONE',  ( 0.2601656183821865500, 0.4499999999999999000, -0.03619782405034635600 ) ) ;
#2641 = CARTESIAN_POINT ( 'NONE',  ( 0.2601504213084666600, 0.4499999999999999000, -0.03667291079087532000 ) ) ;
#2642 = CARTESIAN_POINT ( 'NONE',  ( 0.2601202572953809100, 0.4499999999999999000, -0.03761588987502770300 ) ) ;
#2643 = CARTESIAN_POINT ( 'NONE',  ( 0.2598716842680090000, 0.4500000000000000100, -0.03900841459894397600 ) ) ;
#2644 = CARTESIAN_POINT ( 'NONE',  ( 0.2594609461821315600, 0.4500000000000000100, -0.04036925984245016300 ) ) ;
#2645 = CARTESIAN_POINT ( 'NONE',  ( 0.2589048581801075000, 0.4499999999999999000, -0.04170966757695828600 ) ) ;
#2646 = CARTESIAN_POINT ( 'NONE',  ( 0.2581731497580667700, 0.4499999999999999000, -0.04301083135084615000 ) ) ;
#2647 = CARTESIAN_POINT ( 'NONE',  ( 0.2573056015446571500, 0.4500000000000000700, -0.04429320529397360500 ) ) ;
#2648 = CARTESIAN_POINT ( 'NONE',  ( 0.2562517586473578300, 0.4499999999999999600, -0.04552794140250364400 ) ) ;
#2649 = CARTESIAN_POINT ( 'NONE',  ( 0.2550690034076372700, 0.4499999999999999600, -0.04674381421718870600 ) ) ;
#2650 = CARTESIAN_POINT ( 'NONE',  ( 0.2537277060179793900, 0.4500000000000000100, -0.04786907203637583800 ) ) ;
#2651 = CARTESIAN_POINT ( 'NONE',  ( 0.2522304513811335400, 0.4499999999999997900, -0.04885863518576320800 ) ) ;
#2652 = CARTESIAN_POINT ( 'NONE',  ( 0.2505849156559799000, 0.4499999999999999000, -0.04969898823013196900 ) ) ;
#2653 = CARTESIAN_POINT ( 'NONE',  ( 0.2487910599423595600, 0.4499999999999999000, -0.05038152408092957300 ) ) ;
#2654 = CARTESIAN_POINT ( 'NONE',  ( 0.2468554906823554100, 0.4499999999999998400, -0.05089416264205454800 ) ) ;
#2655 = CARTESIAN_POINT ( 'NONE',  ( 0.2447871228410223000, 0.4499999999999999000, -0.05127805829291499900 ) ) ;
#2656 = CARTESIAN_POINT ( 'NONE',  ( 0.2425687100706930300, 0.4499999999999999000, -0.05149443290573926800 ) ) ;
#2657 = CARTESIAN_POINT ( 'NONE',  ( 0.2410421457545545400, 0.4499999999999999600, -0.05152604791980404400 ) ) ;
#2658 = CARTESIAN_POINT ( 'NONE',  ( 0.2402537594078275900, 0.4499999999999999000, -0.05154237533239763900 ) ) ;
#2659 = PLANE ( 'NONE',  #2190 ) ;
#2660 = CARTESIAN_POINT ( 'NONE',  ( 0.1217040799206480500, 0.4489999999999998400, -0.002824426614448918900 ) ) ;
#2661 = DIRECTION ( 'NONE',  ( -1.000000000000000000, 0.0000000000000000000, 0.0000000000000000000 ) ) ;
#2662 = DIRECTION ( 'NONE',  ( 0.0000000000000000000, 0.0000000000000000000, 1.000000000000000000 ) ) ;
#2663 = PLANE ( 'NONE',  #2231 ) ;
#2664 = CARTESIAN_POINT ( 'NONE',  ( 0.1217040799206480500, 0.4489999999999998400, 0.007431983641961344000 ) ) ;
#2665 = DIRECTION ( 'NONE',  ( -0.0000000000000000000, 0.0000000000000000000, -1.000000000000000000 ) ) ;
#2666 = DIRECTION ( 'NONE',  ( -1.000000000000000000, 0.0000000000000000000, 0.0000000000000000000 ) ) ;
#2667 = PLANE ( 'NONE',  #2210 ) ;
#2668 = CARTESIAN_POINT ( 'NONE',  ( 0.08324254145910961500, 0.4489999999999998400, 0.007431983641961344000 ) ) ;
#2669 = DIRECTION ( 'NONE',  ( 1.000000000000000000, 0.0000000000000000000, 0.0000000000000000000 ) ) ;
#2670 = DIRECTION ( 'NONE',  ( 0.0000000000000000000, 0.0000000000000000000, -1.000000000000000000 ) ) ;
#2671 = CARTESIAN_POINT ( 'NONE',  ( 0.1628298812026993100, 0.4489999999999998400, 0.04332941953939724300 ) ) ;
#2672 = CARTESIAN_POINT ( 'NONE',  ( 0.1628298812026993100, 0.4499999999999995700, 0.04332941953939724300 ) ) ;
#2673 = CARTESIAN_POINT ( 'NONE',  ( 0.1620411922316920500, 0.4489999999999998400, 0.04331609509771699300 ) ) ;
#2674 = CARTESIAN_POINT ( 'NONE',  ( 0.1620411922316920500, 0.4499999999999995700, 0.04331609509771699300 ) ) ;
#2675 = CARTESIAN_POINT ( 'NONE',  ( 0.1604860515241060500, 0.4489999999999999500, 0.04328982189950509500 ) ) ;
#2676 = CARTESIAN_POINT ( 'NONE',  ( 0.1604860515241060500, 0.4499999999999996800, 0.04328982189950509500 ) ) ;
#2677 = CARTESIAN_POINT ( 'NONE',  ( 0.1581816965115502800, 0.4489999999999997300, 0.04301800099984252900 ) ) ;
#2678 = CARTESIAN_POINT ( 'NONE',  ( 0.1581816965115502800, 0.4499999999999994600, 0.04301800099984252900 ) ) ;
#2679 = CARTESIAN_POINT ( 'NONE',  ( 0.1559450552704090300, 0.4489999999999999000, 0.04258098662234671000 ) ) ;
#2680 = CARTESIAN_POINT ( 'NONE',  ( 0.1559450552704090300, 0.4499999999999996200, 0.04258098662234671000 ) ) ;
#2681 = CARTESIAN_POINT ( 'NONE',  ( 0.1537650908693345400, 0.4489999999999999000, 0.04196908364831574600 ) ) ;
#2682 = CARTESIAN_POINT ( 'NONE',  ( 0.1537650908693345400, 0.4499999999999996200, 0.04196908364831574600 ) ) ;
#2683 = CARTESIAN_POINT ( 'NONE',  ( 0.1516306190098007100, 0.4489999999999998400, 0.04122008832501746600 ) ) ;
#2684 = CARTESIAN_POINT ( 'NONE',  ( 0.1516306190098007100, 0.4499999999999995700, 0.04122008832501746600 ) ) ;
#2685 = CARTESIAN_POINT ( 'NONE',  ( 0.1495707251053493300, 0.4489999999999999000, 0.04024426879350374200 ) ) ;
#2686 = CARTESIAN_POINT ( 'NONE',  ( 0.1495707251053493300, 0.4499999999999996200, 0.04024426879350374200 ) ) ;
#2687 = CARTESIAN_POINT ( 'NONE',  ( 0.1475625055713300800, 0.4489999999999998400, 0.03912043825190468500 ) ) ;
#2688 = CARTESIAN_POINT ( 'NONE',  ( 0.1475625055713300800, 0.4499999999999995700, 0.03912043825190468500 ) ) ;
#2689 = CARTESIAN_POINT ( 'NONE',  ( 0.1456113182565277900, 0.4489999999999998400, 0.03784056906795375100 ) ) ;
#2690 = CARTESIAN_POINT ( 'NONE',  ( 0.1456113182565277900, 0.4499999999999995700, 0.03784056906795375100 ) ) ;
#2691 = CARTESIAN_POINT ( 'NONE',  ( 0.1437538279411040300, 0.4489999999999999500, 0.03637423526428541100 ) ) ;
#2692 = CARTESIAN_POINT ( 'NONE',  ( 0.1437538279411040300, 0.4499999999999996800, 0.03637423526428541100 ) ) ;
#2693 = CARTESIAN_POINT ( 'NONE',  ( 0.1419795820749943900, 0.4489999999999998400, 0.03475239844467144200 ) ) ;
#2694 = CARTESIAN_POINT ( 'NONE',  ( 0.1419795820749943900, 0.4499999999999995700, 0.03475239844467144200 ) ) ;
#2695 = CARTESIAN_POINT ( 'NONE',  ( 0.1403331529579380000, 0.4489999999999999000, 0.03293458669331671100 ) ) ;
#2696 = CARTESIAN_POINT ( 'NONE',  ( 0.1403331529579380000, 0.4499999999999996200, 0.03293458669331671100 ) ) ;
#2697 = CARTESIAN_POINT ( 'NONE',  ( 0.1388007502260145100, 0.4489999999999998400, 0.03094950317595322700 ) ) ;
#2698 = CARTESIAN_POINT ( 'NONE',  ( 0.1388007502260145100, 0.4499999999999995700, 0.03094950317595322700 ) ) ;
#2699 = CARTESIAN_POINT ( 'NONE',  ( 0.1373443477061360700, 0.4489999999999997300, 0.02881541053787471300 ) ) ;
#2700 = CARTESIAN_POINT ( 'NONE',  ( 0.1373443477061360700, 0.4499999999999994600, 0.02881541053787471300 ) ) ;
#2701 = CARTESIAN_POINT ( 'NONE',  ( 0.1360046513255860900, 0.4489999999999998400, 0.02650317130800553300 ) ) ;
#2702 = CARTESIAN_POINT ( 'NONE',  ( 0.1360046513255860900, 0.4499999999999995700, 0.02650317130800553300 ) ) ;
#2703 = CARTESIAN_POINT ( 'NONE',  ( 0.1347654840664988500, 0.4489999999999999000, 0.02402195386544531500 ) ) ;
#2704 = CARTESIAN_POINT ( 'NONE',  ( 0.1347654840664988500, 0.4499999999999996200, 0.02402195386544531500 ) ) ;
#2705 = CARTESIAN_POINT ( 'NONE',  ( 0.1336328129045408800, 0.4489999999999999000, 0.02135572784615682300 ) ) ;
#2706 = CARTESIAN_POINT ( 'NONE',  ( 0.1336328129045408800, 0.4499999999999996200, 0.02135572784615682300 ) ) ;
#2707 = CARTESIAN_POINT ( 'NONE',  ( 0.1326285653755433200, 0.4489999999999997900, 0.01846558705016285500 ) ) ;
#2708 = CARTESIAN_POINT ( 'NONE',  ( 0.1326285653755433200, 0.4499999999999995100, 0.01846558705016285500 ) ) ;
#2709 = CARTESIAN_POINT ( 'NONE',  ( 0.1317414880008739900, 0.4489999999999999500, 0.01531846766437753100 ) ) ;
#2710 = CARTESIAN_POINT ( 'NONE',  ( 0.1317414880008739900, 0.4499999999999996800, 0.01531846766437753100 ) ) ;
#2711 = CARTESIAN_POINT ( 'NONE',  ( 0.1310410835017294100, 0.4489999999999998400, 0.01188659234683341100 ) ) ;
#2712 = CARTESIAN_POINT ( 'NONE',  ( 0.1310410835017294100, 0.4499999999999995700, 0.01188659234683341100 ) ) ;
#2713 = CARTESIAN_POINT ( 'NONE',  ( 0.1304415704922184900, 0.4489999999999998400, 0.008197524715251052300 ) ) ;
#2714 = CARTESIAN_POINT ( 'NONE',  ( 0.1304415704922184900, 0.4499999999999995700, 0.008197524715251052300 ) ) ;
#2715 = CARTESIAN_POINT ( 'NONE',  ( 0.1299580166909757600, 0.4489999999999999500, 0.004235412418512614400 ) ) ;
#2716 = CARTESIAN_POINT ( 'NONE',  ( 0.1299580166909757600, 0.4499999999999996800, 0.004235412418512614400 ) ) ;
#2717 = CARTESIAN_POINT ( 'NONE',  ( 0.1296278931104509500, 0.4489999999999999500, -1.895529684331899100E-006 ) ) ;
#2718 = CARTESIAN_POINT ( 'NONE',  ( 0.1296278931104509500, 0.4499999999999996800, -1.895529684331899100E-006 ) ) ;
#2719 = CARTESIAN_POINT ( 'NONE',  ( 0.1294238555380005900, 0.4489999999999998400, -0.004511758641859989000 ) ) ;
#2720 = CARTESIAN_POINT ( 'NONE',  ( 0.1294238555380005900, 0.4499999999999995700, -0.004511758641859989000 ) ) ;
#2721 = CARTESIAN_POINT ( 'NONE',  ( 0.1294057106688544200, 0.4489999999999999000, -0.007605180765191637900 ) ) ;
#2722 = CARTESIAN_POINT ( 'NONE',  ( 0.1294057106688544200, 0.4499999999999996200, -0.007605180765191637900 ) ) ;
#2723 = CARTESIAN_POINT ( 'NONE',  ( 0.1293963876129557700, 0.4489999999999998400, -0.009194618922141226100 ) ) ;
#2724 = CARTESIAN_POINT ( 'NONE',  ( 0.1293963876129557700, 0.4499999999999995700, -0.009194618922141226100 ) ) ;
#2725 = CARTESIAN_POINT ( 'NONE',  ( 0.1293963876129557700, 0.4489999999999998400, -0.009194618922141226100 ) ) ;
#2726 = CARTESIAN_POINT ( 'NONE',  ( 0.1293963876129557700, 0.4499999999999999000, -0.009194618922141226100 ) ) ;
#2727 = CARTESIAN_POINT ( 'NONE',  ( 0.1294057595603119400, 0.4489999999999997900, -0.01079740142883406000 ) ) ;
#2728 = CARTESIAN_POINT ( 'NONE',  ( 0.1294057595603119400, 0.4499999999999998400, -0.01079740142883406000 ) ) ;
#2729 = CARTESIAN_POINT ( 'NONE',  ( 0.1294239647031361400, 0.4489999999999999000, -0.01391082955019024200 ) ) ;
#2730 = CARTESIAN_POINT ( 'NONE',  ( 0.1294239647031361400, 0.4499999999999999600, -0.01391082955019024200 ) ) ;
#2731 = CARTESIAN_POINT ( 'NONE',  ( 0.1296264910157715100, 0.4489999999999997900, -0.01844753360924167700 ) ) ;
#2732 = CARTESIAN_POINT ( 'NONE',  ( 0.1296264910157715100, 0.4499999999999998400, -0.01844753360924167700 ) ) ;
#2733 = CARTESIAN_POINT ( 'NONE',  ( 0.1299629293675763900, 0.4489999999999998400, -0.02270354186624671700 ) ) ;
#2734 = CARTESIAN_POINT ( 'NONE',  ( 0.1299629293675763900, 0.4499999999999999000, -0.02270354186624671700 ) ) ;
#2735 = CARTESIAN_POINT ( 'NONE',  ( 0.1304239971632987800, 0.4489999999999999500, -0.02667905803877318100 ) ) ;
#2736 = CARTESIAN_POINT ( 'NONE',  ( 0.1304239971632987800, 0.4500000000000000100, -0.02667905803877318100 ) ) ;
#2737 = CARTESIAN_POINT ( 'NONE',  ( 0.1309850823125440800, 0.4489999999999998400, -0.03037510845356493000 ) ) ;
#2738 = CARTESIAN_POINT ( 'NONE',  ( 0.1309850823125440800, 0.4499999999999999000, -0.03037510845356493000 ) ) ;
#2739 = CARTESIAN_POINT ( 'NONE',  ( 0.1317340962154389700, 0.4489999999999999500, -0.03378181580031632000 ) ) ;
#2740 = CARTESIAN_POINT ( 'NONE',  ( 0.1317340962154389700, 0.4500000000000000100, -0.03378181580031632000 ) ) ;
#2741 = CARTESIAN_POINT ( 'NONE',  ( 0.1325858905758663400, 0.4489999999999999000, -0.03691494741783239000 ) ) ;
#2742 = CARTESIAN_POINT ( 'NONE',  ( 0.1325858905758663400, 0.4499999999999999600, -0.03691494741783239000 ) ) ;
#2743 = CARTESIAN_POINT ( 'NONE',  ( 0.1335731033133093200, 0.4489999999999998400, -0.03978472023143292400 ) ) ;
#2744 = CARTESIAN_POINT ( 'NONE',  ( 0.1335731033133093200, 0.4499999999999999000, -0.03978472023143292400 ) ) ;
#2745 = CARTESIAN_POINT ( 'NONE',  ( 0.1346870401424047600, 0.4489999999999997300, -0.04242979746063759600 ) ) ;
#2746 = CARTESIAN_POINT ( 'NONE',  ( 0.1346870401424047600, 0.4499999999999997900, -0.04242979746063759600 ) ) ;
#2747 = CARTESIAN_POINT ( 'NONE',  ( 0.1358994475916068300, 0.4489999999999998400, -0.04489908892617364100 ) ) ;
#2748 = CARTESIAN_POINT ( 'NONE',  ( 0.1358994475916068300, 0.4499999999999999000, -0.04489908892617364100 ) ) ;
#2749 = CARTESIAN_POINT ( 'NONE',  ( 0.1372584417179947000, 0.4489999999999997900, -0.04718885842159582100 ) ) ;
#2750 = CARTESIAN_POINT ( 'NONE',  ( 0.1372584417179947000, 0.4499999999999998400, -0.04718885842159582100 ) ) ;
#2751 = CARTESIAN_POINT ( 'NONE',  ( 0.1386863535159120200, 0.4489999999999999500, -0.04933565243359432100 ) ) ;
#2752 = CARTESIAN_POINT ( 'NONE',  ( 0.1386863535159120200, 0.4500000000000000100, -0.04933565243359432100 ) ) ;
#2753 = CARTESIAN_POINT ( 'NONE',  ( 0.1402409841338495300, 0.4489999999999998400, -0.05130432942766104800 ) ) ;
#2754 = CARTESIAN_POINT ( 'NONE',  ( 0.1402409841338495300, 0.4499999999999999000, -0.05130432942766104800 ) ) ;
#2755 = CARTESIAN_POINT ( 'NONE',  ( 0.1418780924329137200, 0.4489999999999997300, -0.05312269121390467800 ) ) ;
#2756 = CARTESIAN_POINT ( 'NONE',  ( 0.1418780924329137200, 0.4499999999999997900, -0.05312269121390467800 ) ) ;
#2757 = CARTESIAN_POINT ( 'NONE',  ( 0.1436615746119744600, 0.4489999999999999000, -0.05474871265572776200 ) ) ;
#2758 = CARTESIAN_POINT ( 'NONE',  ( 0.1436615746119744600, 0.4499999999999999600, -0.05474871265572776200 ) ) ;
#2759 = CARTESIAN_POINT ( 'NONE',  ( 0.1455308034197872700, 0.4489999999999998400, -0.05623003558101571900 ) ) ;
#2760 = CARTESIAN_POINT ( 'NONE',  ( 0.1455308034197872700, 0.4499999999999999000, -0.05623003558101571900 ) ) ;
#2761 = CARTESIAN_POINT ( 'NONE',  ( 0.1475027024024078100, 0.4489999999999999000, -0.05752859191449975800 ) ) ;
#2762 = CARTESIAN_POINT ( 'NONE',  ( 0.1475027024024078100, 0.4499999999999999600, -0.05752859191449975800 ) ) ;
#2763 = CARTESIAN_POINT ( 'NONE',  ( 0.1495210642922135400, 0.4489999999999996800, -0.05867238444637862300 ) ) ;
#2764 = CARTESIAN_POINT ( 'NONE',  ( 0.1495210642922135400, 0.4499999999999997300, -0.05867238444637862300 ) ) ;
#2765 = CARTESIAN_POINT ( 'NONE',  ( 0.1515997816023832200, 0.4490000000000000100, -0.05964952351088170100 ) ) ;
#2766 = CARTESIAN_POINT ( 'NONE',  ( 0.1515997816023832200, 0.4500000000000000700, -0.05964952351088170100 ) ) ;
#2767 = CARTESIAN_POINT ( 'NONE',  ( 0.1537445296851812400, 0.4489999999999999000, -0.06041782167829715800 ) ) ;
#2768 = CARTESIAN_POINT ( 'NONE',  ( 0.1537445296851812400, 0.4499999999999999600, -0.06041782167829715800 ) ) ;
#2769 = CARTESIAN_POINT ( 'NONE',  ( 0.1559360313391722200, 0.4489999999999999500, -0.06105241730037180200 ) ) ;
#2770 = CARTESIAN_POINT ( 'NONE',  ( 0.1559360313391722200, 0.4500000000000000100, -0.06105241730037180200 ) ) ;
#2771 = CARTESIAN_POINT ( 'NONE',  ( 0.1581819475303519700, 0.4489999999999997900, -0.06148638723313089300 ) ) ;
#2772 = CARTESIAN_POINT ( 'NONE',  ( 0.1581819475303519700, 0.4499999999999998400, -0.06148638723313089300 ) ) ;
#2773 = CARTESIAN_POINT ( 'NONE',  ( 0.1604859864999611800, 0.4489999999999999000, -0.06175944176139913600 ) ) ;
#2774 = CARTESIAN_POINT ( 'NONE',  ( 0.1604859864999611800, 0.4499999999999999600, -0.06175944176139913600 ) ) ;
#2775 = CARTESIAN_POINT ( 'NONE',  ( 0.1620411703513368900, 0.4489999999999998400, -0.06178554655397618100 ) ) ;
#2776 = CARTESIAN_POINT ( 'NONE',  ( 0.1620411703513368900, 0.4499999999999999000, -0.06178554655397618100 ) ) ;
#2777 = CARTESIAN_POINT ( 'NONE',  ( 0.1628298812026993100, 0.4489999999999998400, -0.06179878558880789300 ) ) ;
#2778 = CARTESIAN_POINT ( 'NONE',  ( 0.1628298812026993100, 0.4499999999999999000, -0.06179878558880789300 ) ) ;
#2779 = PLANE ( 'NONE',  #2174 ) ;
#2780 = CARTESIAN_POINT ( 'NONE',  ( 0.0000000000000000000, 0.4489999999999998400, 0.0000000000000000000 ) ) ;
#2781 = DIRECTION ( 'NONE',  ( 0.0000000000000000000, -1.000000000000000000, 0.0000000000000000000 ) ) ;
#2782 = DIRECTION ( 'NONE',  ( 0.0000000000000000000, -0.0000000000000000000, -1.000000000000000000 ) ) ;
#2783 = CARTESIAN_POINT ( 'NONE',  ( 0.1973451055616737000, 0.4489999999999998400, -0.009194618922141226100 ) ) ;
#2784 = CARTESIAN_POINT ( 'NONE',  ( 0.1973451055616737000, 0.4499999999999999000, -0.009194618922141226100 ) ) ;
#2785 = CARTESIAN_POINT ( 'NONE',  ( 0.1973264888604187600, 0.4489999999999998400, -0.007665364409543937900 ) ) ;
#2786 = CARTESIAN_POINT ( 'NONE',  ( 0.1973264888604187600, 0.4499999999999999000, -0.007665364409543937900 ) ) ;
#2787 = CARTESIAN_POINT ( 'NONE',  ( 0.1972902149772331200, 0.4489999999999998400, -0.004685674356434619600 ) ) ;
#2788 = CARTESIAN_POINT ( 'NONE',  ( 0.1972902149772331200, 0.4499999999999999000, -0.004685674356434619600 ) ) ;
#2789 = CARTESIAN_POINT ( 'NONE',  ( 0.1971022519267269200, 0.4489999999999999500, -0.0003276464901549265300 ) ) ;
#2790 = CARTESIAN_POINT ( 'NONE',  ( 0.1971022519267269200, 0.4500000000000000100, -0.0003276464901549265300 ) ) ;
#2791 = CARTESIAN_POINT ( 'NONE',  ( 0.1967320053216203300, 0.4489999999999998400, 0.003786583318375402500 ) ) ;
#2792 = CARTESIAN_POINT ( 'NONE',  ( 0.1967320053216203300, 0.4499999999999999000, 0.003786583318375402500 ) ) ;
#2793 = CARTESIAN_POINT ( 'NONE',  ( 0.1962688627985124700, 0.4489999999999997900, 0.007666882245767323000 ) ) ;
#2794 = CARTESIAN_POINT ( 'NONE',  ( 0.1962688627985124700, 0.4499999999999998400, 0.007666882245767323000 ) ) ;
#2795 = CARTESIAN_POINT ( 'NONE',  ( 0.1956274067135575800, 0.4489999999999998400, 0.01129709992670902000 ) ) ;
#2796 = CARTESIAN_POINT ( 'NONE',  ( 0.1956274067135575800, 0.4499999999999999000, 0.01129709992670902000 ) ) ;
#2797 = CARTESIAN_POINT ( 'NONE',  ( 0.1948386876778066800, 0.4489999999999997300, 0.01468979845436354900 ) ) ;
#2798 = CARTESIAN_POINT ( 'NONE',  ( 0.1948386876778066800, 0.4499999999999997900, 0.01468979845436354900 ) ) ;
#2799 = CARTESIAN_POINT ( 'NONE',  ( 0.1939629641686133900, 0.4489999999999998400, 0.01785962907337577300 ) ) ;
#2800 = CARTESIAN_POINT ( 'NONE',  ( 0.1939629641686133900, 0.4499999999999999000, 0.01785962907337577300 ) ) ;
#2801 = CARTESIAN_POINT ( 'NONE',  ( 0.1928819700511904000, 0.4489999999999998400, 0.02078062369080304100 ) ) ;
#2802 = CARTESIAN_POINT ( 'NONE',  ( 0.1928819700511904000, 0.4499999999999999000, 0.02078062369080304100 ) ) ;
#2803 = CARTESIAN_POINT ( 'NONE',  ( 0.1916988068984124500, 0.4489999999999999500, 0.02349353005836857900 ) ) ;
#2804 = CARTESIAN_POINT ( 'NONE',  ( 0.1916988068984124500, 0.4500000000000000100, 0.02349353005836857900 ) ) ;
#2805 = CARTESIAN_POINT ( 'NONE',  ( 0.1904115155791157300, 0.4489999999999998400, 0.02602687715350270400 ) ) ;
#2806 = CARTESIAN_POINT ( 'NONE',  ( 0.1904115155791157300, 0.4499999999999999000, 0.02602687715350270400 ) ) ;
#2807 = CARTESIAN_POINT ( 'NONE',  ( 0.1890323776909535700, 0.4489999999999999000, 0.02840305694434958100 ) ) ;
#2808 = CARTESIAN_POINT ( 'NONE',  ( 0.1890323776909535700, 0.4499999999999999600, 0.02840305694434958100 ) ) ;
#2809 = CARTESIAN_POINT ( 'NONE',  ( 0.1875298421194384600, 0.4489999999999999000, 0.03060304971381124000 ) ) ;
#2810 = CARTESIAN_POINT ( 'NONE',  ( 0.1875298421194384600, 0.4499999999999999600, 0.03060304971381124000 ) ) ;
#2811 = CARTESIAN_POINT ( 'NONE',  ( 0.1859283160281120500, 0.4489999999999997900, 0.03264243991589323900 ) ) ;
#2812 = CARTESIAN_POINT ( 'NONE',  ( 0.1859283160281120500, 0.4499999999999998400, 0.03264243991589323900 ) ) ;
#2813 = CARTESIAN_POINT ( 'NONE',  ( 0.1841935220625979000, 0.4489999999999999500, 0.03448522913450843100 ) ) ;
#2814 = CARTESIAN_POINT ( 'NONE',  ( 0.1841935220625979000, 0.4500000000000000100, 0.03448522913450843100 ) ) ;
#2815 = CARTESIAN_POINT ( 'NONE',  ( 0.1823743624882555600, 0.4489999999999998400, 0.03617581976202686300 ) ) ;
#2816 = CARTESIAN_POINT ( 'NONE',  ( 0.1823743624882555600, 0.4499999999999999000, 0.03617581976202686300 ) ) ;
#2817 = CARTESIAN_POINT ( 'NONE',  ( 0.1804482934644284500, 0.4489999999999999000, 0.03768015197523136300 ) ) ;
#2818 = CARTESIAN_POINT ( 'NONE',  ( 0.1804482934644284500, 0.4499999999999999600, 0.03768015197523136300 ) ) ;
#2819 = CARTESIAN_POINT ( 'NONE',  ( 0.1784365348577954500, 0.4489999999999996800, 0.03899686067912735300 ) ) ;
#2820 = CARTESIAN_POINT ( 'NONE',  ( 0.1784365348577954500, 0.4499999999999997300, 0.03899686067912735300 ) ) ;
#2821 = CARTESIAN_POINT ( 'NONE',  ( 0.1763805612313700800, 0.4490000000000000100, 0.04017439926163649000 ) ) ;
#2822 = CARTESIAN_POINT ( 'NONE',  ( 0.1763805612313700800, 0.4500000000000000700, 0.04017439926163649000 ) ) ;
#2823 = CARTESIAN_POINT ( 'NONE',  ( 0.1742438931357333500, 0.4489999999999997300, 0.04112390483448927900 ) ) ;
#2824 = CARTESIAN_POINT ( 'NONE',  ( 0.1742438931357333500, 0.4499999999999997900, 0.04112390483448927900 ) ) ;
#2825 = CARTESIAN_POINT ( 'NONE',  ( 0.1720749516291761000, 0.4489999999999999000, 0.04193919171956796800 ) ) ;
#2826 = CARTESIAN_POINT ( 'NONE',  ( 0.1720749516291761000, 0.4499999999999999600, 0.04193919171956796800 ) ) ;
#2827 = CARTESIAN_POINT ( 'NONE',  ( 0.1698427125973202000, 0.4489999999999999500, 0.04256206177345777500 ) ) ;
#2828 = CARTESIAN_POINT ( 'NONE',  ( 0.1698427125973202000, 0.4500000000000000100, 0.04256206177345777500 ) ) ;
#2829 = CARTESIAN_POINT ( 'NONE',  ( 0.1675499585776218900, 0.4489999999999999000, 0.04299274335976063800 ) ) ;
#2830 = CARTESIAN_POINT ( 'NONE',  ( 0.1675499585776218900, 0.4499999999999999600, 0.04299274335976063800 ) ) ;
#2831 = CARTESIAN_POINT ( 'NONE',  ( 0.1652083518368021600, 0.4489999999999998400, 0.04329479617275421000 ) ) ;
#2832 = CARTESIAN_POINT ( 'NONE',  ( 0.1652083518368021600, 0.4499999999999999000, 0.04329479617275421000 ) ) ;
#2833 = CARTESIAN_POINT ( 'NONE',  ( 0.1636254499773376600, 0.4489999999999997900, 0.04331783845490575600 ) ) ;
#2834 = CARTESIAN_POINT ( 'NONE',  ( 0.1636254499773376600, 0.4499999999999998400, 0.04331783845490575600 ) ) ;
#2835 = CARTESIAN_POINT ( 'NONE',  ( 0.1628298812026993100, 0.4489999999999998400, 0.04332941953939724300 ) ) ;
#2836 = CARTESIAN_POINT ( 'NONE',  ( 0.1628298812026993100, 0.4499999999999999000, 0.04332941953939724300 ) ) ;
#2837 = PLANE ( 'NONE',  #2213 ) ;
#2838 = CARTESIAN_POINT ( 'NONE',  ( 0.1352683197952459200, 0.4489999999999998400, 0.02501060589406067800 ) ) ;
#2839 = DIRECTION ( 'NONE',  ( 7.865066230034132900E-015, 1.000000000000000000, -4.655422824253388900E-013 ) ) ;
#2840 = DIRECTION ( 'NONE',  ( 0.0000000000000000000, 4.655422824253388900E-013, 1.000000000000000000 ) ) ;
#2841 = CARTESIAN_POINT ( 'NONE',  ( 0.1628298812026993100, 0.4489999999999998400, -0.06179878558880789300 ) ) ;
#2842 = CARTESIAN_POINT ( 'NONE',  ( 0.1628298812026993100, 0.4499999999999999600, -0.06179878558880789300 ) ) ;
#2843 = CARTESIAN_POINT ( 'NONE',  ( 0.1636251805879661800, 0.4489999999999997300, -0.06178484801236031700 ) ) ;
#2844 = CARTESIAN_POINT ( 'NONE',  ( 0.1636251805879661800, 0.4499999999999998400, -0.06178484801236031700 ) ) ;
#2845 = CARTESIAN_POINT ( 'NONE',  ( 0.1652067808421286100, 0.4489999999999996800, -0.06175713055795226800 ) ) ;
#2846 = CARTESIAN_POINT ( 'NONE',  ( 0.1652067808421286100, 0.4499999999999997900, -0.06175713055795226800 ) ) ;
#2847 = CARTESIAN_POINT ( 'NONE',  ( 0.1675450772777263300, 0.4489999999999999500, -0.06149073219982077700 ) ) ;
#2848 = CARTESIAN_POINT ( 'NONE',  ( 0.1675450772777263300, 0.4500000000000000700, -0.06149073219982077700 ) ) ;
#2849 = CARTESIAN_POINT ( 'NONE',  ( 0.1698293538981433500, 0.4489999999999997900, -0.06104870011133693700 ) ) ;
#2850 = CARTESIAN_POINT ( 'NONE',  ( 0.1698293538981433500, 0.4499999999999999000, -0.06104870011133693700 ) ) ;
#2851 = CARTESIAN_POINT ( 'NONE',  ( 0.1720498721468143000, 0.4489999999999998400, -0.06042238655183238000 ) ) ;
#2852 = CARTESIAN_POINT ( 'NONE',  ( 0.1720498721468143000, 0.4499999999999999600, -0.06042238655183238000 ) ) ;
#2853 = CARTESIAN_POINT ( 'NONE',  ( 0.1742248717601792600, 0.4489999999999999500, -0.05964536721870598900 ) ) ;
#2854 = CARTESIAN_POINT ( 'NONE',  ( 0.1742248717601792600, 0.4500000000000000700, -0.05964536721870598900 ) ) ;
#2855 = CARTESIAN_POINT ( 'NONE',  ( 0.1763373405500550100, 0.4489999999999997900, -0.05867144958701541600 ) ) ;
#2856 = CARTESIAN_POINT ( 'NONE',  ( 0.1763373405500550100, 0.4499999999999999000, -0.05867144958701541600 ) ) ;
#2857 = CARTESIAN_POINT ( 'NONE',  ( 0.1784004000255420600, 0.4489999999999998400, -0.05753776766288771400 ) ) ;
#2858 = CARTESIAN_POINT ( 'NONE',  ( 0.1784004000255420600, 0.4499999999999999600, -0.05753776766288771400 ) ) ;
#2859 = CARTESIAN_POINT ( 'NONE',  ( 0.1803812653832535000, 0.4489999999999999000, -0.05620565688269847000 ) ) ;
#2860 = CARTESIAN_POINT ( 'NONE',  ( 0.1803812653832535000, 0.4500000000000000100, -0.05620565688269847000 ) ) ;
#2861 = CARTESIAN_POINT ( 'NONE',  ( 0.1823016829645700800, 0.4489999999999996800, -0.05472044899136239300 ) ) ;
#2862 = CARTESIAN_POINT ( 'NONE',  ( 0.1823016829645700800, 0.4499999999999997900, -0.05472044899136239300 ) ) ;
#2863 = CARTESIAN_POINT ( 'NONE',  ( 0.1841144819066299900, 0.4489999999999999000, -0.05304151559698122600 ) ) ;
#2864 = CARTESIAN_POINT ( 'NONE',  ( 0.1841144819066299900, 0.4500000000000000100, -0.05304151559698122600 ) ) ;
#2865 = CARTESIAN_POINT ( 'NONE',  ( 0.1858198272179859000, 0.4489999999999997300, -0.05118580933216244200 ) ) ;
#2866 = CARTESIAN_POINT ( 'NONE',  ( 0.1858198272179859000, 0.4499999999999998400, -0.05118580933216244200 ) ) ;
#2867 = CARTESIAN_POINT ( 'NONE',  ( 0.1874391216575925500, 0.4489999999999997300, -0.04917318464968789500 ) ) ;
#2868 = CARTESIAN_POINT ( 'NONE',  ( 0.1874391216575925500, 0.4499999999999998400, -0.04917318464968789500 ) ) ;
#2869 = CARTESIAN_POINT ( 'NONE',  ( 0.1889264244347141100, 0.4490000000000000100, -0.04696503936872852000 ) ) ;
#2870 = CARTESIAN_POINT ( 'NONE',  ( 0.1889264244347141100, 0.4500000000000001200, -0.04696503936872852000 ) ) ;
#2871 = CARTESIAN_POINT ( 'NONE',  ( 0.1903428082128690900, 0.4489999999999998400, -0.04459977908832423600 ) ) ;
#2872 = CARTESIAN_POINT ( 'NONE',  ( 0.1903428082128690900, 0.4499999999999999600, -0.04459977908832423600 ) ) ;
#2873 = CARTESIAN_POINT ( 'NONE',  ( 0.1916105806672023800, 0.4489999999999999000, -0.04203604009421551400 ) ) ;
#2874 = CARTESIAN_POINT ( 'NONE',  ( 0.1916105806672023800, 0.4500000000000000100, -0.04203604009421551400 ) ) ;
#2875 = CARTESIAN_POINT ( 'NONE',  ( 0.1928315713865908500, 0.4489999999999997300, -0.03931659815589987800 ) ) ;
#2876 = CARTESIAN_POINT ( 'NONE',  ( 0.1928315713865908500, 0.4499999999999998400, -0.03931659815589987800 ) ) ;
#2877 = CARTESIAN_POINT ( 'NONE',  ( 0.1938854852934264200, 0.4489999999999998400, -0.03636620790428088400 ) ) ;
#2878 = CARTESIAN_POINT ( 'NONE',  ( 0.1938854852934264200, 0.4499999999999999600, -0.03636620790428088400 ) ) ;
#2879 = CARTESIAN_POINT ( 'NONE',  ( 0.1948359494440638500, 0.4489999999999998400, -0.03320150046090684900 ) ) ;
#2880 = CARTESIAN_POINT ( 'NONE',  ( 0.1948359494440638500, 0.4499999999999999600, -0.03320150046090684900 ) ) ;
#2881 = CARTESIAN_POINT ( 'NONE',  ( 0.1956039199747763000, 0.4489999999999998400, -0.02978509512223993400 ) ) ;
#2882 = CARTESIAN_POINT ( 'NONE',  ( 0.1956039199747763000, 0.4499999999999999600, -0.02978509512223993400 ) ) ;
#2883 = CARTESIAN_POINT ( 'NONE',  ( 0.1962436134701516800, 0.4489999999999999000, -0.02613491668523685400 ) ) ;
#2884 = CARTESIAN_POINT ( 'NONE',  ( 0.1962436134701516800, 0.4500000000000000100, -0.02613491668523685400 ) ) ;
#2885 = CARTESIAN_POINT ( 'NONE',  ( 0.1967391819257403900, 0.4489999999999999000, -0.02223756002123223100 ) ) ;
#2886 = CARTESIAN_POINT ( 'NONE',  ( 0.1967391819257403900, 0.4500000000000000100, -0.02223756002123223100 ) ) ;
#2887 = CARTESIAN_POINT ( 'NONE',  ( 0.1971001145565562400, 0.4489999999999997900, -0.01810137957803914200 ) ) ;
#2888 = CARTESIAN_POINT ( 'NONE',  ( 0.1971001145565562400, 0.4499999999999999000, -0.01810137957803914200 ) ) ;
#2889 = CARTESIAN_POINT ( 'NONE',  ( 0.1972907741291658200, 0.4489999999999999000, -0.01372365413116010200 ) ) ;
#2890 = CARTESIAN_POINT ( 'NONE',  ( 0.1972907741291658200, 0.4500000000000000100, -0.01372365413116010200 ) ) ;
#2891 = CARTESIAN_POINT ( 'NONE',  ( 0.1973266798779278700, 0.4489999999999998400, -0.01073057272609835600 ) ) ;
#2892 = CARTESIAN_POINT ( 'NONE',  ( 0.1973266798779278700, 0.4499999999999999600, -0.01073057272609835600 ) ) ;
#2893 = CARTESIAN_POINT ( 'NONE',  ( 0.1973451055616737000, 0.4489999999999998400, -0.009194618922141226100 ) ) ;
#2894 = CARTESIAN_POINT ( 'NONE',  ( 0.1973451055616737000, 0.4499999999999999600, -0.009194618922141226100 ) ) ;
#2895 = CARTESIAN_POINT ( 'NONE',  ( 0.1883707465873147300, 0.4489999999999998400, -0.009234683024705323300 ) ) ;
#2896 = CARTESIAN_POINT ( 'NONE',  ( 0.1883707465873147300, 0.4500000000000002300, -0.009234683024705323300 ) ) ;
#2897 = CARTESIAN_POINT ( 'NONE',  ( 0.1883550268949451500, 0.4489999999999998400, -0.01043661366807796500 ) ) ;
#2898 = CARTESIAN_POINT ( 'NONE',  ( 0.1883550268949451500, 0.4500000000000002300, -0.01043661366807796500 ) ) ;
#2899 = CARTESIAN_POINT ( 'NONE',  ( 0.1883242758162154100, 0.4489999999999997900, -0.01278784694752302000 ) ) ;
#2900 = CARTESIAN_POINT ( 'NONE',  ( 0.1883242758162154100, 0.4500000000000001800, -0.01278784694752302000 ) ) ;
#2901 = B_SPLINE_SURFACE_WITH_KNOTS ( 'NONE', 3, 1, ( 
 ( #6845, #6846 ),
 ( #6847, #6848 ),
 ( #6849, #6850 ),
 ( #6851, #6852 ),
 ( #6853, #6854 ),
 ( #6855, #6856 ),
 ( #6857, #6858 ),
 ( #6859, #6860 ),
 ( #6861, #6862 ),
 ( #6863, #6864 ),
 ( #6865, #6866 ),
 ( #6867, #6868 ),
 ( #6869, #6870 ),
 ( #6871, #6872 ),
 ( #6873, #6874 ),
 ( #6875, #6876 ),
 ( #6877, #6878 ),
 ( #6879, #6880 ),
 ( #6881, #6882 ) ),
 .UNSPECIFIED., .F., .F., .F.,
 ( 4, 1, 1, 1, 1, 1, 1, 1, 1, 1, 1, 1, 1, 1, 1, 1, 4 ),
 ( 2, 2 ),
 ( 0.0000000000000000000, 0.07059928943359122800, 0.1379009210036193400, 0.2031961978097305300, 0.2667897246502605700, 0.3291063872214230500, 0.3906535452348599600, 0.4526530569344814900, 0.5157480403003724700, 0.5779263408004526900, 0.6389300116184460900, 0.6983507176418217700, 0.7572960374442715400, 0.8163937673501525700, 0.8762669096141290100, 0.9368171089060844900, 1.000000000000000000 ),
 ( 0.0000000000000000000, 1.000000000000000000 ),
 .UNSPECIFIED. ) ;
#2902 = B_SPLINE_SURFACE_WITH_KNOTS ( 'NONE', 3, 1, ( 
 ( #6892, #6893 ),
 ( #6894, #6895 ),
 ( #6896, #6897 ),
 ( #6898, #6899 ),
 ( #6900, #6901 ),
 ( #6902, #6903 ),
 ( #6904, #6905 ),
 ( #6906, #6907 ),
 ( #6908, #6909 ),
 ( #6910, #6911 ),
 ( #6912, #6913 ),
 ( #6914, #6915 ),
 ( #6916, #6917 ),
 ( #6918, #6919 ),
 ( #6920, #6921 ),
 ( #6922, #6923 ),
 ( #6924, #6925 ),
 ( #6926, #6927 ),
 ( #6928, #6929 ) ),
 .UNSPECIFIED., .F., .F., .F.,
 ( 4, 1, 1, 1, 1, 1, 1, 1, 1, 1, 1, 1, 1, 1, 1, 1, 4 ),
 ( 2, 2 ),
 ( 0.0000000000000000000, 0.06184170298390894600, 0.1212623730944465700, 0.1807459488653170000, 0.2392309018221059900, 0.2983075587884649300, 0.3581827976158473700, 0.4203592307800687000, 0.4847924155141840100, 0.5499384837666879700, 0.6137182775404279600, 0.6766807072496327000, 0.7391541704483173300, 0.8021997032403530600, 0.8667401776162992900, 0.9320496524002467300, 1.000000000000000000 ),
 ( 0.0000000000000000000, 1.000000000000000000 ),
 .UNSPECIFIED. ) ;
#2903 = B_SPLINE_SURFACE_WITH_KNOTS ( 'NONE', 3, 1, ( 
 ( #344, #345 ),
 ( #346, #347 ),
 ( #348, #349 ),
 ( #350, #351 ),
 ( #352, #353 ),
 ( #354, #355 ),
 ( #356, #357 ),
 ( #358, #359 ),
 ( #360, #361 ),
 ( #362, #363 ),
 ( #364, #365 ) ),
 .UNSPECIFIED., .F., .F., .F.,
 ( 4, 1, 1, 1, 1, 1, 1, 1, 4 ),
 ( 2, 2 ),
 ( 0.0000000000000000000, 0.1105883385953357100, 0.2245417540535956400, 0.3425034940501041600, 0.4643240984173579400, 0.5907560327017664600, 0.7222274753555145700, 0.8588428362087242600, 1.000000000000000000 ),
 ( 0.0000000000000000000, 1.000000000000000000 ),
 .UNSPECIFIED. ) ;
#2904 = B_SPLINE_SURFACE_WITH_KNOTS ( 'NONE', 3, 1, ( 
 ( #3917, #3918 ),
 ( #3919, #3920 ),
 ( #3921, #3922 ),
 ( #3923, #3924 ),
 ( #3925, #3926 ),
 ( #3927, #3928 ),
 ( #3929, #3930 ),
 ( #3931, #3932 ),
 ( #3933, #3934 ),
 ( #3935, #3936 ),
 ( #3937, #3938 ),
 ( #3939, #3940 ),
 ( #3941, #3942 ),
 ( #3943, #3944 ),
 ( #3945, #3946 ),
 ( #3947, #3948 ),
 ( #3949, #3950 ),
 ( #3951, #3952 ),
 ( #3953, #3954 ),
 ( #3955, #3956 ),
 ( #3957, #3958 ),
 ( #3959, #3960 ),
 ( #3961, #3962 ) ),
 .UNSPECIFIED., .F., .F., .F.,
 ( 4, 1, 1, 1, 1, 1, 1, 1, 1, 1, 1, 1, 1, 1, 1, 1, 1, 1, 1, 1, 4 ),
 ( 2, 2 ),
 ( 0.0000000000000000000, 0.07295106587586652800, 0.1415836941865450100, 0.2059264601708670200, 0.2653013571846052900, 0.3205972327139282000, 0.3718165030988102000, 0.4187897697094523600, 0.4616987286157645000, 0.5021335821035652900, 0.5408043152926477200, 0.5781805253279659300, 0.6142968652075149200, 0.6496782432647876200, 0.6842994600896379300, 0.7183589527723606100, 0.7520808646475974900, 0.8176524386023856800, 0.8797220764054369800, 0.9399655597309872800, 1.000000000000000000 ),
 ( 0.0000000000000000000, 1.000000000000000000 ),
 .UNSPECIFIED. ) ;
#2905 = B_SPLINE_SURFACE_WITH_KNOTS ( 'NONE', 3, 1, ( 
 ( #314, #315 ),
 ( #316, #317 ),
 ( #318, #319 ),
 ( #320, #321 ),
 ( #322, #323 ),
 ( #324, #325 ),
 ( #326, #327 ),
 ( #328, #329 ),
 ( #330, #331 ),
 ( #332, #333 ),
 ( #334, #335 ),
 ( #336, #337 ),
 ( #338, #339 ),
 ( #340, #341 ),
 ( #342, #343 ) ),
 .UNSPECIFIED., .F., .F., .F.,
 ( 4, 1, 1, 1, 1, 1, 1, 1, 1, 1, 1, 1, 4 ),
 ( 2, 2 ),
 ( 0.0000000000000000000, 0.1128134007444595000, 0.2253938839207300600, 0.3395948145627022400, 0.4596754102248643000, 0.5217351900879344500, 0.5839258387389173500, 0.6481741447653702700, 0.7138810381130663600, 0.7810044549073895700, 0.8514509275565553800, 0.9240506926641773900, 1.000000000000000000 ),
 ( 0.0000000000000000000, 1.000000000000000000 ),
 .UNSPECIFIED. ) ;
#2906 = B_SPLINE_SURFACE_WITH_KNOTS ( 'NONE', 3, 1, ( 
 ( #465, #466 ),
 ( #467, #468 ),
 ( #469, #470 ),
 ( #471, #472 ),
 ( #473, #474 ),
 ( #475, #476 ),
 ( #477, #478 ),
 ( #479, #480 ),
 ( #481, #482 ),
 ( #483, #484 ),
 ( #485, #486 ),
 ( #487, #488 ),
 ( #489, #490 ),
 ( #491, #492 ),
 ( #493, #494 ) ),
 .UNSPECIFIED., .F., .F., .F.,
 ( 4, 1, 1, 1, 1, 1, 1, 1, 1, 1, 1, 1, 4 ),
 ( 2, 2 ),
 ( 0.0000000000000000000, 0.09781818961471436300, 0.1997260534018264800, 0.3052763574779414100, 0.4158114905382920300, 0.4744722311435609100, 0.5372738797760973100, 0.6036574205596564300, 0.6742988630901252100, 0.7498344853162298700, 0.8285984767571021900, 0.9123777781577819800, 1.000000000000000000 ),
 ( 0.0000000000000000000, 1.000000000000000000 ),
 .UNSPECIFIED. ) ;
#2907 = B_SPLINE_SURFACE_WITH_KNOTS ( 'NONE', 3, 1, ( 
 ( #5148, #5149 ),
 ( #5150, #5151 ),
 ( #5152, #5153 ),
 ( #5154, #5155 ),
 ( #5156, #5157 ),
 ( #5158, #5159 ),
 ( #5160, #5161 ),
 ( #5162, #5163 ),
 ( #5164, #5165 ),
 ( #5166, #5167 ),
 ( #5168, #5169 ) ),
 .UNSPECIFIED., .F., .F., .F.,
 ( 4, 1, 1, 1, 1, 1, 1, 1, 4 ),
 ( 2, 2 ),
 ( 0.0000000000000000000, 0.1458600603916662400, 0.2824259030758213300, 0.4108504003575542700, 0.5350294213479310800, 0.6547010781259416900, 0.7701334325965034600, 0.8845558441988610200, 1.000000000000000000 ),
 ( 0.0000000000000000000, 1.000000000000000000 ),
 .UNSPECIFIED. ) ;
#2908 = B_SPLINE_SURFACE_WITH_KNOTS ( 'NONE', 3, 1, ( 
 ( #6930, #6931 ),
 ( #6932, #6933 ),
 ( #6934, #6935 ),
 ( #6936, #6937 ),
 ( #6938, #6939 ) ),
 .UNSPECIFIED., .F., .F., .F.,
 ( 4, 1, 4 ),
 ( 2, 2 ),
 ( 0.0000000000000000000, 0.5126593363417822900, 1.000000000000000000 ),
 ( 0.0000000000000000000, 1.000000000000000000 ),
 .UNSPECIFIED. ) ;
#2909 = B_SPLINE_SURFACE_WITH_KNOTS ( 'NONE', 3, 1, ( 
 ( #5861, #5862 ),
 ( #5863, #5864 ),
 ( #5865, #5866 ),
 ( #5867, #5868 ),
 ( #5869, #5870 ),
 ( #5871, #5872 ),
 ( #5873, #5874 ),
 ( #5875, #5876 ),
 ( #5877, #5878 ),
 ( #5879, #5880 ),
 ( #5881, #5882 ),
 ( #5883, #6702 ),
 ( #6703, #6704 ),
 ( #6705, #6706 ),
 ( #6707, #6708 ),
 ( #6709, #6710 ),
 ( #6711, #6712 ),
 ( #6713, #6714 ),
 ( #6715, #6716 ) ),
 .UNSPECIFIED., .F., .F., .F.,
 ( 4, 1, 1, 1, 1, 1, 1, 1, 1, 1, 1, 1, 1, 1, 1, 1, 4 ),
 ( 2, 2 ),
 ( 0.0000000000000000000, 0.07253837140649292700, 0.1400338305012513400, 0.2024956806336236600, 0.2605750556694154100, 0.3132283378464653100, 0.3615831937532646400, 0.4048783612951260500, 0.4441274373055401100, 0.5163996933371983700, 0.5865066709977661000, 0.6550853737960483600, 0.7243837831470368900, 0.7939735287256627400, 0.8616376821817772800, 0.9301109423064042300, 1.000000000000000000 ),
 ( 0.0000000000000000000, 1.000000000000000000 ),
 .UNSPECIFIED. ) ;
#2910 = B_SPLINE_SURFACE_WITH_KNOTS ( 'NONE', 3, 1, ( 
 ( #5814, #5815 ),
 ( #5816, #5817 ),
 ( #5818, #5819 ),
 ( #5820, #5821 ),
 ( #5822, #5823 ),
 ( #5824, #5825 ),
 ( #5826, #5827 ) ),
 .UNSPECIFIED., .F., .F., .F.,
 ( 4, 1, 1, 1, 4 ),
 ( 2, 2 ),
 ( 0.0000000000000000000, 0.2347233736739018400, 0.4771583189289875800, 0.7285562842030534100, 1.000000000000000000 ),
 ( 0.0000000000000000000, 1.000000000000000000 ),
 .UNSPECIFIED. ) ;
#2911 = B_SPLINE_SURFACE_WITH_KNOTS ( 'NONE', 3, 1, ( 
 ( #5781, #5782 ),
 ( #5783, #5784 ),
 ( #5785, #5786 ),
 ( #5787, #5788 ),
 ( #5789, #5790 ),
 ( #5791, #5792 ),
 ( #5793, #5794 ),
 ( #5795, #5796 ),
 ( #5797, #5798 ),
 ( #5799, #5800 ),
 ( #5801, #5802 ) ),
 .UNSPECIFIED., .F., .F., .F.,
 ( 4, 1, 1, 1, 1, 1, 1, 1, 4 ),
 ( 2, 2 ),
 ( 0.0000000000000000000, 0.05259428152913890600, 0.1249519739750391700, 0.2180938989285931800, 0.3335024107325186800, 0.4687891785044477300, 0.6249375859646005800, 0.8016830479282283100, 1.000000000000000000 ),
 ( 0.0000000000000000000, 1.000000000000000000 ),
 .UNSPECIFIED. ) ;
#2912 = B_SPLINE_SURFACE_WITH_KNOTS ( 'NONE', 3, 1, ( 
 ( #5724, #5725 ),
 ( #5726, #5727 ),
 ( #5728, #5729 ),
 ( #5730, #5731 ),
 ( #5732, #5733 ),
 ( #5734, #5735 ),
 ( #5736, #5737 ),
 ( #5738, #5739 ),
 ( #5740, #5741 ),
 ( #5742, #5743 ),
 ( #5744, #5745 ),
 ( #5746, #5747 ),
 ( #5748, #5749 ),
 ( #5750, #5751 ),
 ( #5752, #5753 ) ),
 .UNSPECIFIED., .F., .F., .F.,
 ( 4, 1, 1, 1, 1, 1, 1, 1, 1, 1, 1, 1, 4 ),
 ( 2, 2 ),
 ( 0.0000000000000000000, 0.09846943102555763500, 0.1896291011376317300, 0.2741840894379700100, 0.3521831609671533000, 0.4231988731834702100, 0.4885509460005320000, 0.5484733460279374000, 0.6014401636178717800, 0.7011980824257635400, 0.7995918021381837000, 0.8985450984822264100, 1.000000000000000000 ),
 ( 0.0000000000000000000, 1.000000000000000000 ),
 .UNSPECIFIED. ) ;
#2913 = B_SPLINE_SURFACE_WITH_KNOTS ( 'NONE', 3, 1, ( 
 ( #5637, #5638 ),
 ( #5639, #5640 ),
 ( #5641, #5642 ),
 ( #5643, #5644 ),
 ( #5645, #5646 ),
 ( #5647, #5648 ),
 ( #5649, #5650 ),
 ( #5651, #5652 ),
 ( #5653, #5654 ),
 ( #5655, #5656 ),
 ( #5657, #5658 ),
 ( #5659, #5660 ),
 ( #5661, #5662 ),
 ( #5663, #5664 ),
 ( #5665, #5666 ) ),
 .UNSPECIFIED., .F., .F., .F.,
 ( 4, 1, 1, 1, 1, 1, 1, 1, 1, 1, 1, 1, 4 ),
 ( 2, 2 ),
 ( 0.0000000000000000000, 0.08378537065371007000, 0.1657798879221419900, 0.2462800078932629300, 0.3274609277363899600, 0.4087969540320683900, 0.4897152412309879200, 0.5713760321300532800, 0.6555233211112770900, 0.7410194827999738700, 0.8265467605037610800, 0.9119888516548340100, 1.000000000000000000 ),
 ( 0.0000000000000000000, 1.000000000000000000 ),
 .UNSPECIFIED. ) ;
#2914 = B_SPLINE_SURFACE_WITH_KNOTS ( 'NONE', 3, 1, ( 
 ( #4351, #4352 ),
 ( #4353, #4354 ),
 ( #4355, #4356 ),
 ( #4357, #4358 ),
 ( #4359, #4360 ),
 ( #4361, #4362 ),
 ( #4363, #4364 ),
 ( #4365, #4366 ),
 ( #4367, #4368 ),
 ( #4369, #4370 ),
 ( #5615, #5616 ),
 ( #5617, #5618 ),
 ( #5619, #5620 ),
 ( #5621, #5622 ),
 ( #5623, #5624 ),
 ( #5625, #5626 ),
 ( #5627, #5628 ),
 ( #5629, #5630 ),
 ( #5631, #5632 ) ),
 .UNSPECIFIED., .F., .F., .F.,
 ( 4, 1, 1, 1, 1, 1, 1, 1, 1, 1, 1, 1, 1, 1, 1, 1, 4 ),
 ( 2, 2 ),
 ( 0.0000000000000000000, 0.06148425519689049200, 0.1217745277022103000, 0.1809195598139317900, 0.2402561150782713300, 0.3001144444023515200, 0.3611459476126114300, 0.4235005824125856500, 0.4886693612807190300, 0.5539541046535619900, 0.6175812610152613400, 0.6802384268167388500, 0.7421873887724537200, 0.8046632117692934500, 0.8682589893126624300, 0.9330202571803759600, 1.000000000000000000 ),
 ( 0.0000000000000000000, 1.000000000000000000 ),
 .UNSPECIFIED. ) ;
#2915 = B_SPLINE_SURFACE_WITH_KNOTS ( 'NONE', 3, 1, ( 
 ( #4329, #4330 ),
 ( #4331, #4332 ),
 ( #4333, #4334 ),
 ( #4335, #4336 ),
 ( #4337, #4338 ),
 ( #4339, #4340 ),
 ( #4341, #4342 ),
 ( #4343, #4344 ),
 ( #4345, #4346 ),
 ( #4347, #4348 ),
 ( #4349, #4350 ) ),
 .UNSPECIFIED., .F., .F., .F.,
 ( 4, 1, 1, 1, 1, 1, 1, 1, 4 ),
 ( 2, 2 ),
 ( 0.0000000000000000000, 0.09027921465001524600, 0.1895299184469586300, 0.2991978724002880000, 0.4189258867738192600, 0.5483762854012466100, 0.6881363695386799600, 0.8390835016589195400, 1.000000000000000000 ),
 ( 0.0000000000000000000, 1.000000000000000000 ),
 .UNSPECIFIED. ) ;
#2916 = B_SPLINE_SURFACE_WITH_KNOTS ( 'NONE', 3, 1, ( 
 ( #4284, #4285 ),
 ( #4286, #4287 ),
 ( #4288, #4289 ),
 ( #4290, #4291 ),
 ( #4292, #4293 ),
 ( #4294, #4295 ),
 ( #4296, #4297 ),
 ( #4298, #4299 ),
 ( #4300, #4301 ),
 ( #4302, #4303 ),
 ( #4304, #4305 ),
 ( #4306, #4307 ),
 ( #4308, #4309 ),
 ( #4310, #4311 ),
 ( #4312, #4313 ),
 ( #4314, #4315 ),
 ( #4316, #4317 ),
 ( #4318, #4319 ),
 ( #4320, #4321 ) ),
 .UNSPECIFIED., .F., .F., .F.,
 ( 4, 1, 1, 1, 1, 1, 1, 1, 1, 1, 1, 1, 1, 1, 1, 1, 4 ),
 ( 2, 2 ),
 ( 0.0000000000000000000, 0.07011889441971468100, 0.1371923527859710800, 0.2020161807247510500, 0.2646314069747435200, 0.3261165471458178400, 0.3860103046676409700, 0.4458118469576798900, 0.5052976967309597000, 0.5646332777264886400, 0.6242826253338404900, 0.6839020319037509800, 0.7439527709382701700, 0.8053877310076353900, 0.8683880308962804700, 0.9330840282524769400, 1.000000000000000000 ),
 ( 0.0000000000000000000, 1.000000000000000000 ),
 .UNSPECIFIED. ) ;
#2917 = B_SPLINE_SURFACE_WITH_KNOTS ( 'NONE', 3, 1, ( 
 ( #4252, #4253 ),
 ( #4254, #4255 ),
 ( #4256, #4257 ),
 ( #4258, #4259 ),
 ( #4260, #4261 ),
 ( #4262, #4263 ),
 ( #4264, #4265 ),
 ( #4266, #4267 ),
 ( #4268, #4269 ),
 ( #4270, #4271 ),
 ( #4272, #4273 ) ),
 .UNSPECIFIED., .F., .F., .F.,
 ( 4, 1, 1, 1, 1, 1, 1, 1, 4 ),
 ( 2, 2 ),
 ( 0.0000000000000000000, 0.1590042985173780700, 0.3046460998968149000, 0.4385469045795922200, 0.5623222987759273200, 0.6774325425257306000, 0.7868973929387551600, 0.8936108891042671100, 1.000000000000000000 ),
 ( 0.0000000000000000000, 1.000000000000000000 ),
 .UNSPECIFIED. ) ;
#2918 = B_SPLINE_SURFACE_WITH_KNOTS ( 'NONE', 3, 1, ( 
 ( #4196, #4197 ),
 ( #4198, #4199 ),
 ( #4200, #4201 ),
 ( #4202, #4203 ),
 ( #4204, #4205 ),
 ( #4206, #4207 ),
 ( #4208, #4209 ),
 ( #4210, #4211 ),
 ( #4212, #4213 ),
 ( #4214, #4215 ),
 ( #4216, #4217 ),
 ( #4218, #4219 ),
 ( #4220, #4221 ),
 ( #4222, #4223 ),
 ( #4224, #4225 ) ),
 .UNSPECIFIED., .F., .F., .F.,
 ( 4, 1, 1, 1, 1, 1, 1, 1, 1, 1, 1, 1, 4 ),
 ( 2, 2 ),
 ( 0.0000000000000000000, 0.1072327993600890300, 0.2132518127818481500, 0.3188304473075868100, 0.4267935306342754400, 0.4836459507827192700, 0.5436038220211422100, 0.6083076495640835600, 0.6771267602600408200, 0.7506856360204964300, 0.8287134184432878300, 0.9121903482234528000, 1.000000000000000000 ),
 ( 0.0000000000000000000, 1.000000000000000000 ),
 .UNSPECIFIED. ) ;
#2919 = B_SPLINE_SURFACE_WITH_KNOTS ( 'NONE', 3, 1, ( 
 ( #4159, #4160 ),
 ( #4161, #4162 ),
 ( #4163, #4164 ),
 ( #4165, #4166 ),
 ( #4167, #4168 ),
 ( #4169, #4170 ),
 ( #4171, #4172 ),
 ( #4173, #4174 ),
 ( #4175, #4176 ),
 ( #4177, #4178 ),
 ( #4179, #4180 ) ),
 .UNSPECIFIED., .F., .F., .F.,
 ( 4, 1, 1, 1, 1, 1, 1, 1, 4 ),
 ( 2, 2 ),
 ( 0.0000000000000000000, 0.1815353013762854000, 0.3470816724816273000, 0.4955678164315521800, 0.6283573018772145000, 0.7455196699921536900, 0.8458307507576501300, 0.9307818073847571300, 0.9999999999999998900 ),
 ( 0.0000000000000000000, 1.000000000000000000 ),
 .UNSPECIFIED. ) ;
#2920 = B_SPLINE_SURFACE_WITH_KNOTS ( 'NONE', 3, 1, ( 
 ( #4121, #4122 ),
 ( #4123, #4124 ),
 ( #4125, #4126 ),
 ( #4127, #4128 ),
 ( #4129, #4130 ),
 ( #4131, #4132 ),
 ( #4133, #4134 ),
 ( #4135, #4136 ),
 ( #4137, #4138 ),
 ( #4139, #4140 ),
 ( #4141, #4142 ),
 ( #4143, #4144 ),
 ( #4145, #4146 ),
 ( #4147, #4148 ),
 ( #4149, #4150 ),
 ( #4151, #4152 ),
 ( #4153, #4154 ),
 ( #4155, #4156 ),
 ( #4157, #4158 ) ),
 .UNSPECIFIED., .F., .F., .F.,
 ( 4, 1, 1, 1, 1, 1, 1, 1, 1, 1, 1, 1, 1, 1, 1, 1, 4 ),
 ( 2, 2 ),
 ( 0.0000000000000000000, 0.05720826943350786100, 0.1136960596574902600, 0.1691779164171948500, 0.2241592165805417800, 0.2787198783810434500, 0.3337942174469880600, 0.3892414593400018200, 0.4458220733936211200, 0.5037042811090197700, 0.5642938918193638500, 0.6279754158952234300, 0.6950382596840509700, 0.7653727258510129000, 0.8396114430907355400, 0.9175377500777889300, 0.9999999999999998900 ),
 ( 0.0000000000000000000, 1.000000000000000000 ),
 .UNSPECIFIED. ) ;
#2921 = B_SPLINE_SURFACE_WITH_KNOTS ( 'NONE', 3, 1, ( 
 ( #8682, #8683 ),
 ( #8684, #8685 ),
 ( #8686, #8687 ),
 ( #8688, #4086 ),
 ( #4087, #4088 ),
 ( #4089, #4090 ),
 ( #4091, #4092 ),
 ( #4093, #4094 ),
 ( #4095, #4096 ),
 ( #4097, #4098 ),
 ( #4099, #4100 ) ),
 .UNSPECIFIED., .F., .F., .F.,
 ( 4, 1, 1, 1, 1, 1, 1, 1, 4 ),
 ( 2, 2 ),
 ( 0.0000000000000000000, 0.1430730837303624000, 0.2759029640930086800, 0.4023708562739966600, 0.5284136450935937900, 0.6503563791869497700, 0.7658950861246937000, 0.8807741308440210100, 0.9999999999999998900 ),
 ( 0.0000000000000000000, 1.000000000000000000 ),
 .UNSPECIFIED. ) ;
#2922 = B_SPLINE_SURFACE_WITH_KNOTS ( 'NONE', 3, 1, ( 
 ( #8660, #8661 ),
 ( #8662, #8663 ),
 ( #8664, #8665 ),
 ( #8666, #8667 ),
 ( #8668, #8669 ),
 ( #8670, #8671 ),
 ( #8672, #8673 ),
 ( #8674, #8675 ),
 ( #8676, #8677 ),
 ( #8678, #8679 ),
 ( #8680, #8681 ) ),
 .UNSPECIFIED., .F., .F., .F.,
 ( 4, 1, 1, 1, 1, 1, 1, 1, 4 ),
 ( 2, 2 ),
 ( 0.0000000000000000000, 0.1335067689985166800, 0.2625589787303703200, 0.3882644471488779800, 0.5126673546814279900, 0.6337222699657596400, 0.7553938601370940900, 0.8775529450912779000, 1.000000000000000000 ),
 ( 0.0000000000000000000, 1.000000000000000000 ),
 .UNSPECIFIED. ) ;
#2923 = B_SPLINE_SURFACE_WITH_KNOTS ( 'NONE', 3, 1, ( 
 ( #8610, #8611 ),
 ( #8612, #8613 ),
 ( #8614, #8615 ),
 ( #8616, #8617 ),
 ( #8618, #8619 ),
 ( #8620, #8621 ),
 ( #8622, #8623 ),
 ( #8624, #8625 ),
 ( #8626, #8627 ),
 ( #8628, #8629 ),
 ( #8630, #8631 ),
 ( #8632, #8633 ),
 ( #8634, #8635 ),
 ( #8636, #8637 ),
 ( #8638, #8639 ),
 ( #8640, #8641 ),
 ( #8642, #8643 ),
 ( #8644, #8645 ),
 ( #8646, #8647 ) ),
 .UNSPECIFIED., .F., .F., .F.,
 ( 4, 1, 1, 1, 1, 1, 1, 1, 1, 1, 1, 1, 1, 1, 1, 1, 4 ),
 ( 2, 2 ),
 ( 0.0000000000000000000, 0.07004375541815564800, 0.1392383167626454800, 0.2081974550441382500, 0.2791733744245668600, 0.3499868116864776100, 0.4183538456626553200, 0.4876095837571500200, 0.5574110731083882200, 0.5953301567632405300, 0.6379640515652187400, 0.6859127777112930000, 0.7381851646524791900, 0.7961026471849428400, 0.8585165439469264500, 0.9266577264685187400, 1.000000000000000000 ),
 ( 0.0000000000000000000, 1.000000000000000000 ),
 .UNSPECIFIED. ) ;
#2924 = B_SPLINE_SURFACE_WITH_KNOTS ( 'NONE', 3, 1, ( 
 ( #269, #270 ),
 ( #271, #272 ),
 ( #273, #274 ),
 ( #275, #276 ),
 ( #277, #278 ),
 ( #279, #8427 ),
 ( #8428, #8429 ),
 ( #8430, #8431 ),
 ( #8432, #8433 ),
 ( #8434, #8435 ),
 ( #8436, #8437 ),
 ( #8438, #8439 ),
 ( #8440, #8441 ),
 ( #8442, #8443 ),
 ( #8444, #8445 ),
 ( #8446, #8447 ),
 ( #8448, #8449 ),
 ( #8450, #8451 ),
 ( #8452, #8453 ) ),
 .UNSPECIFIED., .F., .F., .F.,
 ( 4, 1, 1, 1, 1, 1, 1, 1, 1, 1, 1, 1, 1, 1, 1, 1, 4 ),
 ( 2, 2 ),
 ( 0.0000000000000000000, 0.06248133863520398400, 0.1234903826872901100, 0.1834110942063110500, 0.2431532209997801800, 0.3021267353720879500, 0.3617096708329055100, 0.4218422916948798600, 0.4829319014466685300, 0.5445522544313238200, 0.6056807199653579900, 0.6676797383436876600, 0.7299843875380631600, 0.7945509212861291400, 0.8603456197120826800, 0.9289073562657087500, 1.000000000000000000 ),
 ( 0.0000000000000000000, 1.000000000000000000 ),
 .UNSPECIFIED. ) ;
#2925 = B_SPLINE_SURFACE_WITH_KNOTS ( 'NONE', 3, 1, ( 
 ( #219, #220 ),
 ( #221, #222 ),
 ( #223, #224 ),
 ( #225, #226 ),
 ( #227, #228 ),
 ( #229, #230 ),
 ( #231, #232 ),
 ( #233, #234 ),
 ( #235, #236 ),
 ( #237, #238 ),
 ( #239, #240 ) ),
 .UNSPECIFIED., .F., .F., .F.,
 ( 4, 1, 1, 1, 1, 1, 1, 1, 4 ),
 ( 2, 2 ),
 ( 0.0000000000000000000, 0.07517311737622181500, 0.1647462575118008600, 0.2680168809877799300, 0.3859118756529562000, 0.5177894792733965800, 0.6636909770022824100, 0.8244132205366416800, 0.9999999999999998900 ),
 ( 0.0000000000000000000, 1.000000000000000000 ),
 .UNSPECIFIED. ) ;
#2926 = B_SPLINE_SURFACE_WITH_KNOTS ( 'NONE', 3, 1, ( 
 ( #124, #125 ),
 ( #126, #127 ),
 ( #128, #129 ),
 ( #130, #131 ),
 ( #132, #133 ),
 ( #134, #135 ),
 ( #136, #137 ),
 ( #138, #139 ),
 ( #140, #141 ),
 ( #142, #143 ),
 ( #144, #145 ) ),
 .UNSPECIFIED., .F., .F., .F.,
 ( 4, 1, 1, 1, 1, 1, 1, 1, 4 ),
 ( 2, 2 ),
 ( 0.0000000000000000000, 0.1072852142689557500, 0.2147458609696403200, 0.3229385595552863300, 0.4341161625174658800, 0.5534123109627939700, 0.6860729848107314200, 0.8342559920595840100, 1.000000000000000000 ),
 ( 0.0000000000000000000, 1.000000000000000000 ),
 .UNSPECIFIED. ) ;
#2927 = B_SPLINE_SURFACE_WITH_KNOTS ( 'NONE', 3, 1, ( 
 ( #9, #10 ),
 ( #11, #12 ),
 ( #13, #14 ),
 ( #15, #16 ),
 ( #17, #18 ),
 ( #19, #20 ),
 ( #21, #22 ),
 ( #23, #24 ),
 ( #25, #26 ),
 ( #27, #28 ),
 ( #29, #30 ) ),
 .UNSPECIFIED., .F., .F., .F.,
 ( 4, 1, 1, 1, 1, 1, 1, 1, 4 ),
 ( 2, 2 ),
 ( 0.0000000000000000000, 0.1769557521312508400, 0.3390550796425817500, 0.4863182249420763800, 0.6187809228353765600, 0.7356188277673806300, 0.8387424767201110400, 0.9264570678763173200, 1.000000000000000000 ),
 ( 0.0000000000000000000, 1.000000000000000000 ),
 .UNSPECIFIED. ) ;
#2928 = B_SPLINE_SURFACE_WITH_KNOTS ( 'NONE', 3, 1, ( 
 ( #8121, #8122 ),
 ( #8123, #8124 ),
 ( #8125, #8126 ),
 ( #8127, #8128 ),
 ( #8129, #8130 ),
 ( #8131, #8132 ),
 ( #8133, #8134 ),
 ( #8135, #8136 ),
 ( #8137, #8138 ),
 ( #8139, #8140 ),
 ( #8141, #8142 ),
 ( #8143, #8144 ),
 ( #8145, #8146 ),
 ( #8147, #8148 ),
 ( #8149, #8150 ) ),
 .UNSPECIFIED., .F., .F., .F.,
 ( 4, 1, 1, 1, 1, 1, 1, 1, 1, 1, 1, 1, 4 ),
 ( 2, 2 ),
 ( 0.0000000000000000000, 0.09126360489662675700, 0.1809303110850822800, 0.2700882198317243700, 0.3601561333877274000, 0.4483425324981543700, 0.5326658421383297900, 0.6138337041070488500, 0.6939815272835588900, 0.7727159770890044100, 0.8493351720622468500, 0.9239673265752322800, 1.000000000000000000 ),
 ( 0.0000000000000000000, 1.000000000000000000 ),
 .UNSPECIFIED. ) ;
#2929 = B_SPLINE_SURFACE_WITH_KNOTS ( 'NONE', 3, 1, ( 
 ( #1025, #1026 ),
 ( #1027, #1028 ),
 ( #1029, #1030 ),
 ( #1031, #1032 ),
 ( #1033, #1034 ),
 ( #1035, #1036 ),
 ( #280, #281 ),
 ( #282, #283 ),
 ( #284, #285 ),
 ( #286, #287 ),
 ( #288, #289 ),
 ( #290, #291 ),
 ( #292, #293 ),
 ( #294, #295 ),
 ( #296, #297 ),
 ( #298, #299 ),
 ( #300, #301 ),
 ( #302, #303 ),
 ( #304, #305 ),
 ( #306, #307 ),
 ( #308, #309 ),
 ( #310, #311 ),
 ( #312, #313 ) ),
 .UNSPECIFIED., .F., .F., .F.,
 ( 4, 1, 1, 1, 1, 1, 1, 1, 1, 1, 1, 1, 1, 1, 1, 1, 1, 1, 1, 1, 4 ),
 ( 2, 2 ),
 ( 0.0000000000000000000, 0.06568119799063879000, 0.1284864641740647300, 0.1881751303280076700, 0.2451061306699862900, 0.2994484245294752900, 0.3508229360093821400, 0.3999416805337775400, 0.4466717436323711700, 0.4912545333734977300, 0.5333763442704360100, 0.5738527549682233000, 0.6125263117194521500, 0.6495971364453287900, 0.6855320415538493900, 0.7201057860681993100, 0.7538376629736495100, 0.8189254160467124300, 0.8804934616501628500, 0.9403113338460555900, 1.000000000000000000 ),
 ( 0.0000000000000000000, 1.000000000000000000 ),
 .UNSPECIFIED. ) ;
#2930 = B_SPLINE_SURFACE_WITH_KNOTS ( 'NONE', 3, 1, ( 
 ( #8080, #8081 ),
 ( #8082, #8083 ),
 ( #8084, #8085 ),
 ( #8086, #8087 ),
 ( #8088, #8089 ),
 ( #8090, #8091 ),
 ( #8092, #8093 ),
 ( #8094, #8095 ),
 ( #8096, #8097 ),
 ( #8098, #8099 ),
 ( #8100, #8101 ),
 ( #8102, #8103 ),
 ( #8104, #8105 ),
 ( #8106, #8107 ),
 ( #8108, #8109 ) ),
 .UNSPECIFIED., .F., .F., .F.,
 ( 4, 1, 1, 1, 1, 1, 1, 1, 1, 1, 1, 1, 4 ),
 ( 2, 2 ),
 ( 0.0000000000000000000, 0.09697231038151706000, 0.1877734389628689900, 0.2723961390136935800, 0.3513209973752892700, 0.4243347744514675000, 0.4919087840005274000, 0.5542332197968009600, 0.6112676582441553000, 0.7163478449915540200, 0.8145400858216160800, 0.9084954561491855900, 1.000000000000000000 ),
 ( 0.0000000000000000000, 1.000000000000000000 ),
 .UNSPECIFIED. ) ;
#2931 = B_SPLINE_SURFACE_WITH_KNOTS ( 'NONE', 3, 1, ( 
 ( #427, #428 ),
 ( #429, #430 ),
 ( #431, #432 ),
 ( #433, #434 ),
 ( #435, #436 ),
 ( #437, #438 ),
 ( #439, #440 ),
 ( #441, #442 ),
 ( #443, #444 ),
 ( #445, #446 ),
 ( #447, #448 ),
 ( #449, #450 ),
 ( #451, #452 ),
 ( #453, #454 ),
 ( #455, #456 ),
 ( #457, #458 ),
 ( #459, #460 ),
 ( #461, #462 ),
 ( #463, #464 ) ),
 .UNSPECIFIED., .F., .F., .F.,
 ( 4, 1, 1, 1, 1, 1, 1, 1, 1, 1, 1, 1, 1, 1, 1, 1, 4 ),
 ( 2, 2 ),
 ( 0.0000000000000000000, 0.06113791491562068500, 0.1199938438512143200, 0.1782253215076173600, 0.2362564202618979700, 0.2949293769549103400, 0.3547157488097533200, 0.4167296639241626600, 0.4806644084708283100, 0.5458317702108652600, 0.6097581054261657100, 0.6729712284742205300, 0.7360168691676619600, 0.7998393981920309800, 0.8647753566655654900, 0.9310876232725690000, 1.000000000000000000 ),
 ( 0.0000000000000000000, 1.000000000000000000 ),
 .UNSPECIFIED. ) ;
#2932 = B_SPLINE_SURFACE_WITH_KNOTS ( 'NONE', 3, 1, ( 
 ( #366, #367 ),
 ( #368, #369 ),
 ( #370, #371 ),
 ( #372, #373 ),
 ( #374, #375 ),
 ( #376, #377 ),
 ( #378, #379 ),
 ( #380, #381 ),
 ( #382, #383 ),
 ( #384, #385 ),
 ( #386, #387 ),
 ( #388, #389 ),
 ( #390, #391 ),
 ( #392, #393 ),
 ( #394, #395 ),
 ( #396, #397 ),
 ( #398, #399 ),
 ( #400, #401 ),
 ( #402, #403 ),
 ( #404, #405 ),
 ( #406, #407 ),
 ( #408, #409 ),
 ( #410, #411 ) ),
 .UNSPECIFIED., .F., .F., .F.,
 ( 4, 1, 1, 1, 1, 1, 1, 1, 1, 1, 1, 1, 1, 1, 1, 1, 1, 1, 1, 1, 4 ),
 ( 2, 2 ),
 ( 0.0000000000000000000, 0.07295106587586658300, 0.1415836941865452100, 0.2059264601708671900, 0.2653013571846056800, 0.3205972327139283700, 0.3718165030988107600, 0.4187897697094524800, 0.4616987286157652200, 0.5021335821035660700, 0.5408043152926485000, 0.5781805253279667100, 0.6142968652075145900, 0.6496782432647874000, 0.6842994600896378200, 0.7183589527723618400, 0.7520808646475972700, 0.8176524386023854600, 0.8797220764054368700, 0.9399655597309871700, 1.000000000000000000 ),
 ( 0.0000000000000000000, 1.000000000000000000 ),
 .UNSPECIFIED. ) ;
#2933 = B_SPLINE_SURFACE_WITH_KNOTS ( 'NONE', 3, 1, ( 
 ( #960, #961 ),
 ( #962, #963 ),
 ( #964, #965 ),
 ( #966, #967 ),
 ( #968, #969 ),
 ( #970, #971 ),
 ( #972, #973 ),
 ( #974, #975 ),
 ( #976, #977 ),
 ( #978, #979 ),
 ( #980, #981 ),
 ( #982, #983 ),
 ( #984, #985 ),
 ( #986, #987 ),
 ( #988, #989 ),
 ( #990, #991 ),
 ( #992, #993 ),
 ( #994, #995 ),
 ( #996, #997 ),
 ( #998, #999 ),
 ( #1000, #1001 ),
 ( #1002, #1003 ),
 ( #1004, #1005 ) ),
 .UNSPECIFIED., .F., .F., .F.,
 ( 4, 1, 1, 1, 1, 1, 1, 1, 1, 1, 1, 1, 1, 1, 1, 1, 1, 1, 1, 1, 4 ),
 ( 2, 2 ),
 ( 0.0000000000000000000, 0.06038661931106113800, 0.1208832485859955700, 0.1827546186251383100, 0.2478110297583505400, 0.2812991000432478700, 0.3150876241506563900, 0.3497023955502747100, 0.3848565811185547000, 0.4209661972261022900, 0.4585111882611382900, 0.4971747221273121700, 0.5376020478662691900, 0.5805030184200110600, 0.6274675400267042400, 0.6783882095592432800, 0.7339832205925603800, 0.7937467045508348500, 0.8577136721607320200, 0.9266978643613861300, 1.000000000000000000 ),
 ( 0.0000000000000000000, 1.000000000000000000 ),
 .UNSPECIFIED. ) ;
#2934 = B_SPLINE_SURFACE_WITH_KNOTS ( 'NONE', 3, 1, ( 
 ( #4071, #4072 ),
 ( #4073, #4074 ),
 ( #4075, #4076 ),
 ( #4077, #4078 ),
 ( #4079, #4080 ),
 ( #4081, #4082 ),
 ( #4083, #4084 ),
 ( #4085, #5054 ),
 ( #5055, #5056 ),
 ( #5057, #5058 ),
 ( #5059, #5060 ),
 ( #5061, #5062 ),
 ( #5063, #5064 ),
 ( #5065, #5066 ),
 ( #5067, #5068 ) ),
 .UNSPECIFIED., .F., .F., .F.,
 ( 4, 1, 1, 1, 1, 1, 1, 1, 1, 1, 1, 1, 4 ),
 ( 2, 2 ),
 ( 0.0000000000000000000, 0.07405842627338263300, 0.1488703523168769800, 0.2266676683691787300, 0.3077347594511133400, 0.3911572038059786300, 0.4739293555425522200, 0.5579277515150558000, 0.6449892900513580800, 0.7333640555176163000, 0.8210920421841587700, 0.9092872149973382200, 1.000000000000000000 ),
 ( 0.0000000000000000000, 1.000000000000000000 ),
 .UNSPECIFIED. ) ;
#2935 = B_SPLINE_SURFACE_WITH_KNOTS ( 'NONE', 3, 1, ( 
 ( #5126, #5127 ),
 ( #5128, #5129 ),
 ( #5130, #5131 ),
 ( #5132, #5133 ),
 ( #5134, #5135 ),
 ( #5136, #5137 ),
 ( #5138, #5139 ),
 ( #5140, #5141 ),
 ( #5142, #5143 ),
 ( #5144, #5145 ),
 ( #5146, #5147 ) ),
 .UNSPECIFIED., .F., .F., .F.,
 ( 4, 1, 1, 1, 1, 1, 1, 1, 4 ),
 ( 2, 2 ),
 ( 0.0000000000000000000, 0.1192834503733710400, 0.2370928820686316600, 0.3547960442151290600, 0.4745763009408504000, 0.5974600658149749100, 0.7249261546156124900, 0.8588831991927644600, 1.000000000000000000 ),
 ( 0.0000000000000000000, 1.000000000000000000 ),
 .UNSPECIFIED. ) ;
#2936 = B_SPLINE_SURFACE_WITH_KNOTS ( 'NONE', 3, 1, ( 
 ( #5200, #5201 ),
 ( #5202, #5203 ),
 ( #5204, #5205 ),
 ( #5206, #5207 ),
 ( #5208, #5209 ),
 ( #5210, #5211 ),
 ( #5212, #5213 ),
 ( #5214, #5215 ),
 ( #5216, #5217 ),
 ( #5218, #5219 ),
 ( #5220, #5221 ),
 ( #5222, #5223 ),
 ( #5224, #5225 ),
 ( #5226, #5227 ),
 ( #5228, #5229 ),
 ( #5230, #5231 ),
 ( #5232, #5233 ),
 ( #5234, #5235 ),
 ( #5236, #5237 ),
 ( #5238, #5239 ),
 ( #5240, #5241 ),
 ( #5242, #5243 ),
 ( #5244, #5245 ),
 ( #5246, #5247 ),
 ( #5248, #5249 ),
 ( #5250, #5251 ),
 ( #5252, #5253 ) ),
 .UNSPECIFIED., .F., .F., .F.,
 ( 4, 1, 1, 1, 1, 1, 1, 1, 1, 1, 1, 1, 1, 1, 1, 1, 1, 1, 1, 1, 1, 1, 1, 1, 4 ),
 ( 2, 2 ),
 ( 0.0000000000000000000, 0.06506328961727923800, 0.1267731664665230100, 0.1855157632260792700, 0.2407646791677151800, 0.2929797960235983600, 0.3422503727797677800, 0.3889192861856606800, 0.4327756640583108600, 0.4746284326311182000, 0.5147746906379535600, 0.5536058934984432500, 0.5914264064311733900, 0.6280281199460676600, 0.6638036341103207300, 0.6989843361316641100, 0.7335914893067063700, 0.7676284691511404700, 0.8012083477865922200, 0.8342638397266241000, 0.8669806947287771500, 0.8997197415181611400, 0.9327019124985385100, 0.9661758834327508500, 1.000000000000000000 ),
 ( 0.0000000000000000000, 1.000000000000000000 ),
 .UNSPECIFIED. ) ;
#2937 = B_SPLINE_SURFACE_WITH_KNOTS ( 'NONE', 3, 1, ( 
 ( #749, #750 ),
 ( #751, #752 ),
 ( #753, #754 ),
 ( #755, #756 ),
 ( #757, #758 ),
 ( #759, #760 ),
 ( #761, #762 ),
 ( #763, #764 ),
 ( #765, #766 ),
 ( #767, #768 ),
 ( #769, #770 ),
 ( #771, #772 ),
 ( #773, #774 ),
 ( #775, #776 ),
 ( #777, #778 ) ),
 .UNSPECIFIED., .F., .F., .F.,
 ( 4, 1, 1, 1, 1, 1, 1, 1, 1, 1, 1, 1, 4 ),
 ( 2, 2 ),
 ( 0.0000000000000000000, 0.08433472199262624600, 0.1670523184160750100, 0.2495660772409659100, 0.3327404818018455700, 0.4159148863627277800, 0.4978280095399950600, 0.5803725886080506300, 0.6646001210565030100, 0.7494666931126170400, 0.8325102339401405600, 0.9156392816681741000, 0.9999999999999998900 ),
 ( 0.0000000000000000000, 1.000000000000000000 ),
 .UNSPECIFIED. ) ;
#2938 = B_SPLINE_SURFACE_WITH_KNOTS ( 'NONE', 3, 1, ( 
 ( #3871, #3872 ),
 ( #3873, #3874 ),
 ( #3875, #3876 ),
 ( #3877, #3878 ),
 ( #3879, #3880 ),
 ( #3881, #3882 ),
 ( #3883, #3884 ),
 ( #3885, #3886 ),
 ( #3887, #3888 ),
 ( #3889, #3890 ),
 ( #3891, #3892 ),
 ( #3893, #3894 ),
 ( #3895, #3896 ),
 ( #3897, #3898 ),
 ( #3899, #3900 ),
 ( #3901, #3902 ),
 ( #3903, #3904 ),
 ( #3905, #3906 ),
 ( #3907, #3908 ),
 ( #3909, #3910 ),
 ( #3911, #3912 ),
 ( #3913, #3914 ),
 ( #3915, #3916 ) ),
 .UNSPECIFIED., .F., .F., .F.,
 ( 4, 1, 1, 1, 1, 1, 1, 1, 1, 1, 1, 1, 1, 1, 1, 1, 1, 1, 1, 1, 4 ),
 ( 2, 2 ),
 ( 0.0000000000000000000, 0.06038661931106305300, 0.1208832485859955100, 0.1827546186251399800, 0.2478110297583504500, 0.2812991000432493200, 0.3150876241506563900, 0.3497023955502746600, 0.3848565811185557500, 0.4209661972261022300, 0.4585111882611391800, 0.4971747221273121700, 0.5376020478662691900, 0.5805030184200116200, 0.6274675400267046800, 0.6783882095592433900, 0.7339832205925603800, 0.7937467045508348500, 0.8577136721607320200, 0.9266978643613860100, 1.000000000000000000 ),
 ( 0.0000000000000000000, 1.000000000000000000 ),
 .UNSPECIFIED. ) ;
#2939 = B_SPLINE_SURFACE_WITH_KNOTS ( 'NONE', 3, 1, ( 
 ( #5170, #5171 ),
 ( #5172, #5173 ),
 ( #5174, #5175 ),
 ( #5176, #5177 ),
 ( #5178, #5179 ),
 ( #5180, #5181 ),
 ( #5182, #5183 ),
 ( #5184, #5185 ),
 ( #5186, #5187 ),
 ( #5188, #5189 ),
 ( #5190, #5191 ),
 ( #5192, #5193 ),
 ( #5194, #5195 ),
 ( #5196, #5197 ),
 ( #5198, #5199 ) ),
 .UNSPECIFIED., .F., .F., .F.,
 ( 4, 1, 1, 1, 1, 1, 1, 1, 1, 1, 1, 1, 4 ),
 ( 2, 2 ),
 ( 0.0000000000000000000, 0.08940971111013464000, 0.1763057644831057800, 0.2626259021834166900, 0.3494457264756535300, 0.4354982637429544700, 0.5189281301037144100, 0.6013546565787413200, 0.6842564217184162700, 0.7658067397968336700, 0.8448768657103878900, 0.9222797948488745700, 1.000000000000000000 ),
 ( 0.0000000000000000000, 1.000000000000000000 ),
 .UNSPECIFIED. ) ;
#2940 = B_SPLINE_SURFACE_WITH_KNOTS ( 'NONE', 3, 1, ( 
 ( #6940, #6941 ),
 ( #6942, #6943 ),
 ( #6944, #6945 ),
 ( #6946, #6947 ),
 ( #6948, #6949 ),
 ( #6950, #6951 ),
 ( #6952, #6953 ),
 ( #6954, #6955 ),
 ( #6956, #6957 ),
 ( #6958, #6959 ),
 ( #6960, #6961 ),
 ( #6962, #6963 ),
 ( #6964, #6965 ),
 ( #6966, #6967 ),
 ( #6968, #6969 ) ),
 .UNSPECIFIED., .F., .F., .F.,
 ( 4, 1, 1, 1, 1, 1, 1, 1, 1, 1, 1, 1, 4 ),
 ( 2, 2 ),
 ( 0.0000000000000000000, 0.08594794314412808300, 0.1691252118806906000, 0.2503991071860496300, 0.3322897361388361700, 0.4133642879158805900, 0.4941722833711885700, 0.5760217353866382600, 0.6607569692540075100, 0.7457831259137437400, 0.8300435929752240100, 0.9140275458206824600, 0.9999999999999998900 ),
 ( 0.0000000000000000000, 1.000000000000000000 ),
 .UNSPECIFIED. ) ;
#2941 = B_SPLINE_SURFACE_WITH_KNOTS ( 'NONE', 3, 1, ( 
 ( #4031, #4032 ),
 ( #4033, #4034 ),
 ( #4035, #4036 ),
 ( #4037, #4038 ),
 ( #4039, #4040 ),
 ( #4041, #4042 ),
 ( #4043, #4044 ),
 ( #4045, #4046 ),
 ( #4047, #4048 ),
 ( #4049, #4050 ),
 ( #4051, #4052 ) ),
 .UNSPECIFIED., .F., .F., .F.,
 ( 4, 1, 1, 1, 1, 1, 1, 1, 4 ),
 ( 2, 2 ),
 ( 0.0000000000000000000, 0.1219040408698847900, 0.2394126076020048600, 0.3554101042801775000, 0.4720907288033022200, 0.5928589821563575700, 0.7187034677136827600, 0.8548923829515245900, 0.9999999999999998900 ),
 ( 0.0000000000000000000, 1.000000000000000000 ),
 .UNSPECIFIED. ) ;
#2942 = B_SPLINE_SURFACE_WITH_KNOTS ( 'NONE', 3, 1, ( 
 ( #2783, #2784 ),
 ( #2785, #2786 ),
 ( #2787, #2788 ),
 ( #2789, #2790 ),
 ( #2791, #2792 ),
 ( #2793, #2794 ),
 ( #2795, #2796 ),
 ( #2797, #2798 ),
 ( #2799, #2800 ),
 ( #2801, #2802 ),
 ( #2803, #2804 ),
 ( #2805, #2806 ),
 ( #2807, #2808 ),
 ( #2809, #2810 ),
 ( #2811, #2812 ),
 ( #2813, #2814 ),
 ( #2815, #2816 ),
 ( #2817, #2818 ),
 ( #2819, #2820 ),
 ( #2821, #2822 ),
 ( #2823, #2824 ),
 ( #2825, #2826 ),
 ( #2827, #2828 ),
 ( #2829, #2830 ),
 ( #2831, #2832 ),
 ( #2833, #2834 ),
 ( #2835, #2836 ) ),
 .UNSPECIFIED., .F., .F., .F.,
 ( 4, 1, 1, 1, 1, 1, 1, 1, 1, 1, 1, 1, 1, 1, 1, 1, 1, 1, 1, 1, 1, 1, 1, 1, 4 ),
 ( 2, 2 ),
 ( 0.0000000000000000000, 0.06506328961727918200, 0.1267731664665229000, 0.1855157632260790700, 0.2407646791677149600, 0.2929797960235977500, 0.3422503727797671100, 0.3889192861856600200, 0.4327756640583101400, 0.4746284326311174300, 0.5147746906379534500, 0.5536058934984422500, 0.5914264064311723900, 0.6280281199460666700, 0.6638036341103206200, 0.6989843361316641100, 0.7335914893067050400, 0.7676284691511391400, 0.8012083477865921100, 0.8342638397266226600, 0.8669806947287757000, 0.8997197415181597000, 0.9327019124985370700, 0.9661758834327492900, 1.000000000000000000 ),
 ( 0.0000000000000000000, 1.000000000000000000 ),
 .UNSPECIFIED. ) ;
#2943 = B_SPLINE_SURFACE_WITH_KNOTS ( 'NONE', 3, 1, ( 
 ( #2725, #2726 ),
 ( #2727, #2728 ),
 ( #2729, #2730 ),
 ( #2731, #2732 ),
 ( #2733, #2734 ),
 ( #2735, #2736 ),
 ( #2737, #2738 ),
 ( #2739, #2740 ),
 ( #2741, #2742 ),
 ( #2743, #2744 ),
 ( #2745, #2746 ),
 ( #2747, #2748 ),
 ( #2749, #2750 ),
 ( #2751, #2752 ),
 ( #2753, #2754 ),
 ( #2755, #2756 ),
 ( #2757, #2758 ),
 ( #2759, #2760 ),
 ( #2761, #2762 ),
 ( #2763, #2764 ),
 ( #2765, #2766 ),
 ( #2767, #2768 ),
 ( #2769, #2770 ),
 ( #2771, #2772 ),
 ( #2773, #2774 ),
 ( #2775, #2776 ),
 ( #2777, #2778 ) ),
 .UNSPECIFIED., .F., .F., .F.,
 ( 4, 1, 1, 1, 1, 1, 1, 1, 1, 1, 1, 1, 1, 1, 1, 1, 1, 1, 1, 1, 1, 1, 1, 1, 4 ),
 ( 2, 2 ),
 ( 0.0000000000000000000, 0.06859462225874241000, 0.1332460424433008800, 0.1943125864682562200, 0.2512792231169662100, 0.3045134392563467700, 0.3542349066533250800, 0.4004805887739887900, 0.4434107549384918000, 0.4840148686163448500, 0.5232523007732031700, 0.5610423727283605500, 0.5979002393643999500, 0.6335184888561958800, 0.6683143511696512100, 0.7024956712863819100, 0.7366853535134585400, 0.7702931693607892900, 0.8034372550192495600, 0.8359129516660287500, 0.8684602457892904900, 0.9008465382431826200, 0.9334665246307080100, 0.9662575752981230600, 0.9999999999999998900 ),
 ( 0.0000000000000000000, 1.000000000000000000 ),
 .UNSPECIFIED. ) ;
#2944 = B_SPLINE_SURFACE_WITH_KNOTS ( 'NONE', 3, 1, ( 
 ( #2895, #2896 ),
 ( #2897, #2898 ),
 ( #2899, #2900 ),
 ( #3809, #3810 ),
 ( #3811, #3812 ),
 ( #3813, #3814 ),
 ( #3815, #3816 ),
 ( #3817, #3818 ),
 ( #3819, #3820 ),
 ( #3821, #3822 ),
 ( #3823, #3824 ),
 ( #3825, #3826 ),
 ( #3827, #3828 ),
 ( #3829, #3830 ),
 ( #3831, #3832 ),
 ( #3833, #3834 ),
 ( #3835, #3836 ),
 ( #3837, #3838 ),
 ( #3839, #3840 ),
 ( #3841, #3842 ),
 ( #3843, #3844 ),
 ( #3845, #3846 ),
 ( #3847, #3848 ) ),
 .UNSPECIFIED., .F., .F., .F.,
 ( 4, 1, 1, 1, 1, 1, 1, 1, 1, 1, 1, 1, 1, 1, 1, 1, 1, 1, 1, 1, 4 ),
 ( 2, 2 ),
 ( 0.0000000000000000000, 0.06568119799063883200, 0.1284864641740648100, 0.1881751303280078100, 0.2451061306699864300, 0.2994484245294754500, 0.3508229360093823600, 0.3999416805337777700, 0.4466717436323720500, 0.4912545333734980000, 0.5333763442704362300, 0.5738527549682235200, 0.6125263117194523800, 0.6495971364453290200, 0.6855320415538496100, 0.7201057860682009700, 0.7538376629736496200, 0.8189254160467140900, 0.8804934616501646200, 0.9403113338460573600, 1.000000000000000000 ),
 ( 0.0000000000000000000, 1.000000000000000000 ),
 .UNSPECIFIED. ) ;
#2945 = B_SPLINE_SURFACE_WITH_KNOTS ( 'NONE', 3, 1, ( 
 ( #3849, #3850 ),
 ( #3851, #3852 ),
 ( #3853, #3854 ),
 ( #3855, #3856 ),
 ( #3857, #3858 ),
 ( #3859, #3860 ),
 ( #3861, #3862 ),
 ( #3863, #3864 ),
 ( #3865, #3866 ),
 ( #3867, #3868 ),
 ( #3869, #3870 ) ),
 .UNSPECIFIED., .F., .F., .F.,
 ( 4, 1, 1, 1, 1, 1, 1, 1, 4 ),
 ( 2, 2 ),
 ( 0.0000000000000000000, 0.1105883385953369700, 0.2245417540535956700, 0.3425034940501041100, 0.4643240984173578300, 0.5907560327017668000, 0.7222274753555144600, 0.8588428362087243700, 0.9999999999999998900 ),
 ( 0.0000000000000000000, 1.000000000000000000 ),
 .UNSPECIFIED. ) ;
#2946 = B_SPLINE_SURFACE_WITH_KNOTS ( 'NONE', 3, 1, ( 
 ( #5254, #5255 ),
 ( #5256, #5257 ),
 ( #5258, #5259 ),
 ( #5260, #5261 ),
 ( #5262, #5263 ),
 ( #5264, #5265 ),
 ( #5266, #5267 ),
 ( #5268, #5269 ),
 ( #5270, #5271 ),
 ( #5272, #5273 ),
 ( #5274, #5275 ) ),
 .UNSPECIFIED., .F., .F., .F.,
 ( 4, 1, 1, 1, 1, 1, 1, 1, 4 ),
 ( 2, 2 ),
 ( 0.0000000000000000000, 0.1281581855276745200, 0.2536731361531690500, 0.3773253059734901800, 0.4993845547646073000, 0.6229183680423474600, 0.7458393931045773600, 0.8713952850140301900, 1.000000000000000000 ),
 ( 0.0000000000000000000, 1.000000000000000000 ),
 .UNSPECIFIED. ) ;
#2947 = B_SPLINE_SURFACE_WITH_KNOTS ( 'NONE', 3, 1, ( 
 ( #5276, #5277 ),
 ( #5278, #5279 ),
 ( #5280, #5281 ),
 ( #5282, #5283 ),
 ( #5284, #5285 ),
 ( #5286, #5287 ),
 ( #5288, #5289 ),
 ( #5290, #5291 ),
 ( #5292, #5293 ),
 ( #5294, #5295 ),
 ( #5296, #5297 ),
 ( #5298, #5299 ),
 ( #5300, #5301 ),
 ( #5302, #5303 ),
 ( #5304, #5305 ),
 ( #5306, #5307 ),
 ( #5308, #5309 ),
 ( #5310, #5311 ),
 ( #5312, #5313 ),
 ( #5314, #5315 ),
 ( #5316, #5317 ),
 ( #5318, #5319 ),
 ( #5320, #5321 ),
 ( #5322, #5323 ),
 ( #5324, #5325 ),
 ( #5326, #5327 ),
 ( #5328, #5329 ) ),
 .UNSPECIFIED., .F., .F., .F.,
 ( 4, 1, 1, 1, 1, 1, 1, 1, 1, 1, 1, 1, 1, 1, 1, 1, 1, 1, 1, 1, 1, 1, 1, 1, 4 ),
 ( 2, 2 ),
 ( 0.0000000000000000000, 0.03378714634699095400, 0.06662165772429487500, 0.09928487809597196000, 0.1313611650426503000, 0.1635851875953435700, 0.1961039269870677700, 0.2289022543238175600, 0.2621580559050079600, 0.2959912222583165300, 0.3302178457248003400, 0.3650598258919538500, 0.4009507373401077800, 0.4376203820767375400, 0.4757075294370919900, 0.5153806916250481800, 0.5564135414931641300, 0.5997648298727310500, 0.6464241555840870600, 0.6964314445175666700, 0.7497815178015573300, 0.8065733069755322000, 0.8674355315653994300, 0.9318867532508740000, 1.000000000000000000 ),
 ( 0.0000000000000000000, 1.000000000000000000 ),
 .UNSPECIFIED. ) ;
#2948 = B_SPLINE_SURFACE_WITH_KNOTS ( 'NONE', 3, 1, ( 
 ( #5088, #5089 ),
 ( #5090, #5091 ),
 ( #5092, #5093 ),
 ( #5094, #5095 ),
 ( #5096, #5097 ),
 ( #5098, #5099 ),
 ( #5100, #5101 ),
 ( #5102, #5103 ),
 ( #5104, #5105 ),
 ( #5106, #5107 ),
 ( #5108, #5109 ),
 ( #5110, #5111 ),
 ( #5112, #5113 ),
 ( #5114, #5115 ),
 ( #5116, #5117 ),
 ( #5118, #5119 ),
 ( #5120, #5121 ),
 ( #5122, #5123 ),
 ( #5124, #5125 ) ),
 .UNSPECIFIED., .F., .F., .F.,
 ( 4, 1, 1, 1, 1, 1, 1, 1, 1, 1, 1, 1, 1, 1, 1, 1, 4 ),
 ( 2, 2 ),
 ( 0.0000000000000000000, 0.07952482958501362600, 0.1550999763495375900, 0.2272198200732694900, 0.2959105041914709700, 0.3620558809471792800, 0.4255201169126362500, 0.4858127192253079400, 0.5444947060018102700, 0.6014596357222259400, 0.6578405937966483900, 0.7139744721931383700, 0.7694679515974517400, 0.8261299671813289200, 0.8828853593090689700, 0.9407008816662020300, 1.000000000000000000 ),
 ( 0.0000000000000000000, 1.000000000000000000 ),
 .UNSPECIFIED. ) ;
#2949 = B_SPLINE_SURFACE_WITH_KNOTS ( 'NONE', 3, 1, ( 
 ( #7501, #7502 ),
 ( #7503, #7504 ),
 ( #7505, #7506 ),
 ( #7507, #7508 ),
 ( #7509, #7510 ),
 ( #7511, #7512 ),
 ( #7513, #7514 ),
 ( #7515, #7516 ),
 ( #7517, #7518 ),
 ( #7519, #7520 ),
 ( #7521, #7522 ),
 ( #7523, #7524 ),
 ( #7525, #7526 ),
 ( #7527, #7528 ),
 ( #7529, #7530 ),
 ( #7531, #7532 ),
 ( #7533, #7534 ),
 ( #7535, #7536 ),
 ( #7537, #7538 ) ),
 .UNSPECIFIED., .F., .F., .F.,
 ( 4, 1, 1, 1, 1, 1, 1, 1, 1, 1, 1, 1, 1, 1, 1, 1, 4 ),
 ( 2, 2 ),
 ( 0.0000000000000000000, 0.06523080374203103800, 0.1284048960032242700, 0.1900670715964777900, 0.2509433657682808000, 0.3115458328521434900, 0.3728628021568300400, 0.4350236738562380200, 0.4990717247070442000, 0.5630910750496633800, 0.6255101063303749600, 0.6866800359296494300, 0.7472825030135129600, 0.8085634952159589400, 0.8707421035159855800, 0.9343409515059124500, 1.000000000000000000 ),
 ( 0.0000000000000000000, 1.000000000000000000 ),
 .UNSPECIFIED. ) ;
#2950 = B_SPLINE_SURFACE_WITH_KNOTS ( 'NONE', 3, 1, ( 
 ( #2841, #2842 ),
 ( #2843, #2844 ),
 ( #2845, #2846 ),
 ( #2847, #2848 ),
 ( #2849, #2850 ),
 ( #2851, #2852 ),
 ( #2853, #2854 ),
 ( #2855, #2856 ),
 ( #2857, #2858 ),
 ( #2859, #2860 ),
 ( #2861, #2862 ),
 ( #2863, #2864 ),
 ( #2865, #2866 ),
 ( #2867, #2868 ),
 ( #2869, #2870 ),
 ( #2871, #2872 ),
 ( #2873, #2874 ),
 ( #2875, #2876 ),
 ( #2877, #2878 ),
 ( #2879, #2880 ),
 ( #2881, #2882 ),
 ( #2883, #2884 ),
 ( #2885, #2886 ),
 ( #2887, #2888 ),
 ( #2889, #2890 ),
 ( #2891, #2892 ),
 ( #2893, #2894 ) ),
 .UNSPECIFIED., .F., .F., .F.,
 ( 4, 1, 1, 1, 1, 1, 1, 1, 1, 1, 1, 1, 1, 1, 1, 1, 1, 1, 1, 1, 1, 1, 1, 1, 4 ),
 ( 2, 2 ),
 ( 0.0000000000000000000, 0.03378811616271067100, 0.06719393237388124300, 0.09986241085682554000, 0.1325666121262584800, 0.1651511732547865900, 0.1979131873557925200, 0.2313190035669616100, 0.2650832782673736600, 0.2992553087581155100, 0.3343985665049784000, 0.3699428235093080700, 0.4062835607000612200, 0.4440638196985088900, 0.4829977068727754900, 0.5233544466133046600, 0.5655365896041494300, 0.6096129240658197900, 0.6563908113764171900, 0.7058854949364575800, 0.7583245002617313700, 0.8138317829411501100, 0.8727945590393900700, 0.9347222295400741100, 1.000000000000000000 ),
 ( 0.0000000000000000000, 1.000000000000000000 ),
 .UNSPECIFIED. ) ;
#2951 = B_SPLINE_SURFACE_WITH_KNOTS ( 'NONE', 3, 1, ( 
 ( #3976, #3977 ),
 ( #3978, #3979 ),
 ( #3980, #3981 ),
 ( #3982, #3983 ),
 ( #3984, #3985 ),
 ( #3986, #3987 ),
 ( #3988, #3989 ),
 ( #3990, #3991 ),
 ( #3992, #3993 ),
 ( #3994, #3995 ),
 ( #3996, #3997 ),
 ( #3998, #3999 ),
 ( #4000, #4001 ),
 ( #4002, #4003 ),
 ( #4004, #4005 ) ),
 .UNSPECIFIED., .F., .F., .F.,
 ( 4, 1, 1, 1, 1, 1, 1, 1, 1, 1, 1, 1, 4 ),
 ( 2, 2 ),
 ( 0.0000000000000000000, 0.1128134007444597900, 0.2253938839207306500, 0.3395948145626997400, 0.4596754102248651900, 0.5217351900879325700, 0.5839258387389156800, 0.6481741447653687200, 0.7138810381130672500, 0.7810044549073905700, 0.8514509275565548300, 0.9240506926641785000, 1.000000000000000000 ),
 ( 0.0000000000000000000, 1.000000000000000000 ),
 .UNSPECIFIED. ) ;
#2952 = B_SPLINE_SURFACE_WITH_KNOTS ( 'NONE', 3, 1, ( 
 ( #2671, #2672 ),
 ( #2673, #2674 ),
 ( #2675, #2676 ),
 ( #2677, #2678 ),
 ( #2679, #2680 ),
 ( #2681, #2682 ),
 ( #2683, #2684 ),
 ( #2685, #2686 ),
 ( #2687, #2688 ),
 ( #2689, #2690 ),
 ( #2691, #2692 ),
 ( #2693, #2694 ),
 ( #2695, #2696 ),
 ( #2697, #2698 ),
 ( #2699, #2700 ),
 ( #2701, #2702 ),
 ( #2703, #2704 ),
 ( #2705, #2706 ),
 ( #2707, #2708 ),
 ( #2709, #2710 ),
 ( #2711, #2712 ),
 ( #2713, #2714 ),
 ( #2715, #2716 ),
 ( #2717, #2718 ),
 ( #2719, #2720 ),
 ( #2721, #2722 ),
 ( #2723, #2724 ) ),
 .UNSPECIFIED., .F., .F., .F.,
 ( 4, 1, 1, 1, 1, 1, 1, 1, 1, 1, 1, 1, 1, 1, 1, 1, 1, 1, 1, 1, 1, 1, 1, 1, 4 ),
 ( 2, 2 ),
 ( 0.0000000000000000000, 0.03378714634699098200, 0.06662165772429337600, 0.09928487809597198700, 0.1313611650426503600, 0.1635851875953421900, 0.1961039269870678300, 0.2289022543238162800, 0.2621580559050067400, 0.2959912222583152600, 0.3302178457247991200, 0.3650598258919537400, 0.4009507373401067200, 0.4376203820767373700, 0.4757075294370918800, 0.5153806916250481800, 0.5564135414931640200, 0.5997648298727305000, 0.6464241555840869500, 0.6964314445175663300, 0.7497815178015573300, 0.8065733069755322000, 0.8674355315653993200, 0.9318867532508740000, 1.000000000000000000 ),
 ( 0.0000000000000000000, 1.000000000000000000 ),
 .UNSPECIFIED. ) ;
#2953 = CARTESIAN_POINT ( 'NONE',  ( -0.3085643495665315000, 0.4499999999999999000, 0.04076531697529468100 ) ) ;
#2954 = CARTESIAN_POINT ( 'NONE',  ( -0.2077230034126853200, 0.4499999999999999000, 0.04076531697529486900 ) ) ;
#2955 = CARTESIAN_POINT ( 'NONE',  ( 0.2260510350488532700, 0.4499999999999999000, -0.01494381764008994100 ) ) ;
#2956 = CARTESIAN_POINT ( 'NONE',  ( -1.000000000000000000, -0.4249999999999999900, 0.7750000000000001300 ) ) ;
#2957 = CARTESIAN_POINT ( 'NONE',  ( -0.2556997662331981800, 0.4489999999999998400, -0.01600551635803866200 ) ) ;
#2958 = CARTESIAN_POINT ( 'NONE',  ( -0.5000000000000000000, 0.4249999999999998800, 0.8000000000000000400 ) ) ;
#2959 = CARTESIAN_POINT ( 'NONE',  ( -0.5000000000000000000, -0.4500000000000000100, -0.7750000000000000200 ) ) ;
#2960 = CARTESIAN_POINT ( 'NONE',  ( -0.05744255469473659400, 0.4489999999999998400, -0.04897827276829507000 ) ) ;
#2961 = CARTESIAN_POINT ( 'NONE',  ( 0.2401535991514172900, 0.4499999999999999000, 0.04332941953939724300 ) ) ;
#2962 = CARTESIAN_POINT ( 'NONE',  ( 0.3166760350488532800, 0.4499999999999999000, -0.06179878558880789300 ) ) ;
#2963 = CARTESIAN_POINT ( 'NONE',  ( -0.02316771495114683400, 0.4499999999999999000, -0.03241176635803865600 ) ) ;
#2964 = CARTESIAN_POINT ( 'NONE',  ( 0.4132305222283404500, 0.4499999999999999000, -0.05637009969137199400 ) ) ;
#2965 = CARTESIAN_POINT ( 'NONE',  ( -0.9750000000000000900, 0.4499999999999999000, 0.7750000000000001300 ) ) ;
#2966 = CARTESIAN_POINT ( 'NONE',  ( -0.5000000000000000000, -0.4500000000000000100, 0.7750000000000001300 ) ) ;
#2967 = CARTESIAN_POINT ( 'NONE',  ( 0.08324254145910961500, 0.4499999999999999000, -0.002824426614448918900 ) ) ;
#2968 = CARTESIAN_POINT ( 'NONE',  ( -1.000000000000000000, -0.4249999999999999900, -0.7750000000000000200 ) ) ;
#2969 = CARTESIAN_POINT ( 'NONE',  ( 0.5000000000000000000, -0.4499999999999999000, 0.7750000000000001300 ) ) ;
#2970 = CARTESIAN_POINT ( 'NONE',  ( -0.2022742854639673600, 0.4489999999999998400, -0.05923468302470532400 ) ) ;
#2971 = CARTESIAN_POINT ( 'NONE',  ( -0.2791172341819160900, 0.4499999999999999000, -0.02323708687085917400 ) ) ;
#2972 = CARTESIAN_POINT ( 'NONE',  ( -0.2691412726434545500, 0.4499999999999999000, -0.02596144584521814500 ) ) ;
#2973 = CARTESIAN_POINT ( 'NONE',  ( 0.5000000000000000000, 0.4499999999999999000, 0.7750000000000001300 ) ) ;
#2974 = CARTESIAN_POINT ( 'NONE',  ( -0.1198023303357622400, 0.4489999999999998400, -0.05923468302470532400 ) ) ;
#2975 = CARTESIAN_POINT ( 'NONE',  ( -0.1052189970024288900, 0.4499999999999999000, 0.04076531697529468100 ) ) ;
#2976 = CARTESIAN_POINT ( 'NONE',  ( 0.05760151581808394700, 0.4499999999999999000, -0.007952631742654047600 ) ) ;
#2977 = CARTESIAN_POINT ( 'NONE',  ( 0.006319464536032651800, 0.4489999999999998400, -0.01820904199906430200 ) ) ;
#2978 = CARTESIAN_POINT ( 'NONE',  ( -0.5000000000000000000, 0.4499999999999999000, 0.7750000000000001300 ) ) ;
#2979 = CARTESIAN_POINT ( 'NONE',  ( -0.002654894438326293300, 0.4499999999999999000, -0.05923468302470532400 ) ) ;
#2980 = CARTESIAN_POINT ( 'NONE',  ( -0.3638127470024289400, 0.4489999999999998400, -0.001542375332397641900 ) ) ;
#2981 = CARTESIAN_POINT ( 'NONE',  ( 0.1628298812026993100, 0.4499999999999999000, 0.04332941953939724300 ) ) ;
#2982 = CARTESIAN_POINT ( 'NONE',  ( 0.1631303619719301200, 0.4499999999999999000, 0.03307300928298698200 ) ) ;
#2983 = CARTESIAN_POINT ( 'NONE',  ( -0.1238087405921724900, 0.4499999999999999000, -0.03118981122983352900 ) ) ;
#2984 = CARTESIAN_POINT ( 'NONE',  ( 0.5000000000000000000, -0.4249999999999999300, -0.8000000000000000400 ) ) ;
#2985 = CARTESIAN_POINT ( 'NONE',  ( 0.006319464536032651800, 0.4499999999999999000, -0.01820904199906430200 ) ) ;
#2986 = CARTESIAN_POINT ( 'NONE',  ( 0.05760151581808394700, 0.4499999999999999000, 0.04076531697529468100 ) ) ;
#2987 = CARTESIAN_POINT ( 'NONE',  ( 0.2832425414591096000, 0.4499999999999999000, -0.009194618922141226100 ) ) ;
#2988 = CARTESIAN_POINT ( 'NONE',  ( 0.2406143363309045400, 0.4489999999999998400, -0.01949109328111558700 ) ) ;
#2989 = CARTESIAN_POINT ( 'NONE',  ( -0.3085643495665315000, 0.4489999999999998400, 0.04076531697529468100 ) ) ;
#2990 = CARTESIAN_POINT ( 'NONE',  ( -0.9750000000000000900, -0.4249999999999999900, 0.8000000000000000400 ) ) ;
#2991 = CARTESIAN_POINT ( 'NONE',  ( 0.2922169004334686500, 0.4489999999999998400, -0.009234683024705323300 ) ) ;
#2992 = CARTESIAN_POINT ( 'NONE',  ( -0.2415371059767878700, 0.4489999999999998400, -0.03872186251188481500 ) ) ;
#2993 = CARTESIAN_POINT ( 'NONE',  ( -0.3838848623870442800, 0.4499999999999999000, 0.04076531697529468100 ) ) ;
#2994 = CARTESIAN_POINT ( 'NONE',  ( -0.9750000000000000900, 0.4249999999999998800, -0.8000000000000000400 ) ) ;
#2995 = CARTESIAN_POINT ( 'NONE',  ( 0.05760151581808394700, 0.4489999999999998400, -0.05923468302470532400 ) ) ;
#2996 = CARTESIAN_POINT ( 'NONE',  ( 0.1973451055616737000, 0.4499999999999999000, -0.009194618922141226100 ) ) ;
#2997 = CARTESIAN_POINT ( 'NONE',  ( 0.3166760350488532800, 0.4499999999999999000, 0.04332941953939724300 ) ) ;
#2998 = CARTESIAN_POINT ( 'NONE',  ( -0.3449625867460186500, 0.4489999999999998400, -0.05923468302470532400 ) ) ;
#2999 = CARTESIAN_POINT ( 'NONE',  ( -0.5000000000000000000, -0.4249999999999999300, -0.8000000000000000400 ) ) ;
#3000 = CARTESIAN_POINT ( 'NONE',  ( 0.1845846888950070100, 0.4499999999999999000, 0.01590554133426903500 ) ) ;
#3001 = CARTESIAN_POINT ( 'NONE',  ( 0.2832425414591096000, 0.4489999999999998400, -0.009194618922141226100 ) ) ;
#3002 = CARTESIAN_POINT ( 'NONE',  ( -0.05744255469473659400, 0.4499999999999999000, -0.04897827276829507000 ) ) ;
#3003 = CARTESIAN_POINT ( 'NONE',  ( -0.3638127470024289900, 0.4499999999999999000, -0.001542375332397533500 ) ) ;
#3004 = CARTESIAN_POINT ( 'NONE',  ( -0.2035563367460186400, 0.4489999999999998400, -0.05923468302470532400 ) ) ;
#3005 = CARTESIAN_POINT ( 'NONE',  ( -0.002654894438326293300, 0.4489999999999998400, 0.04076531697529468100 ) ) ;
#3006 = CARTESIAN_POINT ( 'NONE',  ( -0.3686805354639673400, 0.4499999999999999000, 0.008714034924012620600 ) ) ;
#3007 = CARTESIAN_POINT ( 'NONE',  ( -0.08470617648960833400, 0.4489999999999998400, -0.05923468302470532400 ) ) ;
#3008 = CARTESIAN_POINT ( 'NONE',  ( 0.1217040799206480500, 0.4489999999999998400, 0.007431983641961344000 ) ) ;
#3009 = CARTESIAN_POINT ( 'NONE',  ( -0.5000000000000000000, 0.4249999999999998800, -0.8000000000000000400 ) ) ;
#3010 = CARTESIAN_POINT ( 'NONE',  ( -0.05822380469473655700, 0.4499999999999999000, -0.01542458687085917400 ) ) ;
#3011 = CARTESIAN_POINT ( 'NONE',  ( 0.06657587479244293800, 0.4489999999999998400, -0.05923468302470532400 ) ) ;
#3012 = CARTESIAN_POINT ( 'NONE',  ( -0.5000000000000000000, 0.4499999999999999000, -0.7750000000000000200 ) ) ;
#3013 = CARTESIAN_POINT ( 'NONE',  ( -0.1185002470024288800, 0.4499999999999999000, -0.05923468302470532400 ) ) ;
#3014 = CARTESIAN_POINT ( 'NONE',  ( 0.06657587479244293800, 0.4499999999999999000, 0.04076531697529468100 ) ) ;
#3015 = CARTESIAN_POINT ( 'NONE',  ( 0.2204220286385967800, 0.4489999999999998400, -0.03599750353752584300 ) ) ;
#3016 = CARTESIAN_POINT ( 'NONE',  ( -0.05822380469473655700, 0.4489999999999998400, -0.01542458687085917400 ) ) ;
#3017 = CARTESIAN_POINT ( 'NONE',  ( 0.3169765158180839500, 0.4489999999999997300, 0.03307300928298698200 ) ) ;
#3018 = CARTESIAN_POINT ( 'NONE',  ( -0.2022742854639673600, 0.4499999999999999000, -0.05923468302470532400 ) ) ;
#3019 = CARTESIAN_POINT ( 'NONE',  ( 0.2691399773565456000, 0.4499999999999999000, -0.03585727917855148500 ) ) ;
#3020 = CARTESIAN_POINT ( 'NONE',  ( 0.3511912594078276400, 0.4489999999999998400, -0.009194618922141226100 ) ) ;
#3021 = CARTESIAN_POINT ( 'NONE',  ( -0.1981677149511468200, 0.4489999999999998400, -0.03135006764008994200 ) ) ;
#3022 = CARTESIAN_POINT ( 'NONE',  ( 0.2742681824847507100, 0.4489999999999999000, 0.01163871441119211500 ) ) ;
#3023 = CARTESIAN_POINT ( 'NONE',  ( -0.2411164328998647900, 0.4489999999999998400, 0.01612589389837159800 ) ) ;
#3024 = CARTESIAN_POINT ( 'NONE',  ( 0.3868082465873147700, 0.4499999999999999000, -0.01596545225547456000 ) ) ;
#3025 = CARTESIAN_POINT ( 'NONE',  ( -0.2627310162331981700, 0.4499999999999999000, -0.009635324050346356200 ) ) ;
#3026 = CARTESIAN_POINT ( 'NONE',  ( 0.1383707465873147100, 0.4489999999999998400, -0.009234683024705323300 ) ) ;
#3027 = CARTESIAN_POINT ( 'NONE',  ( 0.05760151581808394700, 0.4489999999999998400, 0.04076531697529468100 ) ) ;
#3028 = CARTESIAN_POINT ( 'NONE',  ( 0.2407545606898789100, 0.4489999999999999000, -0.06179878558880790700 ) ) ;
#3029 = CARTESIAN_POINT ( 'NONE',  ( 0.1293963876129557700, 0.4499999999999999000, -0.009194618922141226100 ) ) ;
#3030 = CARTESIAN_POINT ( 'NONE',  ( 0.3384308427411609800, 0.4489999999999998400, 0.01590554133426903500 ) ) ;
#3031 = CARTESIAN_POINT ( 'NONE',  ( -0.3462446380280699300, 0.4489999999999998400, -0.05923468302470532400 ) ) ;
#3032 = CARTESIAN_POINT ( 'NONE',  ( 0.1973451055616737000, 0.4489999999999998400, -0.009194618922141226100 ) ) ;
#3033 = CARTESIAN_POINT ( 'NONE',  ( -0.1142334200793519300, 0.4489999999999998400, 0.04076531697529468100 ) ) ;
#3034 = CARTESIAN_POINT ( 'NONE',  ( -0.04311963802806987500, 0.4499999999999999000, -0.007031157383679684100 ) ) ;
#3035 = CARTESIAN_POINT ( 'NONE',  ( 1.000000000000000000, -0.4249999999999999300, -0.7750000000000000200 ) ) ;
#3036 = CARTESIAN_POINT ( 'NONE',  ( 0.9750000000000000900, -0.4249999999999998800, -0.8000000000000000400 ) ) ;
#3037 = CARTESIAN_POINT ( 'NONE',  ( -0.2847061764896083900, 0.4499999999999999000, -0.03846144584521814900 ) ) ;
#3038 = CARTESIAN_POINT ( 'NONE',  ( -0.1185002470024288800, 0.4489999999999998400, -0.05923468302470532400 ) ) ;
#3039 = CARTESIAN_POINT ( 'NONE',  ( 0.3166760350488532800, 0.4489999999999998400, 0.04332941953939724300 ) ) ;
#3040 = CARTESIAN_POINT ( 'NONE',  ( 0.08324254145910961500, 0.4489999999999998400, -0.002824426614448918900 ) ) ;
#3041 = CARTESIAN_POINT ( 'NONE',  ( 0.05760151581808394700, 0.4489999999999998400, -0.007952631742654047600 ) ) ;
#3042 = CARTESIAN_POINT ( 'NONE',  ( -0.1599064970024288700, 0.4489999999999998400, 0.04076531697529468100 ) ) ;
#3043 = CARTESIAN_POINT ( 'NONE',  ( -0.04231835597678782600, 0.4489999999999998400, -0.05773227917855149000 ) ) ;
#3044 = CARTESIAN_POINT ( 'NONE',  ( -0.07573181751524939200, 0.4489999999999998400, -0.04897827276829507000 ) ) ;
#3045 = CARTESIAN_POINT ( 'NONE',  ( -0.3457037726434545300, 0.4489999999999998400, -0.03974349712726943400 ) ) ;
#3046 = CARTESIAN_POINT ( 'NONE',  ( -0.06858037520755708200, 0.4489999999999998400, -0.005388529178551479600 ) ) ;
#3047 = CARTESIAN_POINT ( 'NONE',  ( 0.1628298812026993100, 0.4489999999999998400, 0.04332941953939724300 ) ) ;
#3048 = CARTESIAN_POINT ( 'NONE',  ( -0.2321420739255058200, 0.4499999999999999000, 0.01626611825734596000 ) ) ;
#3049 = CARTESIAN_POINT ( 'NONE',  ( 0.2152938235103917000, 0.4489999999999998400, 0.01276050928298698400 ) ) ;
#3050 = CARTESIAN_POINT ( 'NONE',  ( -0.08470617648960833400, 0.4499999999999999000, 0.04076531697529465300 ) ) ;
#3051 = CARTESIAN_POINT ( 'NONE',  ( -0.1609882277716596400, 0.4489999999999998400, 0.02281659902657672700 ) ) ;
#3052 = CARTESIAN_POINT ( 'NONE',  ( 0.2742681824847507100, 0.4499999999999999600, 0.01163871441119211500 ) ) ;
#3053 = CARTESIAN_POINT ( 'NONE',  ( -0.04311963802806987500, 0.4489999999999998400, -0.007031157383679684100 ) ) ;
#3054 = CARTESIAN_POINT ( 'NONE',  ( -0.2600667534126853100, 0.4489999999999998400, -0.06179878558880789300 ) ) ;
#3055 = CARTESIAN_POINT ( 'NONE',  ( -1.000000000000000000, 0.4249999999999998800, 0.7750000000000001300 ) ) ;
#3056 = CARTESIAN_POINT ( 'NONE',  ( -0.02316771495114683400, 0.4489999999999998400, -0.03241176635803865600 ) ) ;
#3057 = CARTESIAN_POINT ( 'NONE',  ( 0.006319464536032651800, 0.4499999999999999000, -0.007952631742654047600 ) ) ;
#3058 = CARTESIAN_POINT ( 'NONE',  ( 0.4063194645360327400, 0.4489999999999998400, -0.06179878558880789300 ) ) ;
#3059 = CARTESIAN_POINT ( 'NONE',  ( 0.3952818042796224500, 0.4499999999999998400, -0.006670580460602763100 ) ) ;
#3060 = CARTESIAN_POINT ( 'NONE',  ( 0.4132305222283404500, 0.4489999999999998400, -0.05637009969137199400 ) ) ;
#3061 = CARTESIAN_POINT ( 'NONE',  ( 0.3960630542796224600, 0.4499999999999999000, 0.03307300928298698200 ) ) ;
#3062 = CARTESIAN_POINT ( 'NONE',  ( 0.3384308427411609800, 0.4499999999999999000, 0.01590554133426903500 ) ) ;
#3063 = CARTESIAN_POINT ( 'NONE',  ( 0.3652938235103916400, 0.4489999999999998400, 0.01288070159067929300 ) ) ;
#3064 = CARTESIAN_POINT ( 'NONE',  ( 0.3952818042796224500, 0.4489999999999998400, -0.006670580460602763100 ) ) ;
#3065 = CARTESIAN_POINT ( 'NONE',  ( 0.3955822850488532300, 0.4489999999999998400, 0.04332941953939724300 ) ) ;
#3066 = CARTESIAN_POINT ( 'NONE',  ( 0.3422169004334685800, 0.4499999999999999000, -0.009234683024705323300 ) ) ;
#3067 = CARTESIAN_POINT ( 'NONE',  ( 0.3971648171001352400, 0.4489999999999998400, -0.01692699071701301800 ) ) ;
#3068 = CARTESIAN_POINT ( 'NONE',  ( 0.3960630542796224600, 0.4489999999999998400, 0.03307300928298698200 ) ) ;
#3069 = CARTESIAN_POINT ( 'NONE',  ( 0.2922169004334686500, 0.4499999999999997900, -0.009234683024705323300 ) ) ;
#3070 = CARTESIAN_POINT ( 'NONE',  ( 0.4178579260744942300, 0.4489999999999998400, 0.01324127851375621300 ) ) ;
#3071 = CARTESIAN_POINT ( 'NONE',  ( 0.3169765158180839500, 0.4499999999999997900, 0.03307300928298698200 ) ) ;
#3072 = CARTESIAN_POINT ( 'NONE',  ( 0.4268322850488532900, 0.4489999999999998400, 0.01270041312914082900 ) ) ;
#3073 = CARTESIAN_POINT ( 'NONE',  ( 0.3868082465873147700, 0.4489999999999998400, -0.01596545225547456000 ) ) ;
#3074 = CARTESIAN_POINT ( 'NONE',  ( 0.3742681824847506900, 0.4499999999999998400, 0.01324127851375621300 ) ) ;
#3075 = CARTESIAN_POINT ( 'NONE',  ( 0.3169765158180839500, 0.4499999999999999000, -0.05154237533239763900 ) ) ;
#3076 = CARTESIAN_POINT ( 'NONE',  ( 0.3742681824847506900, 0.4489999999999997900, 0.01324127851375621300 ) ) ;
#3077 = CARTESIAN_POINT ( 'NONE',  ( 0.3764717081257762900, 0.4489999999999998400, -0.01616577276829507200 ) ) ;
#3078 = CARTESIAN_POINT ( 'NONE',  ( 0.4178579260744942300, 0.4499999999999999000, 0.01324127851375621300 ) ) ;
#3079 = CARTESIAN_POINT ( 'NONE',  ( -0.002654894438326293300, 0.4499999999999999000, 0.04076531697529465300 ) ) ;
#3080 = CARTESIAN_POINT ( 'NONE',  ( 0.9750000000000000900, 0.4249999999999998800, -0.8000000000000000400 ) ) ;
#3081 = CARTESIAN_POINT ( 'NONE',  ( -0.002654894438326293300, 0.4489999999999998400, -0.05923468302470532400 ) ) ;
#3082 = CARTESIAN_POINT ( 'NONE',  ( 0.2601656183821865500, 0.4499999999999999000, -0.03619782405034635600 ) ) ;
#3083 = CARTESIAN_POINT ( 'NONE',  ( 0.1628298812026993100, 0.4489999999999998400, -0.06179878558880789300 ) ) ;
#3084 = CARTESIAN_POINT ( 'NONE',  ( -0.2607077790537109500, 0.4489999999999998400, 0.03307300928298698200 ) ) ;
#3085 = CARTESIAN_POINT ( 'NONE',  ( 0.1883707465873147300, 0.4489999999999998400, -0.009234683024705323300 ) ) ;
#3086 = CARTESIAN_POINT ( 'NONE',  ( -0.1052189970024288900, 0.4489999999999998400, 0.04076531697529468100 ) ) ;
#3087 = CARTESIAN_POINT ( 'NONE',  ( 0.06657587479244293800, 0.4489999999999998400, 0.04076531697529468100 ) ) ;
#3088 = CARTESIAN_POINT ( 'NONE',  ( 0.2114476696642378600, 0.4489999999999999000, -0.03613772789650020900 ) ) ;
#3089 = CARTESIAN_POINT ( 'NONE',  ( 0.1631303619719301500, 0.4489999999999999000, -0.05154237533239764600 ) ) ;
#3090 = CARTESIAN_POINT ( 'NONE',  ( 0.2260510350488532700, 0.4489999999999998400, -0.01494381764008994100 ) ) ;
#3091 = CARTESIAN_POINT ( 'NONE',  ( -0.2167574585408904300, 0.4489999999999998400, 0.04076531697529468100 ) ) ;
#3092 = CARTESIAN_POINT ( 'NONE',  ( 0.006319464536032651800, 0.4489999999999998400, 0.04076531697529468100 ) ) ;
#3093 = CARTESIAN_POINT ( 'NONE',  ( 0.9750000000000000900, -0.4499999999999999000, -0.7750000000000000200 ) ) ;
#3094 = CARTESIAN_POINT ( 'NONE',  ( -0.2321420739255058200, 0.4489999999999998400, 0.01626611825734596000 ) ) ;
#3095 = CARTESIAN_POINT ( 'NONE',  ( -0.2077230034126852900, 0.4489999999999998400, 0.04076531697529468100 ) ) ;
#3096 = CARTESIAN_POINT ( 'NONE',  ( -0.1619297341819160600, 0.4489999999999998400, 0.04076531697529468100 ) ) ;
#3097 = CARTESIAN_POINT ( 'NONE',  ( 0.006319464536032651800, 0.4489999999999998400, -0.007952631742654047600 ) ) ;
#3098 = CARTESIAN_POINT ( 'NONE',  ( 0.2691399773565456000, 0.4489999999999998400, -0.03585727917855148500 ) ) ;
#3099 = CARTESIAN_POINT ( 'NONE',  ( 0.2549372529975711400, 0.4489999999999998400, -0.01494381764008994100 ) ) ;
#3100 = CARTESIAN_POINT ( 'NONE',  ( 0.9750000000000000900, -0.4499999999999999000, 0.7750000000000001300 ) ) ;
#3101 = CARTESIAN_POINT ( 'NONE',  ( 0.3511912594078276400, 0.4499999999999999000, -0.009194618922141226100 ) ) ;
#3102 = CARTESIAN_POINT ( 'NONE',  ( 0.2063194645360327500, 0.4489999999999998400, 0.01246002851375621600 ) ) ;
#3103 = CARTESIAN_POINT ( 'NONE',  ( -0.2334241252075571500, 0.4489999999999999000, -0.04487170225547457100 ) ) ;
#3104 = CARTESIAN_POINT ( 'NONE',  ( -0.2607077790537109500, 0.4489999999999998400, 0.04332941953939724300 ) ) ;
#3105 = CARTESIAN_POINT ( 'NONE',  ( 0.9750000000000000900, -0.4249999999999998800, 0.8000000000000000400 ) ) ;
#3106 = CARTESIAN_POINT ( 'NONE',  ( 1.000000000000000000, -0.4249999999999999300, 0.7750000000000001300 ) ) ;
#3107 = CARTESIAN_POINT ( 'NONE',  ( 0.2652938235103917700, 0.4489999999999999000, 0.01181900287273057600 ) ) ;
#3108 = CARTESIAN_POINT ( 'NONE',  ( 0.2402537594078275900, 0.4499999999999999000, -0.05154237533239763900 ) ) ;
#3109 = CARTESIAN_POINT ( 'NONE',  ( -0.07573181751524939200, 0.4489999999999998400, -0.005388529178551479600 ) ) ;
#3110 = CARTESIAN_POINT ( 'NONE',  ( 0.2402537594078276200, 0.4499999999999999600, 0.03307300928298698800 ) ) ;
#3111 = CARTESIAN_POINT ( 'NONE',  ( 0.2402537594078276200, 0.4489999999999999000, 0.03307300928298698800 ) ) ;
#3112 = CARTESIAN_POINT ( 'NONE',  ( 0.1383707465873147100, 0.4499999999999999000, -0.009234683024705323300 ) ) ;
#3113 = CARTESIAN_POINT ( 'NONE',  ( -0.9750000000000000900, 0.4249999999999998800, 0.8000000000000000400 ) ) ;
#3114 = CARTESIAN_POINT ( 'NONE',  ( -0.03214207392550577600, 0.4489999999999998400, -0.03237170225547456000 ) ) ;
#3115 = CARTESIAN_POINT ( 'NONE',  ( 0.3169765158180839500, 0.4489999999999998400, -0.05154237533239763900 ) ) ;
#3116 = CARTESIAN_POINT ( 'NONE',  ( 0.006319464536032651800, 0.4489999999999998400, -0.05923468302470532400 ) ) ;
#3117 = CARTESIAN_POINT ( 'NONE',  ( -0.2691412726434545500, 0.4489999999999998400, -0.02596144584521814500 ) ) ;
#3118 = CARTESIAN_POINT ( 'NONE',  ( -0.2757318175152493900, 0.4489999999999998400, -0.03888211892214123200 ) ) ;
#3119 = CARTESIAN_POINT ( 'NONE',  ( 0.2204220286385967800, 0.4499999999999999000, -0.03599750353752584300 ) ) ;
#3120 = CARTESIAN_POINT ( 'NONE',  ( 0.006319464536032651800, 0.4499999999999999000, -0.05923468302470532400 ) ) ;
#3121 = CARTESIAN_POINT ( 'NONE',  ( 0.2406143363309045400, 0.4499999999999999000, -0.01949109328111558700 ) ) ;
#3122 = CARTESIAN_POINT ( 'NONE',  ( -0.08470617648960833400, 0.4489999999999998400, 0.04076531697529468100 ) ) ;
#3123 = CARTESIAN_POINT ( 'NONE',  ( 0.3955822850488532300, 0.4499999999999999000, 0.04332941953939724300 ) ) ;
#3124 = CARTESIAN_POINT ( 'NONE',  ( 0.2152938235103917000, 0.4499999999999999000, 0.01276050928298698400 ) ) ;
#3125 = CARTESIAN_POINT ( 'NONE',  ( 0.5000000000000000000, 0.4499999999999999000, -0.7750000000000000200 ) ) ;
#3126 = CARTESIAN_POINT ( 'NONE',  ( 0.1631303619719301200, 0.4489999999999998400, 0.03307300928298698200 ) ) ;
#3127 = CARTESIAN_POINT ( 'NONE',  ( -0.2988087405921724900, 0.4489999999999998400, 0.04076531697529468100 ) ) ;
#3128 = CARTESIAN_POINT ( 'NONE',  ( 0.006319464536032651800, 0.4499999999999999000, 0.04076531697529468100 ) ) ;
#3129 = CARTESIAN_POINT ( 'NONE',  ( 0.9750000000000000900, 0.4249999999999998800, 0.8000000000000000400 ) ) ;
#3130 = CARTESIAN_POINT ( 'NONE',  ( 0.05760151581808394700, 0.4499999999999999000, -0.05923468302470532400 ) ) ;
#3131 = CARTESIAN_POINT ( 'NONE',  ( -0.2447021700793519900, 0.4499999999999999000, 0.006310188770166469200 ) ) ;
#3132 = CARTESIAN_POINT ( 'NONE',  ( -0.2411164328998647900, 0.4499999999999999000, 0.01612589389837159800 ) ) ;
#3133 = CARTESIAN_POINT ( 'NONE',  ( -0.2607077790537109500, 0.4499999999999999000, 0.03307300928298698200 ) ) ;
#3134 = CARTESIAN_POINT ( 'NONE',  ( -0.2826629072588391900, 0.4499999999999999000, 0.01640634261632031500 ) ) ;
#3135 = CARTESIAN_POINT ( 'NONE',  ( -0.2911164328998647700, 0.4499999999999999000, 0.02147445159067929200 ) ) ;
#3136 = CARTESIAN_POINT ( 'NONE',  ( -0.2607077790537109500, 0.4499999999999998400, 0.04332941953939724300 ) ) ;
#3137 = CARTESIAN_POINT ( 'NONE',  ( -0.2826629072588391900, 0.4489999999999998400, 0.01640634261632031500 ) ) ;
#3138 = CARTESIAN_POINT ( 'NONE',  ( 0.2402537594078275900, 0.4489999999999998400, -0.05154237533239763900 ) ) ;
#3139 = CARTESIAN_POINT ( 'NONE',  ( -0.2988087405921724900, 0.4499999999999999000, 0.04076531697529468100 ) ) ;
#3140 = CARTESIAN_POINT ( 'NONE',  ( 0.1628298812026993100, 0.4499999999999999000, -0.06179878558880789300 ) ) ;
#3141 = CARTESIAN_POINT ( 'NONE',  ( -0.08470617648960833400, 0.4499999999999999000, -0.05923468302470532400 ) ) ;
#3142 = CARTESIAN_POINT ( 'NONE',  ( -0.2847061764896083900, 0.4489999999999998400, -0.03846144584521814900 ) ) ;
#3143 = CARTESIAN_POINT ( 'NONE',  ( -0.06858037520755708200, 0.4499999999999999000, -0.005388529178551479600 ) ) ;
#3144 = CARTESIAN_POINT ( 'NONE',  ( 0.5000000000000000000, 0.4249999999999998800, -0.8000000000000000400 ) ) ;
#3145 = CARTESIAN_POINT ( 'NONE',  ( -0.5000000000000000000, -0.4249999999999999300, 0.8000000000000000400 ) ) ;
#3146 = CARTESIAN_POINT ( 'NONE',  ( 0.5000000000000000000, -0.4249999999999999300, 0.8000000000000000400 ) ) ;
#3147 = CARTESIAN_POINT ( 'NONE',  ( -0.9750000000000000900, -0.4500000000000000100, 0.7750000000000001300 ) ) ;
#3148 = CARTESIAN_POINT ( 'NONE',  ( -0.9750000000000000900, -0.4500000000000000100, -0.7750000000000000200 ) ) ;
#3149 = CARTESIAN_POINT ( 'NONE',  ( 0.08324254145910961500, 0.4499999999999999000, 0.007431983641961303200 ) ) ;
#3150 = CARTESIAN_POINT ( 'NONE',  ( -0.07573181751524939200, 0.4489999999999712000, -0.01564493943496173700 ) ) ;
#3151 = CARTESIAN_POINT ( 'NONE',  ( 0.2652938235103917700, 0.4499999999999999600, 0.01181900287273057600 ) ) ;
#3152 = CARTESIAN_POINT ( 'NONE',  ( -0.2415371059767878700, 0.4499999999999999000, -0.03872186251188481500 ) ) ;
#3153 = CARTESIAN_POINT ( 'NONE',  ( -0.3280755675152494100, 0.4499999999999999000, -0.001542375332397635200 ) ) ;
#3154 = CARTESIAN_POINT ( 'NONE',  ( -0.07573181751524939200, 0.4499999999999932400, -0.04897827276829507000 ) ) ;
#3155 = CARTESIAN_POINT ( 'NONE',  ( 0.3764717081257762900, 0.4499999999999999600, -0.01616577276829507200 ) ) ;
#3156 = CARTESIAN_POINT ( 'NONE',  ( -0.06509479828448015700, 0.4499999999999999000, -0.05923468302470532400 ) ) ;
#3157 = CARTESIAN_POINT ( 'NONE',  ( -0.1599064970024288700, 0.4499999999999999000, 0.04076531697529468100 ) ) ;
#3158 = CARTESIAN_POINT ( 'NONE',  ( 0.2114476696642378600, 0.4499999999999999600, -0.03613772789650020900 ) ) ;
#3159 = CARTESIAN_POINT ( 'NONE',  ( 0.2063194645360327500, 0.4499999999999999000, 0.01246002851375621600 ) ) ;
#3160 = CARTESIAN_POINT ( 'NONE',  ( -0.9750000000000000900, 0.4499999999999999000, -0.7750000000000000200 ) ) ;
#3161 = CARTESIAN_POINT ( 'NONE',  ( 0.2549372529975711400, 0.4499999999999999000, -0.01494381764008994100 ) ) ;
#3162 = CARTESIAN_POINT ( 'NONE',  ( -0.07573181751524939200, 0.4499999999999999000, 0.04076531697529468100 ) ) ;
#3163 = CARTESIAN_POINT ( 'NONE',  ( -0.9750000000000000900, -0.4249999999999999900, -0.8000000000000000400 ) ) ;
#3164 = CARTESIAN_POINT ( 'NONE',  ( 0.1217040799206480500, 0.4499999999999999000, 0.007431983641961344000 ) ) ;
#3165 = CARTESIAN_POINT ( 'NONE',  ( -0.3936805354639673600, 0.4499999999999999000, 0.04076531697529468100 ) ) ;
#3166 = CARTESIAN_POINT ( 'NONE',  ( -0.3233480034126853300, 0.4499999999999999000, 0.008714034924012620600 ) ) ;
#3167 = CARTESIAN_POINT ( 'NONE',  ( -0.2757318175152493900, 0.4499999999999999000, -0.03888211892214123200 ) ) ;
#3168 = CARTESIAN_POINT ( 'NONE',  ( 0.1883707465873147300, 0.4499999999999999000, -0.009234683024705323300 ) ) ;
#3169 = CARTESIAN_POINT ( 'NONE',  ( -0.2556997662331981800, 0.4499999999999999000, -0.01600551635803866200 ) ) ;
#3170 = CARTESIAN_POINT ( 'NONE',  ( 0.1631303619719301500, 0.4499999999999999600, -0.05154237533239764600 ) ) ;
#3171 = CARTESIAN_POINT ( 'NONE',  ( 0.06657587479244293800, 0.4499999999999999000, -0.05923468302470532400 ) ) ;
#3172 = CARTESIAN_POINT ( 'NONE',  ( -0.06509479828448015700, 0.4489999999999998400, -0.05923468302470532400 ) ) ;
#3173 = CARTESIAN_POINT ( 'NONE',  ( -0.1238087405921724900, 0.4489999999999998400, -0.03118981122983352900 ) ) ;
#3174 = CARTESIAN_POINT ( 'NONE',  ( -0.3280755675152494100, 0.4489999999999998400, -0.001542375332397635200 ) ) ;
#3175 = CARTESIAN_POINT ( 'NONE',  ( -0.04231835597678782600, 0.4499999999999999000, -0.05773227917855149000 ) ) ;
#3176 = CARTESIAN_POINT ( 'NONE',  ( -0.3686805354639673400, 0.4489999999999998400, 0.008714034924012620600 ) ) ;
#3177 = CARTESIAN_POINT ( 'NONE',  ( -0.1142334200793519300, 0.4499999999999999000, 0.04076531697529468100 ) ) ;
#3178 = CARTESIAN_POINT ( 'NONE',  ( 0.2666960671001353300, 0.4489999999999998400, 0.03235185543683313800 ) ) ;
#3179 = CARTESIAN_POINT ( 'NONE',  ( -0.07573181751524939200, 0.4499999999999999000, -0.01564493943496177500 ) ) ;
#3180 = CARTESIAN_POINT ( 'NONE',  ( -0.2610683559767879600, 0.4489999999999999000, -0.05154237533239764600 ) ) ;
#3181 = CARTESIAN_POINT ( 'NONE',  ( 0.9750000000000002000, 0.4499999999999999000, -0.7750000000000000200 ) ) ;
#3182 = CARTESIAN_POINT ( 'NONE',  ( 0.08324254145910961500, 0.4489999999999998400, 0.007431983641961344000 ) ) ;
#3183 =( LENGTH_UNIT ( ) NAMED_UNIT ( * ) SI_UNIT ( .MILLI., .METRE. ) );
#3184 =( NAMED_UNIT ( * ) PLANE_ANGLE_UNIT ( ) SI_UNIT ( $, .RADIAN. ) );
#3185 =( NAMED_UNIT ( * ) SI_UNIT ( $, .STERADIAN. ) SOLID_ANGLE_UNIT ( ) );
#3186 = APPLICATION_PROTOCOL_DEFINITION ( 'draft international standard', 'automotive_design', 1998, #4743 ) ;
#3187 = FILL_AREA_STYLE_COLOUR ( '', #4372 ) ;
#3188 = FILL_AREA_STYLE ('',( #3187 ) ) ;
#3189 = SURFACE_STYLE_FILL_AREA ( #3188 ) ;
#3190 = SURFACE_SIDE_STYLE ('',( #3189 ) ) ;
#3191 = SURFACE_STYLE_USAGE ( .BOTH. , #3190 ) ;
#3192 = PRESENTATION_STYLE_ASSIGNMENT (( #3191 ) ) ;
#3193 =( LENGTH_UNIT ( ) NAMED_UNIT ( * ) SI_UNIT ( .MILLI., .METRE. ) );
#3194 =( NAMED_UNIT ( * ) PLANE_ANGLE_UNIT ( ) SI_UNIT ( $, .RADIAN. ) );
#3195 =( NAMED_UNIT ( * ) SI_UNIT ( $, .STERADIAN. ) SOLID_ANGLE_UNIT ( ) );
#3196 = CARTESIAN_POINT ( 'NONE',  ( 0.0000000000000000000, 0.0000000000000000000, 0.0000000000000000000 ) ) ;
#3197 = DIRECTION ( 'NONE',  ( 0.0000000000000000000, 0.0000000000000000000, 1.000000000000000000 ) ) ;
#3198 = DIRECTION ( 'NONE',  ( 1.000000000000000000, 0.0000000000000000000, 0.0000000000000000000 ) ) ;
#3199 = SHAPE_DEFINITION_REPRESENTATION ( #2143, #1715 ) ;
#3200 = PRODUCT_CONTEXT ( 'NONE', #4743, 'mechanical' ) ;
#3201 = APPLICATION_PROTOCOL_DEFINITION ( 'draft international standard', 'automotive_design', 1998, #4744 ) ;
#3202 = CARTESIAN_POINT ( 'NONE',  ( 0.1402409841338495300, 0.4499999999999999000, -0.05130432942766104800 ) ) ;
#3203 = CARTESIAN_POINT ( 'NONE',  ( 0.1418780924329137200, 0.4499999999999997900, -0.05312269121390467800 ) ) ;
#3204 = CARTESIAN_POINT ( 'NONE',  ( 0.1436615746119744600, 0.4499999999999999600, -0.05474871265572776200 ) ) ;
#3205 = CARTESIAN_POINT ( 'NONE',  ( 0.1455308034197872700, 0.4499999999999999000, -0.05623003558101571900 ) ) ;
#3206 = CARTESIAN_POINT ( 'NONE',  ( 0.1475027024024078100, 0.4499999999999999600, -0.05752859191449975800 ) ) ;
#3207 = CARTESIAN_POINT ( 'NONE',  ( 0.1495210642922135400, 0.4499999999999997300, -0.05867238444637862300 ) ) ;
#3208 = CARTESIAN_POINT ( 'NONE',  ( 0.1515997816023832200, 0.4500000000000000700, -0.05964952351088170100 ) ) ;
#3209 = CARTESIAN_POINT ( 'NONE',  ( 0.1537445296851812400, 0.4499999999999999600, -0.06041782167829715800 ) ) ;
#3210 = CARTESIAN_POINT ( 'NONE',  ( 0.1559360313391722200, 0.4500000000000000100, -0.06105241730037180200 ) ) ;
#3211 = CARTESIAN_POINT ( 'NONE',  ( 0.1581819475303519700, 0.4499999999999998400, -0.06148638723313089300 ) ) ;
#3212 = CARTESIAN_POINT ( 'NONE',  ( 0.1604859864999611800, 0.4499999999999999600, -0.06175944176139913600 ) ) ;
#3213 = CARTESIAN_POINT ( 'NONE',  ( 0.1620411703513368900, 0.4499999999999999000, -0.06178554655397618100 ) ) ;
#3214 = CARTESIAN_POINT ( 'NONE',  ( 0.1628298812026993100, 0.4499999999999999000, -0.06179878558880789300 ) ) ;
#3215 = CARTESIAN_POINT ( 'NONE',  ( 0.3652938235103916400, 0.4499999999999999000, 0.01288070159067929300 ) ) ;
#3216 = CARTESIAN_POINT ( 'NONE',  ( 0.3653275790820076400, 0.4499999999999999000, 0.01185085635611165200 ) ) ;
#3217 = CARTESIAN_POINT ( 'NONE',  ( 0.3653965015096842800, 0.4499999999999998400, 0.009748109156178474300 ) ) ;
#3218 = CARTESIAN_POINT ( 'NONE',  ( 0.3658777412336368700, 0.4499999999999998400, 0.006563422643506242400 ) ) ;
#3219 = CARTESIAN_POINT ( 'NONE',  ( 0.3666510210845888000, 0.4500000000000001200, 0.003304820308460354900 ) ) ;
#3220 = CARTESIAN_POINT ( 'NONE',  ( 0.3675170281232298400, 0.4499999999999998400, 0.0005404147771401320000 ) ) ;
#3221 = CARTESIAN_POINT ( 'NONE',  ( 0.3684320455530899500, 0.4499999999999999000, -0.001724200135990949600 ) ) ;
#3222 = CARTESIAN_POINT ( 'NONE',  ( 0.3691935466841636000, 0.4499999999999998400, -0.003550014153826479500 ) ) ;
#3223 = CARTESIAN_POINT ( 'NONE',  ( 0.3701413751424639200, 0.4499999999999999000, -0.005428901960532571700 ) ) ;
#3224 = CARTESIAN_POINT ( 'NONE',  ( 0.3711520431766073300, 0.4499999999999997900, -0.007425291559971405700 ) ) ;
#3225 = CARTESIAN_POINT ( 'NONE',  ( 0.3723165251455913300, 0.4500000000000001200, -0.009487732493929281600 ) ) ;
#3226 = CARTESIAN_POINT ( 'NONE',  ( 0.3735826865566865800, 0.4499999999999998400, -0.01165069447853967300 ) ) ;
#3227 = CARTESIAN_POINT ( 'NONE',  ( 0.3749855337254161000, 0.4499999999999999000, -0.01387977812602374900 ) ) ;
#3228 = CARTESIAN_POINT ( 'NONE',  ( 0.3759689669467319900, 0.4499999999999999000, -0.01539246941879173100 ) ) ;
#3229 = CARTESIAN_POINT ( 'NONE',  ( 0.3764717081257762900, 0.4499999999999999600, -0.01616577276829507200 ) ) ;
#3230 = CARTESIAN_POINT ( 'NONE',  ( 0.1973451055616737000, 0.4499999999999999000, -0.009194618922141226100 ) ) ;
#3231 = LINE ( 'NONE', #3232, #5998 ) ;
#3232 = CARTESIAN_POINT ( 'NONE',  ( 0.3764717081257762900, 0.4489999999999998400, -0.01616577276829507200 ) ) ;
#3233 = DIRECTION ( 'NONE',  ( -0.0000000000000000000, 1.000000000000000000, -0.0000000000000000000 ) ) ;
#3234 = CARTESIAN_POINT ( 'NONE',  ( 0.1973264888604187600, 0.4499999999999999000, -0.007665364409543937900 ) ) ;
#3235 = CARTESIAN_POINT ( 'NONE',  ( 0.1972902149772331200, 0.4499999999999999000, -0.004685674356434619600 ) ) ;
#3236 = CARTESIAN_POINT ( 'NONE',  ( 0.1971022519267269200, 0.4500000000000000100, -0.0003276464901549265300 ) ) ;
#3237 = CARTESIAN_POINT ( 'NONE',  ( 0.1967320053216203300, 0.4499999999999999000, 0.003786583318375402500 ) ) ;
#3238 = CARTESIAN_POINT ( 'NONE',  ( 0.1962688627985124700, 0.4499999999999998400, 0.007666882245767323000 ) ) ;
#3239 = CARTESIAN_POINT ( 'NONE',  ( 0.1956274067135575800, 0.4499999999999999000, 0.01129709992670902000 ) ) ;
#3240 = CARTESIAN_POINT ( 'NONE',  ( 0.1948386876778066800, 0.4499999999999997900, 0.01468979845436354900 ) ) ;
#3241 = CARTESIAN_POINT ( 'NONE',  ( 0.1939629641686133900, 0.4499999999999999000, 0.01785962907337577300 ) ) ;
#3242 = CARTESIAN_POINT ( 'NONE',  ( 0.1928819700511904000, 0.4499999999999999000, 0.02078062369080304100 ) ) ;
#3243 = CARTESIAN_POINT ( 'NONE',  ( 0.1916988068984124500, 0.4500000000000000100, 0.02349353005836857900 ) ) ;
#3244 = CARTESIAN_POINT ( 'NONE',  ( 0.1904115155791157300, 0.4499999999999999000, 0.02602687715350270400 ) ) ;
#3245 = CARTESIAN_POINT ( 'NONE',  ( 0.1890323776909535700, 0.4499999999999999600, 0.02840305694434958100 ) ) ;
#3246 = CARTESIAN_POINT ( 'NONE',  ( 0.1875298421194384600, 0.4499999999999999600, 0.03060304971381124000 ) ) ;
#3247 = CARTESIAN_POINT ( 'NONE',  ( 0.1859283160281120500, 0.4499999999999998400, 0.03264243991589323900 ) ) ;
#3248 = CARTESIAN_POINT ( 'NONE',  ( 0.1841935220625979000, 0.4500000000000000100, 0.03448522913450843100 ) ) ;
#3249 = CARTESIAN_POINT ( 'NONE',  ( 0.1823743624882555600, 0.4499999999999999000, 0.03617581976202686300 ) ) ;
#3250 = CARTESIAN_POINT ( 'NONE',  ( 0.1804482934644284500, 0.4499999999999999600, 0.03768015197523136300 ) ) ;
#3251 = CARTESIAN_POINT ( 'NONE',  ( 0.1784365348577954500, 0.4499999999999997300, 0.03899686067912735300 ) ) ;
#3252 = CARTESIAN_POINT ( 'NONE',  ( 0.1763805612313700800, 0.4500000000000000700, 0.04017439926163649000 ) ) ;
#3253 = CARTESIAN_POINT ( 'NONE',  ( 0.1742438931357333500, 0.4499999999999997900, 0.04112390483448927900 ) ) ;
#3254 = CARTESIAN_POINT ( 'NONE',  ( 0.1720749516291761000, 0.4499999999999999600, 0.04193919171956796800 ) ) ;
#3255 = CARTESIAN_POINT ( 'NONE',  ( 0.1698427125973202000, 0.4500000000000000100, 0.04256206177345777500 ) ) ;
#3256 = CARTESIAN_POINT ( 'NONE',  ( 0.1675499585776218900, 0.4499999999999999600, 0.04299274335976063800 ) ) ;
#3257 = CARTESIAN_POINT ( 'NONE',  ( 0.1652083518368021600, 0.4499999999999999000, 0.04329479617275421000 ) ) ;
#3258 = CARTESIAN_POINT ( 'NONE',  ( 0.1636254499773376600, 0.4499999999999998400, 0.04331783845490575600 ) ) ;
#3259 = CARTESIAN_POINT ( 'NONE',  ( 0.1628298812026993100, 0.4499999999999999000, 0.04332941953939724300 ) ) ;
#3260 = CARTESIAN_POINT ( 'NONE',  ( -0.5000000000000000000, 0.4249999999999998800, 0.7750000000000001300 ) ) ;
#3261 = LINE ( 'NONE', #3262, #5978 ) ;
#3262 = CARTESIAN_POINT ( 'NONE',  ( 1.000000000000000000, -0.4249999999999998800, 0.8000000000000000400 ) ) ;
#3263 = DIRECTION ( 'NONE',  ( 1.000000000000000000, 5.421010862427522200E-017, 0.0000000000000000000 ) ) ;
#3264 = LINE ( 'NONE', #3265, #5946 ) ;
#3265 = CARTESIAN_POINT ( 'NONE',  ( 0.3952818042796224500, 0.4489999999999998400, -0.006670580460602763100 ) ) ;
#3266 = DIRECTION ( 'NONE',  ( -0.0000000000000000000, 1.000000000000000000, -0.0000000000000000000 ) ) ;
#3267 = LINE ( 'NONE', #3268, #5982 ) ;
#3268 = CARTESIAN_POINT ( 'NONE',  ( -0.3462446380280699300, 0.4499999999999999000, -0.05923468302470532400 ) ) ;
#3269 = DIRECTION ( 'NONE',  ( 1.000000000000000000, 0.0000000000000000000, 0.0000000000000000000 ) ) ;
#3270 = LINE ( 'NONE', #3271, #5983 ) ;
#3271 = CARTESIAN_POINT ( 'NONE',  ( -0.002654894438326293300, 0.4499999999999999000, -0.05923468302470532400 ) ) ;
#3272 = DIRECTION ( 'NONE',  ( 1.000000000000000000, 0.0000000000000000000, 0.0000000000000000000 ) ) ;
#3273 = DIRECTION ( 'NONE',  ( 1.000000000000000000, -0.0000000000000000000, -0.0000000000000000000 ) ) ;
#3274 = DIRECTION ( 'NONE',  ( 0.0000000000000000000, 0.0000000000000000000, 1.000000000000000000 ) ) ;
#3275 = CARTESIAN_POINT ( 'NONE',  ( -0.9750000000000000900, -0.4249999999999999900, 0.7750000000000001300 ) ) ;
#3276 = LINE ( 'NONE', #3277, #5981 ) ;
#3277 = CARTESIAN_POINT ( 'NONE',  ( -0.9750000000000000900, -0.4500000000000000100, 0.8000000000000000400 ) ) ;
#3278 = DIRECTION ( 'NONE',  ( 0.0000000000000000000, -1.000000000000000000, 0.0000000000000000000 ) ) ;
#3279 = DIRECTION ( 'NONE',  ( -0.0000000000000000000, -0.0000000000000000000, -1.000000000000000000 ) ) ;
#3280 = DIRECTION ( 'NONE',  ( 1.000000000000000000, 0.0000000000000000000, 0.0000000000000000000 ) ) ;
#3281 = CARTESIAN_POINT ( 'NONE',  ( 0.2832425414591096000, 0.4489999999999998400, -0.009194618922141226100 ) ) ;
#3282 = LINE ( 'NONE', #3283, #6010 ) ;
#3283 = CARTESIAN_POINT ( 'NONE',  ( -0.1599064970024288700, 0.4499999999999999000, 0.04076531697529468100 ) ) ;
#3284 = DIRECTION ( 'NONE',  ( -1.000000000000000000, 0.0000000000000000000, 0.0000000000000000000 ) ) ;
#3285 = CARTESIAN_POINT ( 'NONE',  ( 0.2832519134064656600, 0.4489999999999998400, -0.01079740142883406000 ) ) ;
#3286 = CARTESIAN_POINT ( 'NONE',  ( 0.2832701185492898500, 0.4489999999999997300, -0.01391082955019024000 ) ) ;
#3287 = CARTESIAN_POINT ( 'NONE',  ( 0.2834726448619252500, 0.4489999999999998400, -0.01844753360924168000 ) ) ;
#3288 = CARTESIAN_POINT ( 'NONE',  ( 0.2838090832137305500, 0.4489999999999999500, -0.02270354186624670400 ) ) ;
#3289 = CARTESIAN_POINT ( 'NONE',  ( 0.2842701510094524700, 0.4489999999999999000, -0.02667905803877320900 ) ) ;
#3290 = CARTESIAN_POINT ( 'NONE',  ( 0.2848312361586981000, 0.4489999999999999000, -0.03037510845356489500 ) ) ;
#3291 = CARTESIAN_POINT ( 'NONE',  ( 0.2855802500615927100, 0.4489999999999998400, -0.03378181580031635500 ) ) ;
#3292 = CARTESIAN_POINT ( 'NONE',  ( 0.2864320444220202500, 0.4489999999999997900, -0.03691494741783235600 ) ) ;
#3293 = CARTESIAN_POINT ( 'NONE',  ( 0.2874192571594632600, 0.4489999999999997300, -0.03978472023143293100 ) ) ;
#3294 = CARTESIAN_POINT ( 'NONE',  ( 0.2885331939885587600, 0.4490000000000000100, -0.04242979746063756100 ) ) ;
#3295 = CARTESIAN_POINT ( 'NONE',  ( 0.2897456014377606800, 0.4489999999999998400, -0.04489908892617368300 ) ) ;
#3296 = CARTESIAN_POINT ( 'NONE',  ( 0.2911045955641485300, 0.4489999999999998400, -0.04718885842159581400 ) ) ;
#3297 = CARTESIAN_POINT ( 'NONE',  ( 0.2925325073620658200, 0.4489999999999997900, -0.04933565243359429300 ) ) ;
#3298 = CARTESIAN_POINT ( 'NONE',  ( 0.2940871379800033000, 0.4489999999999998400, -0.05130432942766111100 ) ) ;
#3299 = CARTESIAN_POINT ( 'NONE',  ( 0.2957242462790676300, 0.4489999999999997900, -0.05312269121390460900 ) ) ;
#3300 = CARTESIAN_POINT ( 'NONE',  ( 0.2975077284581282800, 0.4489999999999997300, -0.05474871265572779000 ) ) ;
#3301 = CARTESIAN_POINT ( 'NONE',  ( 0.2993769572659409900, 0.4489999999999997300, -0.05623003558101570500 ) ) ;
#3302 = CARTESIAN_POINT ( 'NONE',  ( 0.3013488562485616100, 0.4489999999999999000, -0.05752859191449976500 ) ) ;
#3303 = CARTESIAN_POINT ( 'NONE',  ( 0.3033672181383673700, 0.4489999999999997900, -0.05867238444637866400 ) ) ;
#3304 = CARTESIAN_POINT ( 'NONE',  ( 0.3054459354485370400, 0.4489999999999999000, -0.05964952351088165900 ) ) ;
#3305 = CARTESIAN_POINT ( 'NONE',  ( 0.3075906835313351200, 0.4489999999999997300, -0.06041782167829715800 ) ) ;
#3306 = CARTESIAN_POINT ( 'NONE',  ( 0.3097821851853261300, 0.4489999999999999500, -0.06105241730037176000 ) ) ;
#3307 = CARTESIAN_POINT ( 'NONE',  ( 0.3120281013765059400, 0.4489999999999998400, -0.06148638723313092100 ) ) ;
#3308 = CARTESIAN_POINT ( 'NONE',  ( 0.3143321403461150100, 0.4489999999999997300, -0.06175944176139910900 ) ) ;
#3309 = CARTESIAN_POINT ( 'NONE',  ( 0.3158873241974907700, 0.4489999999999999000, -0.06178554655397616700 ) ) ;
#3310 = CARTESIAN_POINT ( 'NONE',  ( 0.3166760350488532800, 0.4489999999999998400, -0.06179878558880789300 ) ) ;
#3311 = CARTESIAN_POINT ( 'NONE',  ( 0.1628298812026993100, 0.4499999999999999000, 0.04332941953939724300 ) ) ;
#3312 = LINE ( 'NONE', #3313, #6005 ) ;
#3313 = CARTESIAN_POINT ( 'NONE',  ( -0.9750000000000000900, -0.4500000000000000100, 0.8000000000000000400 ) ) ;
#3314 = DIRECTION ( 'NONE',  ( 0.0000000000000000000, 0.0000000000000000000, -1.000000000000000000 ) ) ;
#3315 = LINE ( 'NONE', #3316, #5997 ) ;
#3316 = CARTESIAN_POINT ( 'NONE',  ( 0.3742681824847506900, 0.4489999999999998400, 0.01324127851375621300 ) ) ;
#3317 = DIRECTION ( 'NONE',  ( -0.0000000000000000000, 1.000000000000000000, -0.0000000000000000000 ) ) ;
#3318 = CARTESIAN_POINT ( 'NONE',  ( 0.1620411922316920500, 0.4499999999999999000, 0.04331609509771699300 ) ) ;
#3319 = CARTESIAN_POINT ( 'NONE',  ( 0.1604860515241060500, 0.4500000000000000100, 0.04328982189950509500 ) ) ;
#3320 = CARTESIAN_POINT ( 'NONE',  ( 0.1581816965115502800, 0.4499999999999997900, 0.04301800099984252900 ) ) ;
#3321 = CARTESIAN_POINT ( 'NONE',  ( 0.1559450552704090300, 0.4499999999999999600, 0.04258098662234671000 ) ) ;
#3322 = CARTESIAN_POINT ( 'NONE',  ( 0.1537650908693345400, 0.4499999999999999600, 0.04196908364831574600 ) ) ;
#3323 = CARTESIAN_POINT ( 'NONE',  ( 0.1516306190098007100, 0.4499999999999999000, 0.04122008832501746600 ) ) ;
#3324 = CARTESIAN_POINT ( 'NONE',  ( 0.1495707251053493300, 0.4499999999999999600, 0.04024426879350374200 ) ) ;
#3325 = CARTESIAN_POINT ( 'NONE',  ( 0.1475625055713300800, 0.4499999999999999000, 0.03912043825190468500 ) ) ;
#3326 = CARTESIAN_POINT ( 'NONE',  ( 0.1456113182565277900, 0.4499999999999999000, 0.03784056906795375100 ) ) ;
#3327 = CARTESIAN_POINT ( 'NONE',  ( 0.1437538279411040300, 0.4500000000000000100, 0.03637423526428541100 ) ) ;
#3328 = CARTESIAN_POINT ( 'NONE',  ( 0.1419795820749943900, 0.4499999999999999000, 0.03475239844467144200 ) ) ;
#3329 = CARTESIAN_POINT ( 'NONE',  ( 0.1403331529579380000, 0.4499999999999999600, 0.03293458669331671100 ) ) ;
#3330 = CARTESIAN_POINT ( 'NONE',  ( 0.1388007502260145100, 0.4499999999999999000, 0.03094950317595322700 ) ) ;
#3331 = CARTESIAN_POINT ( 'NONE',  ( 0.1373443477061360700, 0.4499999999999997900, 0.02881541053787471300 ) ) ;
#3332 = CARTESIAN_POINT ( 'NONE',  ( 0.1360046513255860900, 0.4499999999999999000, 0.02650317130800553300 ) ) ;
#3333 = CARTESIAN_POINT ( 'NONE',  ( 0.1347654840664988500, 0.4499999999999999600, 0.02402195386544531500 ) ) ;
#3334 = CARTESIAN_POINT ( 'NONE',  ( 0.1336328129045408800, 0.4499999999999999600, 0.02135572784615682300 ) ) ;
#3335 = CARTESIAN_POINT ( 'NONE',  ( 0.1326285653755433200, 0.4499999999999998400, 0.01846558705016285500 ) ) ;
#3336 = CARTESIAN_POINT ( 'NONE',  ( 0.1317414880008739900, 0.4500000000000000100, 0.01531846766437753100 ) ) ;
#3337 = CARTESIAN_POINT ( 'NONE',  ( 0.1310410835017294100, 0.4499999999999999000, 0.01188659234683341100 ) ) ;
#3338 = CARTESIAN_POINT ( 'NONE',  ( 0.1304415704922184900, 0.4499999999999999000, 0.008197524715251052300 ) ) ;
#3339 = CARTESIAN_POINT ( 'NONE',  ( 0.1299580166909757600, 0.4500000000000000100, 0.004235412418512614400 ) ) ;
#3340 = CARTESIAN_POINT ( 'NONE',  ( 0.1296278931104509500, 0.4500000000000000100, -1.895529684331899100E-006 ) ) ;
#3341 = CARTESIAN_POINT ( 'NONE',  ( 0.1294238555380005900, 0.4499999999999999000, -0.004511758641859989000 ) ) ;
#3342 = CARTESIAN_POINT ( 'NONE',  ( 0.1294057106688544200, 0.4499999999999999600, -0.007605180765191637900 ) ) ;
#3343 = CARTESIAN_POINT ( 'NONE',  ( 0.1293963876129557700, 0.4499999999999999000, -0.009194618922141226100 ) ) ;
#3344 = CARTESIAN_POINT ( 'NONE',  ( -0.5000000000000000000, -0.4249999999999999300, -0.7750000000000000200 ) ) ;
#3345 = DIRECTION ( 'NONE',  ( 1.000000000000000000, -0.0000000000000000000, -0.0000000000000000000 ) ) ;
#3346 = DIRECTION ( 'NONE',  ( 0.0000000000000000000, 0.0000000000000000000, 1.000000000000000000 ) ) ;
#3347 = CARTESIAN_POINT ( 'NONE',  ( 0.2063194645360327500, 0.4499999999999999000, 0.01246002851375621600 ) ) ;
#3348 = CARTESIAN_POINT ( 'NONE',  ( 0.2063359754225688500, 0.4499999999999999000, 0.01175833731270436500 ) ) ;
#3349 = CARTESIAN_POINT ( 'NONE',  ( 0.2063686067620492700, 0.4499999999999998400, 0.01037154783039253100 ) ) ;
#3350 = CARTESIAN_POINT ( 'NONE',  ( 0.2065944595686478000, 0.4499999999999999000, 0.008322709879384817800 ) ) ;
#3351 = CARTESIAN_POINT ( 'NONE',  ( 0.2069575584630289100, 0.4500000000000000100, 0.006328534600118401400 ) ) ;
#3352 = CARTESIAN_POINT ( 'NONE',  ( 0.2074506857999864100, 0.4499999999999998400, 0.004381656209334846600 ) ) ;
#3353 = CARTESIAN_POINT ( 'NONE',  ( 0.2081190008419375500, 0.4499999999999999600, 0.002496248423030903200 ) ) ;
#3354 = CARTESIAN_POINT ( 'NONE',  ( 0.2089259189317802500, 0.4499999999999999000, 0.0006633777464763318500 ) ) ;
#3355 = CARTESIAN_POINT ( 'NONE',  ( 0.2098668318596962100, 0.4499999999999997900, -0.001119025080498578100 ) ) ;
#3356 = CARTESIAN_POINT ( 'NONE',  ( 0.2109548651468963800, 0.4499999999999999000, -0.002860707396753169000 ) ) ;
#3357 = CARTESIAN_POINT ( 'NONE',  ( 0.2122206372612179300, 0.4499999999999998400, -0.004537264889020634100 ) ) ;
#3358 = CARTESIAN_POINT ( 'NONE',  ( 0.2136538843979863300, 0.4499999999999999600, -0.006177150449299617700 ) ) ;
#3359 = CARTESIAN_POINT ( 'NONE',  ( 0.2152832520741321500, 0.4499999999999999000, -0.007754918081792647700 ) ) ;
#3360 = CARTESIAN_POINT ( 'NONE',  ( 0.2170906137570052500, 0.4499999999999999000, -0.009289844507983390000 ) ) ;
#3361 = CARTESIAN_POINT ( 'NONE',  ( 0.2190553148845909300, 0.4499999999999999600, -0.01080915804568844700 ) ) ;
#3362 = CARTESIAN_POINT ( 'NONE',  ( 0.2212283871841686500, 0.4499999999999998400, -0.01223075029172347400 ) ) ;
#3363 = CARTESIAN_POINT ( 'NONE',  ( 0.2235522234067620100, 0.4500000000000000100, -0.01365526357066634800 ) ) ;
#3364 = CARTESIAN_POINT ( 'NONE',  ( 0.2252038064241149400, 0.4499999999999999600, -0.01450693001168708300 ) ) ;
#3365 = CARTESIAN_POINT ( 'NONE',  ( 0.2260510350488532700, 0.4499999999999999000, -0.01494381764008994100 ) ) ;
#3366 = CARTESIAN_POINT ( 'NONE',  ( -0.2607077790537109500, 0.4499999999999998400, 0.04332941953939724300 ) ) ;
#3367 = LINE ( 'NONE', #3368, #6006 ) ;
#3368 = CARTESIAN_POINT ( 'NONE',  ( -0.2077230034126852900, 0.4499999999999999000, 0.04076531697529468100 ) ) ;
#3369 = DIRECTION ( 'NONE',  ( -1.000000000000000000, 0.0000000000000000000, 0.0000000000000000000 ) ) ;
#3370 = CARTESIAN_POINT ( 'NONE',  ( -0.2614630745674531000, 0.4499999999999999000, 0.04331481435089976800 ) ) ;
#3371 = CARTESIAN_POINT ( 'NONE',  ( -0.2629641534261532600, 0.4499999999999999000, 0.04328578791120563800 ) ) ;
#3372 = CARTESIAN_POINT ( 'NONE',  ( -0.2651844243368153800, 0.4499999999999999600, 0.04302917989914349700 ) ) ;
#3373 = CARTESIAN_POINT ( 'NONE',  ( -0.2673598411710456600, 0.4499999999999998400, 0.04266611979653840700 ) ) ;
#3374 = CARTESIAN_POINT ( 'NONE',  ( -0.2694631063720210300, 0.4500000000000000700, 0.04208971779719728600 ) ) ;
#3375 = CARTESIAN_POINT ( 'NONE',  ( -0.2715213181332136200, 0.4499999999999998400, 0.04139037559599456600 ) ) ;
#3376 = CARTESIAN_POINT ( 'NONE',  ( -0.2735255248339552000, 0.4499999999999999000, 0.04052928037890336800 ) ) ;
#3377 = CARTESIAN_POINT ( 'NONE',  ( -0.2754766978012659900, 0.4500000000000000100, 0.03949736033754987200 ) ) ;
#3378 = CARTESIAN_POINT ( 'NONE',  ( -0.2773857715975046600, 0.4499999999999999000, 0.03831750249101709100 ) ) ;
#3379 = CARTESIAN_POINT ( 'NONE',  ( -0.2792478908713939000, 0.4499999999999999000, 0.03694442407491427300 ) ) ;
#3380 = CARTESIAN_POINT ( 'NONE',  ( -0.2810455899550757300, 0.4500000000000000100, 0.03534518131953753900 ) ) ;
#3381 = CARTESIAN_POINT ( 'NONE',  ( -0.2828378523983124400, 0.4499999999999998400, 0.03356388117692896100 ) ) ;
#3382 = CARTESIAN_POINT ( 'NONE',  ( -0.2845717780075005000, 0.4499999999999999000, 0.03155215079516613500 ) ) ;
#3383 = CARTESIAN_POINT ( 'NONE',  ( -0.2862824392733806000, 0.4499999999999999600, 0.02934249128494413300 ) ) ;
#3384 = CARTESIAN_POINT ( 'NONE',  ( -0.2879361081172803800, 0.4499999999999996800, 0.02691422890216040700 ) ) ;
#3385 = CARTESIAN_POINT ( 'NONE',  ( -0.2895670143366815800, 0.4500000000000000700, 0.02428059022333256900 ) ) ;
#3386 = CARTESIAN_POINT ( 'NONE',  ( -0.2905903134174617800, 0.4499999999999999600, 0.02242730205990916800 ) ) ;
#3387 = CARTESIAN_POINT ( 'NONE',  ( -0.2911164328998647700, 0.4499999999999999000, 0.02147445159067929200 ) ) ;
#3388 = CARTESIAN_POINT ( 'NONE',  ( 0.3169765158180839500, 0.4489999999999997300, 0.03307300928298698200 ) ) ;
#3389 = LINE ( 'NONE', #3390, #6001 ) ;
#3390 = CARTESIAN_POINT ( 'NONE',  ( 0.4132305222283404500, 0.4489999999999998400, -0.05637009969137199400 ) ) ;
#3391 = DIRECTION ( 'NONE',  ( -0.5473052603538086600, 0.0000000000000000000, 0.8369330630277725900 ) ) ;
#3392 = LINE ( 'NONE', #3393, #6012 ) ;
#3393 = CARTESIAN_POINT ( 'NONE',  ( -0.3449625867460186500, 0.4499999999999999000, -0.05923468302470532400 ) ) ;
#3394 = DIRECTION ( 'NONE',  ( 0.4190581774617470100, 0.0000000000000000000, 0.9079593845004517700 ) ) ;
#3395 = CARTESIAN_POINT ( 'NONE',  ( 0.3180838778653909400, 0.4489999999999997900, 0.03302735840265699100 ) ) ;
#3396 = CARTESIAN_POINT ( 'NONE',  ( 0.3202963156706682400, 0.4489999999999996800, 0.03293615089402701600 ) ) ;
#3397 = CARTESIAN_POINT ( 'NONE',  ( 0.3235287098176494700, 0.4489999999999998400, 0.03205618696904918200 ) ) ;
#3398 = CARTESIAN_POINT ( 'NONE',  ( 0.3266667175342856100, 0.4489999999999999000, 0.03072848584151553800 ) ) ;
#3399 = CARTESIAN_POINT ( 'NONE',  ( 0.3291259158279679600, 0.4489999999999997900, 0.02915855711525087300 ) ) ;
#3400 = CARTESIAN_POINT ( 'NONE',  ( 0.3309968456422947600, 0.4489999999999998400, 0.02766346198807169800 ) ) ;
#3401 = CARTESIAN_POINT ( 'NONE',  ( 0.3323373310738924100, 0.4490000000000000100, 0.02638875775055991500 ) ) ;
#3402 = CARTESIAN_POINT ( 'NONE',  ( 0.3335676753148421600, 0.4489999999999996800, 0.02496144725609081300 ) ) ;
#3403 = CARTESIAN_POINT ( 'NONE',  ( 0.3347345917392596800, 0.4489999999999998400, 0.02342146737280756700 ) ) ;
#3404 = CARTESIAN_POINT ( 'NONE',  ( 0.3358048510442566700, 0.4490000000000000100, 0.02173939639641378500 ) ) ;
#3405 = CARTESIAN_POINT ( 'NONE',  ( 0.3367780835498338000, 0.4489999999999997300, 0.01992332281738485400 ) ) ;
#3406 = CARTESIAN_POINT ( 'NONE',  ( 0.3376661791939812900, 0.4489999999999998400, 0.01796820344846504800 ) ) ;
#3407 = CARTESIAN_POINT ( 'NONE',  ( 0.3381721519354172200, 0.4489999999999998400, 0.01660335375944137200 ) ) ;
#3408 = CARTESIAN_POINT ( 'NONE',  ( 0.3384308427411609800, 0.4489999999999998400, 0.01590554133426903500 ) ) ;
#3409 = CARTESIAN_POINT ( 'NONE',  ( 0.2402537594078275900, 0.4499999999999999000, -0.05154237533239763900 ) ) ;
#3410 = CARTESIAN_POINT ( 'NONE',  ( 0.2395523078112162800, 0.4499999999999999000, -0.05152376274510302200 ) ) ;
#3411 = CARTESIAN_POINT ( 'NONE',  ( 0.2381799617787265800, 0.4499999999999998400, -0.05148734838600604900 ) ) ;
#3412 = CARTESIAN_POINT ( 'NONE',  ( 0.2361677140324887600, 0.4499999999999999600, -0.05129710161463341800 ) ) ;
#3413 = CARTESIAN_POINT ( 'NONE',  ( 0.2342542178236771400, 0.4499999999999998400, -0.05092700970661117500 ) ) ;
#3414 = CARTESIAN_POINT ( 'NONE',  ( 0.2324194806620891500, 0.4499999999999999600, -0.05043447509063613000 ) ) ;
#3415 = CARTESIAN_POINT ( 'NONE',  ( 0.2306886574557882900, 0.4499999999999997900, -0.04976910400108294100 ) ) ;
#3416 = CARTESIAN_POINT ( 'NONE',  ( 0.2290382416108808800, 0.4499999999999999600, -0.04898638945077329200 ) ) ;
#3417 = CARTESIAN_POINT ( 'NONE',  ( 0.2274963219021362600, 0.4499999999999998400, -0.04803478757950742400 ) ) ;
#3418 = CARTESIAN_POINT ( 'NONE',  ( 0.2260442846744040400, 0.4499999999999999000, -0.04696732478218065100 ) ) ;
#3419 = CARTESIAN_POINT ( 'NONE',  ( 0.2247371196882007600, 0.4499999999999999000, -0.04579324175130147800 ) ) ;
#3420 = CARTESIAN_POINT ( 'NONE',  ( 0.2235769896409827400, 0.4499999999999999000, -0.04456999264328204100 ) ) ;
#3421 = CARTESIAN_POINT ( 'NONE',  ( 0.2226133292352903100, 0.4499999999999998400, -0.04327355287019776100 ) ) ;
#3422 = CARTESIAN_POINT ( 'NONE',  ( 0.2217950118216283100, 0.4500000000000000100, -0.04193617116382076400 ) ) ;
#3423 = CARTESIAN_POINT ( 'NONE',  ( 0.2212012541794428400, 0.4499999999999997900, -0.04051815469925784000 ) ) ;
#3424 = CARTESIAN_POINT ( 'NONE',  ( 0.2207565597827143600, 0.4499999999999999600, -0.03906297823060803800 ) ) ;
#3425 = CARTESIAN_POINT ( 'NONE',  ( 0.2204559485971962500, 0.4499999999999998400, -0.03755225297156007700 ) ) ;
#3426 = CARTESIAN_POINT ( 'NONE',  ( 0.2204334231679779500, 0.4499999999999999600, -0.03651978124179949100 ) ) ;
#3427 = CARTESIAN_POINT ( 'NONE',  ( 0.2204220286385967800, 0.4499999999999999000, -0.03599750353752584300 ) ) ;
#3428 = CARTESIAN_POINT ( 'NONE',  ( -0.9750000000000000900, 0.4249999999999998800, -0.7750000000000000200 ) ) ;
#3429 = DIRECTION ( 'NONE',  ( 0.0000000000000000000, 0.0000000000000000000, -1.000000000000000000 ) ) ;
#3430 = DIRECTION ( 'NONE',  ( -1.000000000000000000, 0.0000000000000000000, 0.0000000000000000000 ) ) ;
#3431 = CARTESIAN_POINT ( 'NONE',  ( 0.9750000000000000900, -0.4249999999999998800, 0.7750000000000001300 ) ) ;
#3432 = LINE ( 'NONE', #3433, #5951 ) ;
#3433 = CARTESIAN_POINT ( 'NONE',  ( 0.3169765158180839500, 0.4489999999999998400, 0.03307300928298698200 ) ) ;
#3434 = DIRECTION ( 'NONE',  ( -0.0000000000000000000, 1.000000000000000000, -0.0000000000000000000 ) ) ;
#3435 = LINE ( 'NONE', #3436, #6014 ) ;
#3436 = CARTESIAN_POINT ( 'NONE',  ( 1.000000000000000000, -0.4499999999999999000, 0.7750000000000001300 ) ) ;
#3437 = DIRECTION ( 'NONE',  ( -0.0000000000000000000, -1.000000000000000000, -0.0000000000000000000 ) ) ;
#3438 = DIRECTION ( 'NONE',  ( 1.000000000000000000, 0.0000000000000000000, -0.0000000000000000000 ) ) ;
#3439 = DIRECTION ( 'NONE',  ( 0.0000000000000000000, 0.0000000000000000000, -1.000000000000000000 ) ) ;
#3440 = CARTESIAN_POINT ( 'NONE',  ( 0.1628298812026993100, 0.4499999999999999000, -0.06179878558880789300 ) ) ;
#3441 = CARTESIAN_POINT ( 'NONE',  ( 0.1636251805879661800, 0.4499999999999997900, -0.06178484801236031700 ) ) ;
#3442 = CARTESIAN_POINT ( 'NONE',  ( 0.1652067808421286100, 0.4499999999999997300, -0.06175713055795226800 ) ) ;
#3443 = CARTESIAN_POINT ( 'NONE',  ( 0.1675450772777263300, 0.4500000000000000100, -0.06149073219982077700 ) ) ;
#3444 = CARTESIAN_POINT ( 'NONE',  ( 0.1698293538981433500, 0.4499999999999998400, -0.06104870011133693700 ) ) ;
#3445 = CARTESIAN_POINT ( 'NONE',  ( 0.1720498721468143000, 0.4499999999999999000, -0.06042238655183238000 ) ) ;
#3446 = CARTESIAN_POINT ( 'NONE',  ( 0.1742248717601792600, 0.4500000000000000100, -0.05964536721870598900 ) ) ;
#3447 = CARTESIAN_POINT ( 'NONE',  ( 0.1763373405500550100, 0.4499999999999998400, -0.05867144958701541600 ) ) ;
#3448 = CARTESIAN_POINT ( 'NONE',  ( 0.1784004000255420600, 0.4499999999999999000, -0.05753776766288771400 ) ) ;
#3449 = CARTESIAN_POINT ( 'NONE',  ( 0.1803812653832535000, 0.4499999999999999600, -0.05620565688269847000 ) ) ;
#3450 = CARTESIAN_POINT ( 'NONE',  ( 0.1823016829645700800, 0.4499999999999997300, -0.05472044899136239300 ) ) ;
#3451 = CARTESIAN_POINT ( 'NONE',  ( 0.1841144819066299900, 0.4499999999999999600, -0.05304151559698122600 ) ) ;
#3452 = CARTESIAN_POINT ( 'NONE',  ( 0.1858198272179859000, 0.4499999999999997900, -0.05118580933216244200 ) ) ;
#3453 = CARTESIAN_POINT ( 'NONE',  ( 0.1874391216575925500, 0.4499999999999997900, -0.04917318464968789500 ) ) ;
#3454 = CARTESIAN_POINT ( 'NONE',  ( 0.1889264244347141100, 0.4500000000000000700, -0.04696503936872852000 ) ) ;
#3455 = CARTESIAN_POINT ( 'NONE',  ( 0.1903428082128690900, 0.4499999999999999000, -0.04459977908832423600 ) ) ;
#3456 = CARTESIAN_POINT ( 'NONE',  ( 0.1916105806672023800, 0.4499999999999999600, -0.04203604009421551400 ) ) ;
#3457 = CARTESIAN_POINT ( 'NONE',  ( 0.1928315713865908500, 0.4499999999999997900, -0.03931659815589987800 ) ) ;
#3458 = CARTESIAN_POINT ( 'NONE',  ( 0.1938854852934264200, 0.4499999999999999000, -0.03636620790428088400 ) ) ;
#3459 = CARTESIAN_POINT ( 'NONE',  ( 0.1948359494440638500, 0.4499999999999999000, -0.03320150046090684900 ) ) ;
#3460 = CARTESIAN_POINT ( 'NONE',  ( 0.1956039199747763000, 0.4499999999999999000, -0.02978509512223993400 ) ) ;
#3461 = CARTESIAN_POINT ( 'NONE',  ( 0.1962436134701516800, 0.4499999999999999600, -0.02613491668523685400 ) ) ;
#3462 = CARTESIAN_POINT ( 'NONE',  ( 0.1967391819257403900, 0.4499999999999999600, -0.02223756002123223100 ) ) ;
#3463 = CARTESIAN_POINT ( 'NONE',  ( 0.1971001145565562400, 0.4499999999999998400, -0.01810137957803914200 ) ) ;
#3464 = CARTESIAN_POINT ( 'NONE',  ( 0.1972907741291658200, 0.4499999999999999600, -0.01372365413116010200 ) ) ;
#3465 = CARTESIAN_POINT ( 'NONE',  ( 0.1973266798779278700, 0.4499999999999999000, -0.01073057272609835600 ) ) ;
#3466 = CARTESIAN_POINT ( 'NONE',  ( 0.1973451055616737000, 0.4499999999999999000, -0.009194618922141226100 ) ) ;
#3467 = CARTESIAN_POINT ( 'NONE',  ( -0.9750000000000000900, 0.4249999999999998800, -0.7750000000000001300 ) ) ;
#3468 = DIRECTION ( 'NONE',  ( -0.0000000000000000000, -1.000000000000000000, -0.0000000000000000000 ) ) ;
#3469 = DIRECTION ( 'NONE',  ( 0.0000000000000000000, 0.0000000000000000000, 1.000000000000000000 ) ) ;
#3470 = CARTESIAN_POINT ( 'NONE',  ( 0.9750000000000000900, 0.4249999999999998800, -0.7750000000000000200 ) ) ;
#3471 = DIRECTION ( 'NONE',  ( 0.0000000000000000000, -1.000000000000000000, -0.0000000000000000000 ) ) ;
#3472 = DIRECTION ( 'NONE',  ( 0.0000000000000000000, 0.0000000000000000000, 1.000000000000000000 ) ) ;
#3473 = CARTESIAN_POINT ( 'NONE',  ( 0.3955822850488532300, 0.4499999999999999000, 0.04332941953939724300 ) ) ;
#3474 = LINE ( 'NONE', #3475, #5975 ) ;
#3475 = CARTESIAN_POINT ( 'NONE',  ( 0.05760151581808394700, 0.4499999999999999000, -0.05923468302470532400 ) ) ;
#3476 = DIRECTION ( 'NONE',  ( 1.000000000000000000, 0.0000000000000000000, 0.0000000000000000000 ) ) ;
#3477 = LINE ( 'NONE', #3478, #5974 ) ;
#3478 = CARTESIAN_POINT ( 'NONE',  ( -1.000000000000000000, 0.4499999999999999000, -0.7750000000000000200 ) ) ;
#3479 = DIRECTION ( 'NONE',  ( 0.0000000000000000000, -1.000000000000000000, 0.0000000000000000000 ) ) ;
#3480 = LINE ( 'NONE', #3481, #5972 ) ;
#3481 = CARTESIAN_POINT ( 'NONE',  ( -1.000000000000000000, 0.4499999999999999000, -0.7750000000000000200 ) ) ;
#3482 = DIRECTION ( 'NONE',  ( -1.000000000000000000, 0.0000000000000000000, 0.0000000000000000000 ) ) ;
#3483 = CARTESIAN_POINT ( 'NONE',  ( 0.3942366650302073800, 0.4499999999999998400, 0.04328575651814800500 ) ) ;
#3484 = CARTESIAN_POINT ( 'NONE',  ( 0.3915712273728507200, 0.4499999999999999000, 0.04319926771784849500 ) ) ;
#3485 = CARTESIAN_POINT ( 'NONE',  ( 0.3876502903946362200, 0.4499999999999997900, 0.04242881235000915700 ) ) ;
#3486 = CARTESIAN_POINT ( 'NONE',  ( 0.3838827756134539600, 0.4499999999999999600, 0.04118003798518821100 ) ) ;
#3487 = CARTESIAN_POINT ( 'NONE',  ( 0.3802950790160846100, 0.4499999999999999000, 0.03945963002681967400 ) ) ;
#3488 = CARTESIAN_POINT ( 'NONE',  ( 0.3769716329324296900, 0.4499999999999998400, 0.03728654765675017800 ) ) ;
#3489 = CARTESIAN_POINT ( 'NONE',  ( 0.3739983290343568100, 0.4500000000000000100, 0.03467048253869471600 ) ) ;
#3490 = CARTESIAN_POINT ( 'NONE',  ( 0.3713899926183970000, 0.4499999999999999000, 0.03166735496519673700 ) ) ;
#3491 = CARTESIAN_POINT ( 'NONE',  ( 0.3692192891632336500, 0.4499999999999999600, 0.02827763075742814900 ) ) ;
#3492 = CARTESIAN_POINT ( 'NONE',  ( 0.3674976111075988800, 0.4499999999999997900, 0.02463506054301636500 ) ) ;
#3493 = CARTESIAN_POINT ( 'NONE',  ( 0.3662064703899904900, 0.4500000000000000100, 0.02083685607474344800 ) ) ;
#3494 = ORIENTED_EDGE ( 'NONE', *, *, #4511, .T. ) ;
#3495 = ORIENTED_EDGE ( 'NONE', *, *, #4512, .F. ) ;
#3496 = ORIENTED_EDGE ( 'NONE', *, *, #4506, .T. ) ;
#3497 = ORIENTED_EDGE ( 'NONE', *, *, #4507, .F. ) ;
#3498 = ORIENTED_EDGE ( 'NONE', *, *, #4515, .T. ) ;
#3499 = ORIENTED_EDGE ( 'NONE', *, *, #4510, .F. ) ;
#3500 = ORIENTED_EDGE ( 'NONE', *, *, #4512, .T. ) ;
#3501 = ORIENTED_EDGE ( 'NONE', *, *, #4504, .F. ) ;
#3502 = ORIENTED_EDGE ( 'NONE', *, *, #4517, .T. ) ;
#3503 = ORIENTED_EDGE ( 'NONE', *, *, #4508, .F. ) ;
#3504 = ORIENTED_EDGE ( 'NONE', *, *, #4510, .T. ) ;
#3505 = ORIENTED_EDGE ( 'NONE', *, *, #4502, .F. ) ;
#3506 = ORIENTED_EDGE ( 'NONE', *, *, #4513, .T. ) ;
#3507 = ORIENTED_EDGE ( 'NONE', *, *, #4505, .F. ) ;
#3508 = ORIENTED_EDGE ( 'NONE', *, *, #4514, .T. ) ;
#3509 = ORIENTED_EDGE ( 'NONE', *, *, #4508, .T. ) ;
#3510 = ORIENTED_EDGE ( 'NONE', *, *, #4503, .F. ) ;
#3511 = ORIENTED_EDGE ( 'NONE', *, *, #4505, .T. ) ;
#3512 = ORIENTED_EDGE ( 'NONE', *, *, #4506, .F. ) ;
#3513 = ORIENTED_EDGE ( 'NONE', *, *, #4504, .T. ) ;
#3514 = ORIENTED_EDGE ( 'NONE', *, *, #4509, .T. ) ;
#3515 = ORIENTED_EDGE ( 'NONE', *, *, #4503, .T. ) ;
#3516 = ORIENTED_EDGE ( 'NONE', *, *, #4502, .T. ) ;
#3517 = ORIENTED_EDGE ( 'NONE', *, *, #4507, .T. ) ;
#3518 = ORIENTED_EDGE ( 'NONE', *, *, #4501, .T. ) ;
#3519 = ORIENTED_EDGE ( 'NONE', *, *, #719, .F. ) ;
#3520 = ORIENTED_EDGE ( 'NONE', *, *, #4500, .F. ) ;
#3521 = ORIENTED_EDGE ( 'NONE', *, *, #4498, .T. ) ;
#3522 = ORIENTED_EDGE ( 'NONE', *, *, #617, .F. ) ;
#3523 = ORIENTED_EDGE ( 'NONE', *, *, #4498, .F. ) ;
#3524 = ORIENTED_EDGE ( 'NONE', *, *, #4499, .T. ) ;
#3525 = ORIENTED_EDGE ( 'NONE', *, *, #577, .F. ) ;
#3526 = ORIENTED_EDGE ( 'NONE', *, *, #4495, .T. ) ;
#3527 = ORIENTED_EDGE ( 'NONE', *, *, #4495, .F. ) ;
#3528 = ORIENTED_EDGE ( 'NONE', *, *, #4497, .T. ) ;
#3529 = ORIENTED_EDGE ( 'NONE', *, *, #723, .F. ) ;
#3530 = ORIENTED_EDGE ( 'NONE', *, *, #4496, .T. ) ;
#3531 = ORIENTED_EDGE ( 'NONE', *, *, #4496, .F. ) ;
#3532 = ORIENTED_EDGE ( 'NONE', *, *, #4492, .T. ) ;
#3533 = ORIENTED_EDGE ( 'NONE', *, *, #574, .F. ) ;
#3534 = ORIENTED_EDGE ( 'NONE', *, *, #4490, .T. ) ;
#3535 = ORIENTED_EDGE ( 'NONE', *, *, #4490, .F. ) ;
#3536 = ORIENTED_EDGE ( 'NONE', *, *, #4491, .T. ) ;
#3537 = ORIENTED_EDGE ( 'NONE', *, *, #641, .F. ) ;
#3538 = ORIENTED_EDGE ( 'NONE', *, *, #4484, .T. ) ;
#3539 = ORIENTED_EDGE ( 'NONE', *, *, #4484, .F. ) ;
#3540 = ORIENTED_EDGE ( 'NONE', *, *, #4485, .T. ) ;
#3541 = ORIENTED_EDGE ( 'NONE', *, *, #689, .F. ) ;
#3542 = ORIENTED_EDGE ( 'NONE', *, *, #4486, .T. ) ;
#3543 = ORIENTED_EDGE ( 'NONE', *, *, #4486, .F. ) ;
#3544 = ORIENTED_EDGE ( 'NONE', *, *, #4487, .T. ) ;
#3545 = ORIENTED_EDGE ( 'NONE', *, *, #603, .F. ) ;
#3546 = ORIENTED_EDGE ( 'NONE', *, *, #4489, .T. ) ;
#3547 = ORIENTED_EDGE ( 'NONE', *, *, #4489, .F. ) ;
#3548 = ORIENTED_EDGE ( 'NONE', *, *, #4488, .T. ) ;
#3549 = ORIENTED_EDGE ( 'NONE', *, *, #584, .F. ) ;
#3550 = ORIENTED_EDGE ( 'NONE', *, *, #4483, .T. ) ;
#3551 = ORIENTED_EDGE ( 'NONE', *, *, #4483, .F. ) ;
#3552 = ORIENTED_EDGE ( 'NONE', *, *, #4481, .T. ) ;
#3553 = ORIENTED_EDGE ( 'NONE', *, *, #668, .F. ) ;
#3554 = ORIENTED_EDGE ( 'NONE', *, *, #4482, .T. ) ;
#3555 = ORIENTED_EDGE ( 'NONE', *, *, #4482, .F. ) ;
#3556 = ORIENTED_EDGE ( 'NONE', *, *, #4479, .T. ) ;
#3557 = ORIENTED_EDGE ( 'NONE', *, *, #745, .F. ) ;
#3558 = ORIENTED_EDGE ( 'NONE', *, *, #4480, .T. ) ;
#3559 = ORIENTED_EDGE ( 'NONE', *, *, #4480, .F. ) ;
#3560 = ORIENTED_EDGE ( 'NONE', *, *, #4477, .T. ) ;
#3561 = ORIENTED_EDGE ( 'NONE', *, *, #602, .F. ) ;
#3562 = ORIENTED_EDGE ( 'NONE', *, *, #4478, .T. ) ;
#3563 = ORIENTED_EDGE ( 'NONE', *, *, #4478, .F. ) ;
#3564 = ORIENTED_EDGE ( 'NONE', *, *, #4475, .T. ) ;
#3565 = ORIENTED_EDGE ( 'NONE', *, *, #4479, .F. ) ;
#3566 = ORIENTED_EDGE ( 'NONE', *, *, #4500, .T. ) ;
#3567 = ORIENTED_EDGE ( 'NONE', *, *, #4501, .F. ) ;
#3568 = ORIENTED_EDGE ( 'NONE', *, *, #4475, .F. ) ;
#3569 = ORIENTED_EDGE ( 'NONE', *, *, #4477, .F. ) ;
#3570 = ORIENTED_EDGE ( 'NONE', *, *, #4481, .F. ) ;
#3571 = ORIENTED_EDGE ( 'NONE', *, *, #4488, .F. ) ;
#3572 = ORIENTED_EDGE ( 'NONE', *, *, #4487, .F. ) ;
#3573 = ORIENTED_EDGE ( 'NONE', *, *, #4485, .F. ) ;
#3574 = ORIENTED_EDGE ( 'NONE', *, *, #4491, .F. ) ;
#3575 = ORIENTED_EDGE ( 'NONE', *, *, #4492, .F. ) ;
#3576 = ORIENTED_EDGE ( 'NONE', *, *, #4497, .F. ) ;
#3577 = ORIENTED_EDGE ( 'NONE', *, *, #4499, .F. ) ;
#3578 = ORIENTED_EDGE ( 'NONE', *, *, #4473, .T. ) ;
#3579 = ORIENTED_EDGE ( 'NONE', *, *, #2063, .F. ) ;
#3580 = ORIENTED_EDGE ( 'NONE', *, *, #4476, .F. ) ;
#3581 = ORIENTED_EDGE ( 'NONE', *, *, #4474, .T. ) ;
#3582 = ORIENTED_EDGE ( 'NONE', *, *, #2035, .F. ) ;
#3583 = ORIENTED_EDGE ( 'NONE', *, *, #4474, .F. ) ;
#3584 = ORIENTED_EDGE ( 'NONE', *, *, #4471, .T. ) ;
#3585 = ORIENTED_EDGE ( 'NONE', *, *, #2091, .F. ) ;
#3586 = ORIENTED_EDGE ( 'NONE', *, *, #4472, .T. ) ;
#3587 = ORIENTED_EDGE ( 'NONE', *, *, #4472, .F. ) ;
#3588 = ORIENTED_EDGE ( 'NONE', *, *, #4518, .T. ) ;
#3589 = ORIENTED_EDGE ( 'NONE', *, *, #2087, .F. ) ;
#3590 = ORIENTED_EDGE ( 'NONE', *, *, #4469, .T. ) ;
#3591 = ORIENTED_EDGE ( 'NONE', *, *, #4469, .F. ) ;
#3592 = ORIENTED_EDGE ( 'NONE', *, *, #4688, .T. ) ;
#3593 = ORIENTED_EDGE ( 'NONE', *, *, #4471, .F. ) ;
#3594 = ORIENTED_EDGE ( 'NONE', *, *, #4476, .T. ) ;
#3595 = ORIENTED_EDGE ( 'NONE', *, *, #4473, .F. ) ;
#3596 = ORIENTED_EDGE ( 'NONE', *, *, #4688, .F. ) ;
#3597 = ORIENTED_EDGE ( 'NONE', *, *, #4518, .F. ) ;
#3598 = ORIENTED_EDGE ( 'NONE', *, *, #4463, .T. ) ;
#3599 = ORIENTED_EDGE ( 'NONE', *, *, #625, .F. ) ;
#3600 = ORIENTED_EDGE ( 'NONE', *, *, #4692, .F. ) ;
#3601 = ORIENTED_EDGE ( 'NONE', *, *, #4458, .T. ) ;
#3602 = ORIENTED_EDGE ( 'NONE', *, *, #610, .F. ) ;
#3603 = ORIENTED_EDGE ( 'NONE', *, *, #4458, .F. ) ;
#3604 = ORIENTED_EDGE ( 'NONE', *, *, #4461, .T. ) ;
#3605 = ORIENTED_EDGE ( 'NONE', *, *, #638, .F. ) ;
#3606 = ORIENTED_EDGE ( 'NONE', *, *, #4460, .T. ) ;
#3607 = ORIENTED_EDGE ( 'NONE', *, *, #4460, .F. ) ;
#3608 = ORIENTED_EDGE ( 'NONE', *, *, #4467, .T. ) ;
#3609 = ORIENTED_EDGE ( 'NONE', *, *, #613, .F. ) ;
#3610 = ORIENTED_EDGE ( 'NONE', *, *, #4462, .T. ) ;
#3611 = ORIENTED_EDGE ( 'NONE', *, *, #4462, .F. ) ;
#3612 = ORIENTED_EDGE ( 'NONE', *, *, #4465, .T. ) ;
#3613 = ORIENTED_EDGE ( 'NONE', *, *, #4692, .T. ) ;
#3614 = ORIENTED_EDGE ( 'NONE', *, *, #4468, .F. ) ;
#3615 = ORIENTED_EDGE ( 'NONE', *, *, #4466, .F. ) ;
#3616 = ORIENTED_EDGE ( 'NONE', *, *, #4464, .F. ) ;
#3617 = ORIENTED_EDGE ( 'NONE', *, *, #4400, .F. ) ;
#3618 = ORIENTED_EDGE ( 'NONE', *, *, #4559, .F. ) ;
#3619 = ORIENTED_EDGE ( 'NONE', *, *, #4461, .F. ) ;
#3620 = ORIENTED_EDGE ( 'NONE', *, *, #4465, .F. ) ;
#3621 = ORIENTED_EDGE ( 'NONE', *, *, #4463, .F. ) ;
#3622 = ORIENTED_EDGE ( 'NONE', *, *, #4467, .F. ) ;
#3623 = ORIENTED_EDGE ( 'NONE', *, *, #4609, .F. ) ;
#3624 = ORIENTED_EDGE ( 'NONE', *, *, #4559, .T. ) ;
#3625 = ORIENTED_EDGE ( 'NONE', *, *, #4558, .F. ) ;
#3626 = ORIENTED_EDGE ( 'NONE', *, *, #4607, .T. ) ;
#3627 = ORIENTED_EDGE ( 'NONE', *, *, #4611, .F. ) ;
#3628 = ORIENTED_EDGE ( 'NONE', *, *, #4468, .T. ) ;
#3629 = ORIENTED_EDGE ( 'NONE', *, *, #4602, .F. ) ;
#3630 = ORIENTED_EDGE ( 'NONE', *, *, #4558, .T. ) ;
#3631 = ORIENTED_EDGE ( 'NONE', *, *, #4605, .F. ) ;
#3632 = ORIENTED_EDGE ( 'NONE', *, *, #4464, .T. ) ;
#3633 = ORIENTED_EDGE ( 'NONE', *, *, #4381, .F. ) ;
#3634 = ORIENTED_EDGE ( 'NONE', *, *, #4602, .T. ) ;
#3635 = ORIENTED_EDGE ( 'NONE', *, *, #4432, .F. ) ;
#3636 = ORIENTED_EDGE ( 'NONE', *, *, #4466, .T. ) ;
#3637 = ORIENTED_EDGE ( 'NONE', *, *, #4376, .F. ) ;
#3638 = ORIENTED_EDGE ( 'NONE', *, *, #4400, .T. ) ;
#3639 = ORIENTED_EDGE ( 'NONE', *, *, #4381, .T. ) ;
#3640 = ORIENTED_EDGE ( 'NONE', *, *, #4601, .F. ) ;
#3641 = ORIENTED_EDGE ( 'NONE', *, *, #4376, .T. ) ;
#3642 = ORIENTED_EDGE ( 'NONE', *, *, #4607, .F. ) ;
#3643 = ORIENTED_EDGE ( 'NONE', *, *, #4605, .T. ) ;
#3644 = ORIENTED_EDGE ( 'NONE', *, *, #4609, .T. ) ;
#3645 = ORIENTED_EDGE ( 'NONE', *, *, #4601, .T. ) ;
#3646 = ORIENTED_EDGE ( 'NONE', *, *, #4432, .T. ) ;
#3647 = ORIENTED_EDGE ( 'NONE', *, *, #4611, .T. ) ;
#3648 = ORIENTED_EDGE ( 'NONE', *, *, #4608, .T. ) ;
#3649 = ORIENTED_EDGE ( 'NONE', *, *, #2008, .F. ) ;
#3650 = ORIENTED_EDGE ( 'NONE', *, *, #4375, .F. ) ;
#3651 = ORIENTED_EDGE ( 'NONE', *, *, #4555, .T. ) ;
#3652 = ORIENTED_EDGE ( 'NONE', *, *, #2050, .F. ) ;
#3653 = ORIENTED_EDGE ( 'NONE', *, *, #4555, .F. ) ;
#3654 = ORIENTED_EDGE ( 'NONE', *, *, #4446, .T. ) ;
#3655 = ORIENTED_EDGE ( 'NONE', *, *, #2010, .F. ) ;
#3656 = ORIENTED_EDGE ( 'NONE', *, *, #4703, .T. ) ;
#3657 = ORIENTED_EDGE ( 'NONE', *, *, #4703, .F. ) ;
#3658 = ORIENTED_EDGE ( 'NONE', *, *, #4700, .T. ) ;
#3659 = ORIENTED_EDGE ( 'NONE', *, *, #2105, .F. ) ;
#3660 = ORIENTED_EDGE ( 'NONE', *, *, #4701, .T. ) ;
#3661 = ORIENTED_EDGE ( 'NONE', *, *, #4701, .F. ) ;
#3662 = ORIENTED_EDGE ( 'NONE', *, *, #4436, .T. ) ;
#3663 = ORIENTED_EDGE ( 'NONE', *, *, #2085, .F. ) ;
#3664 = ORIENTED_EDGE ( 'NONE', *, *, #4437, .T. ) ;
#3665 = ORIENTED_EDGE ( 'NONE', *, *, #4437, .F. ) ;
#3666 = ORIENTED_EDGE ( 'NONE', *, *, #4435, .T. ) ;
#3667 = ORIENTED_EDGE ( 'NONE', *, *, #627, .F. ) ;
#3668 = ORIENTED_EDGE ( 'NONE', *, *, #4560, .T. ) ;
#3669 = ORIENTED_EDGE ( 'NONE', *, *, #4560, .F. ) ;
#3670 = ORIENTED_EDGE ( 'NONE', *, *, #4589, .T. ) ;
#3671 = ORIENTED_EDGE ( 'NONE', *, *, #659, .F. ) ;
#3672 = ORIENTED_EDGE ( 'NONE', *, *, #4664, .T. ) ;
#3673 = ORIENTED_EDGE ( 'NONE', *, *, #4664, .F. ) ;
#3674 = ORIENTED_EDGE ( 'NONE', *, *, #4693, .T. ) ;
#3675 = ORIENTED_EDGE ( 'NONE', *, *, #575, .F. ) ;
#3676 = ORIENTED_EDGE ( 'NONE', *, *, #4698, .T. ) ;
#3677 = ORIENTED_EDGE ( 'NONE', *, *, #4698, .F. ) ;
#3678 = ORIENTED_EDGE ( 'NONE', *, *, #4697, .T. ) ;
#3679 = ORIENTED_EDGE ( 'NONE', *, *, #670, .F. ) ;
#3680 = ORIENTED_EDGE ( 'NONE', *, *, #4706, .T. ) ;
#3681 = ORIENTED_EDGE ( 'NONE', *, *, #4706, .F. ) ;
#3682 = ORIENTED_EDGE ( 'NONE', *, *, #4705, .T. ) ;
#3683 = ORIENTED_EDGE ( 'NONE', *, *, #4375, .T. ) ;
#3684 = ORIENTED_EDGE ( 'NONE', *, *, #4708, .F. ) ;
#3685 = ORIENTED_EDGE ( 'NONE', *, *, #4579, .F. ) ;
#3686 = ORIENTED_EDGE ( 'NONE', *, *, #4707, .F. ) ;
#3687 = ORIENTED_EDGE ( 'NONE', *, *, #4561, .F. ) ;
#3688 = ORIENTED_EDGE ( 'NONE', *, *, #4440, .F. ) ;
#3689 = ORIENTED_EDGE ( 'NONE', *, *, #4699, .F. ) ;
#3690 = ORIENTED_EDGE ( 'NONE', *, *, #4441, .F. ) ;
#3691 = ORIENTED_EDGE ( 'NONE', *, *, #4442, .F. ) ;
#3692 = ORIENTED_EDGE ( 'NONE', *, *, #4693, .F. ) ;
#3693 = ORIENTED_EDGE ( 'NONE', *, *, #4705, .F. ) ;
#3694 = ORIENTED_EDGE ( 'NONE', *, *, #4608, .F. ) ;
#3695 = ORIENTED_EDGE ( 'NONE', *, *, #4697, .F. ) ;
#3696 = ORIENTED_EDGE ( 'NONE', *, *, #4589, .F. ) ;
#3697 = ORIENTED_EDGE ( 'NONE', *, *, #4435, .F. ) ;
#3698 = ORIENTED_EDGE ( 'NONE', *, *, #4436, .F. ) ;
#3699 = ORIENTED_EDGE ( 'NONE', *, *, #4700, .F. ) ;
#3700 = ORIENTED_EDGE ( 'NONE', *, *, #4446, .F. ) ;
#3701 = ORIENTED_EDGE ( 'NONE', *, *, #4562, .F. ) ;
#3702 = ORIENTED_EDGE ( 'NONE', *, *, #4442, .T. ) ;
#3703 = ORIENTED_EDGE ( 'NONE', *, *, #4438, .F. ) ;
#3704 = ORIENTED_EDGE ( 'NONE', *, *, #4434, .T. ) ;
#3705 = ORIENTED_EDGE ( 'NONE', *, *, #4624, .F. ) ;
#3706 = ORIENTED_EDGE ( 'NONE', *, *, #4440, .T. ) ;
#3707 = ORIENTED_EDGE ( 'NONE', *, *, #4433, .F. ) ;
#3708 = ORIENTED_EDGE ( 'NONE', *, *, #4438, .T. ) ;
#3709 = ORIENTED_EDGE ( 'NONE', *, *, #4493, .F. ) ;
#3710 = ORIENTED_EDGE ( 'NONE', *, *, #4441, .T. ) ;
#3711 = ORIENTED_EDGE ( 'NONE', *, *, #4379, .F. ) ;
#3712 = ORIENTED_EDGE ( 'NONE', *, *, #4629, .T. ) ;
#3713 = ORIENTED_EDGE ( 'NONE', *, *, #4629, .F. ) ;
#3714 = ORIENTED_EDGE ( 'NONE', *, *, #4409, .T. ) ;
#3715 = ORIENTED_EDGE ( 'NONE', *, *, #4411, .T. ) ;
#3716 = ORIENTED_EDGE ( 'NONE', *, *, #724, .F. ) ;
#3717 = ORIENTED_EDGE ( 'NONE', *, *, #4414, .T. ) ;
#3718 = ORIENTED_EDGE ( 'NONE', *, *, #4412, .F. ) ;
#3719 = ORIENTED_EDGE ( 'NONE', *, *, #4412, .T. ) ;
#3720 = ORIENTED_EDGE ( 'NONE', *, *, #4374, .F. ) ;
#3721 = CARTESIAN_POINT ( 'NONE',  ( 0.9750000000000000900, -0.4249999999999999300, -0.7750000000000000200 ) ) ;
#3722 = DIRECTION ( 'NONE',  ( 0.0000000000000000000, 0.0000000000000000000, -1.000000000000000000 ) ) ;
#3723 = DIRECTION ( 'NONE',  ( -1.000000000000000000, 0.0000000000000000000, 0.0000000000000000000 ) ) ;
#3724 = CARTESIAN_POINT ( 'NONE',  ( -0.5000000000000000000, 0.4249999999999998800, -0.7750000000000000200 ) ) ;
#3725 = DIRECTION ( 'NONE',  ( 1.000000000000000000, -0.0000000000000000000, -0.0000000000000000000 ) ) ;
#3726 = DIRECTION ( 'NONE',  ( 0.0000000000000000000, 0.0000000000000000000, 1.000000000000000000 ) ) ;
#3727 = CARTESIAN_POINT ( 'NONE',  ( 0.3166760350488532800, 0.4489999999999998400, -0.06179878558880789300 ) ) ;
#3728 = LINE ( 'NONE', #3729, #9052 ) ;
#3729 = CARTESIAN_POINT ( 'NONE',  ( -1.000000000000000000, 0.4499999999999999000, -0.7750000000000000200 ) ) ;
#3730 = DIRECTION ( 'NONE',  ( -1.000000000000000000, 0.0000000000000000000, 0.0000000000000000000 ) ) ;
#3731 = LINE ( 'NONE', #3732, #9054 ) ;
#3732 = CARTESIAN_POINT ( 'NONE',  ( 2.303929616531696600E-017, -0.4249999999999999300, -0.8000000000000000400 ) ) ;
#3733 = DIRECTION ( 'NONE',  ( -1.000000000000000000, -5.421010862427522200E-017, -0.0000000000000000000 ) ) ;
#3734 = LINE ( 'NONE', #3735, #9049 ) ;
#3735 = CARTESIAN_POINT ( 'NONE',  ( -1.000000000000000000, -0.4500000000000000100, 0.7750000000000001300 ) ) ;
#3736 = DIRECTION ( 'NONE',  ( -1.000000000000000000, -5.421010862427522200E-017, -0.0000000000000000000 ) ) ;
#3737 = CARTESIAN_POINT ( 'NONE',  ( 0.3174713344341201200, 0.4489999999999997300, -0.06178484801236031700 ) ) ;
#3738 = CARTESIAN_POINT ( 'NONE',  ( 0.3190529346882825000, 0.4489999999999997900, -0.06175713055795228200 ) ) ;
#3739 = CARTESIAN_POINT ( 'NONE',  ( 0.3213912311238800200, 0.4489999999999997900, -0.06149073219982076300 ) ) ;
#3740 = CARTESIAN_POINT ( 'NONE',  ( 0.3236755077442972100, 0.4489999999999998400, -0.06104870011133692300 ) ) ;
#3741 = CARTESIAN_POINT ( 'NONE',  ( 0.3258960259929681900, 0.4489999999999999000, -0.06042238655183240800 ) ) ;
#3742 = CARTESIAN_POINT ( 'NONE',  ( 0.3280710256063331100, 0.4489999999999998400, -0.05964536721870596100 ) ) ;
#3743 = CARTESIAN_POINT ( 'NONE',  ( 0.3301834943962088100, 0.4489999999999997900, -0.05867144958701537400 ) ) ;
#3744 = CARTESIAN_POINT ( 'NONE',  ( 0.3322465538716959900, 0.4489999999999998400, -0.05753776766288778300 ) ) ;
#3745 = CARTESIAN_POINT ( 'NONE',  ( 0.3342274192294074100, 0.4489999999999999000, -0.05620565688269844200 ) ) ;
#3746 = CARTESIAN_POINT ( 'NONE',  ( 0.3361478368107238000, 0.4489999999999997300, -0.05472044899136235100 ) ) ;
#3747 = CARTESIAN_POINT ( 'NONE',  ( 0.3379606357527839000, 0.4489999999999998400, -0.05304151559698126700 ) ) ;
#3748 = CARTESIAN_POINT ( 'NONE',  ( 0.3396659810641398100, 0.4489999999999998400, -0.05118580933216242100 ) ) ;
#3749 = CARTESIAN_POINT ( 'NONE',  ( 0.3412852755037464300, 0.4489999999999999000, -0.04917318464968790200 ) ) ;
#3750 = CARTESIAN_POINT ( 'NONE',  ( 0.3427725782808677700, 0.4489999999999997300, -0.04696503936872846500 ) ) ;
#3751 = CARTESIAN_POINT ( 'NONE',  ( 0.3441889620590230500, 0.4489999999999997300, -0.04459977908832429100 ) ) ;
#3752 = CARTESIAN_POINT ( 'NONE',  ( 0.3454567345133562300, 0.4489999999999999000, -0.04203604009421548600 ) ) ;
#3753 = CARTESIAN_POINT ( 'NONE',  ( 0.3466777252327447000, 0.4489999999999998400, -0.03931659815589989100 ) ) ;
#3754 = CARTESIAN_POINT ( 'NONE',  ( 0.3477316391395802200, 0.4489999999999999500, -0.03636620790428089100 ) ) ;
#3755 = CARTESIAN_POINT ( 'NONE',  ( 0.3486821032902175400, 0.4489999999999996800, -0.03320150046090684900 ) ) ;
#3756 = CARTESIAN_POINT ( 'NONE',  ( 0.3494500738209301300, 0.4489999999999999000, -0.02978509512223993400 ) ) ;
#3757 = CARTESIAN_POINT ( 'NONE',  ( 0.3500897673163055300, 0.4489999999999998400, -0.02613491668523684400 ) ) ;
#3758 = CARTESIAN_POINT ( 'NONE',  ( 0.3505853357718943200, 0.4489999999999998400, -0.02223756002123225200 ) ) ;
#3759 = CARTESIAN_POINT ( 'NONE',  ( 0.3509462684027101500, 0.4489999999999999000, -0.01810137957803912400 ) ) ;
#3760 = CARTESIAN_POINT ( 'NONE',  ( 0.3511369279753197000, 0.4489999999999998400, -0.01372365413116011400 ) ) ;
#3761 = CARTESIAN_POINT ( 'NONE',  ( 0.3511728337240818700, 0.4489999999999999000, -0.01073057272609836100 ) ) ;
#3762 = CARTESIAN_POINT ( 'NONE',  ( 0.3511912594078276400, 0.4489999999999998400, -0.009194618922141226100 ) ) ;
#3763 = CARTESIAN_POINT ( 'NONE',  ( 0.3422169004334685800, 0.4489999999999998400, -0.009234683024705323300 ) ) ;
#3764 = CARTESIAN_POINT ( 'NONE',  ( 0.3422011807410990100, 0.4489999999999999000, -0.01043661366807796500 ) ) ;
#3765 = CARTESIAN_POINT ( 'NONE',  ( 0.3421704296623693200, 0.4489999999999999000, -0.01278784694752302000 ) ) ;
#3766 = CARTESIAN_POINT ( 'NONE',  ( 0.3420528871566226300, 0.4489999999999999000, -0.01623122353786952300 ) ) ;
#3767 = CARTESIAN_POINT ( 'NONE',  ( 0.3417493564568512300, 0.4489999999999997900, -0.01950173099241671000 ) ) ;
#3768 = CARTESIAN_POINT ( 'NONE',  ( 0.3414122387750082000, 0.4489999999999997900, -0.02261345878282568200 ) ) ;
#3769 = CARTESIAN_POINT ( 'NONE',  ( 0.3409151753152342400, 0.4489999999999999000, -0.02554918171723971600 ) ) ;
#3770 = CARTESIAN_POINT ( 'NONE',  ( 0.3403792379757972200, 0.4489999999999999000, -0.02833347615313446700 ) ) ;
#3771 = CARTESIAN_POINT ( 'NONE',  ( 0.3396592033389336200, 0.4489999999999999000, -0.03093184829083012900 ) ) ;
#3772 = CARTESIAN_POINT ( 'NONE',  ( 0.3388900669111055100, 0.4489999999999998400, -0.03338497919687605900 ) ) ;
#3773 = CARTESIAN_POINT ( 'NONE',  ( 0.3380097698959217400, 0.4489999999999999500, -0.03566499789689874000 ) ) ;
#3774 = CARTESIAN_POINT ( 'NONE',  ( 0.3370407489171340400, 0.4489999999999998400, -0.03778253465009752400 ) ) ;
#3775 = CARTESIAN_POINT ( 'NONE',  ( 0.3360058415237334200, 0.4489999999999998400, -0.03974781250029198900 ) ) ;
#3776 = CARTESIAN_POINT ( 'NONE',  ( 0.3348817775106115400, 0.4489999999999997300, -0.04155543940247803000 ) ) ;
#3777 = CARTESIAN_POINT ( 'NONE',  ( 0.3336819008516038200, 0.4489999999999999000, -0.04321351205708191100 ) ) ;
#3778 = CARTESIAN_POINT ( 'NONE',  ( 0.3323745423031019300, 0.4489999999999997900, -0.04468878618728407100 ) ) ;
#3779 = CARTESIAN_POINT ( 'NONE',  ( 0.3310115602227920500, 0.4489999999999999500, -0.04602698527609967000 ) ) ;
#3780 = CARTESIAN_POINT ( 'NONE',  ( 0.3291024977706874500, 0.4489999999999995700, -0.04755448725100251700 ) ) ;
#3781 = CARTESIAN_POINT ( 'NONE',  ( 0.3266032323478192900, 0.4489999999999998400, -0.04911196426480711500 ) ) ;
#3782 = CARTESIAN_POINT ( 'NONE',  ( 0.3234933567094638900, 0.4489999999999998400, -0.05054527168938820200 ) ) ;
#3783 = CARTESIAN_POINT ( 'NONE',  ( 0.3202570525880029700, 0.4489999999999998400, -0.05136836576427127700 ) ) ;
#3784 = CARTESIAN_POINT ( 'NONE',  ( 0.3180692396139448400, 0.4489999999999999000, -0.05148441396536078400 ) ) ;
#3785 = CARTESIAN_POINT ( 'NONE',  ( 0.3169765158180839500, 0.4489999999999998400, -0.05154237533239763900 ) ) ;
#3786 =( GEOMETRIC_REPRESENTATION_CONTEXT ( 3 ) GLOBAL_UNCERTAINTY_ASSIGNED_CONTEXT ( ( #4711 ) ) GLOBAL_UNIT_ASSIGNED_CONTEXT ( ( #8057, #8058, #8059 ) ) REPRESENTATION_CONTEXT ( 'NONE', 'WORKASPACE' ) );
#3787 =( GEOMETRIC_REPRESENTATION_CONTEXT ( 3 ) GLOBAL_UNCERTAINTY_ASSIGNED_CONTEXT ( ( #4709 ) ) GLOBAL_UNIT_ASSIGNED_CONTEXT ( ( #8073, #8074, #8075 ) ) REPRESENTATION_CONTEXT ( 'NONE', 'WORKASPACE' ) );
#3788 =( GEOMETRIC_REPRESENTATION_CONTEXT ( 3 ) GLOBAL_UNCERTAINTY_ASSIGNED_CONTEXT ( ( #4741 ) ) GLOBAL_UNIT_ASSIGNED_CONTEXT ( ( #8157, #8158, #8159 ) ) REPRESENTATION_CONTEXT ( 'NONE', 'WORKASPACE' ) );
#3789 =( GEOMETRIC_REPRESENTATION_CONTEXT ( 3 ) GLOBAL_UNCERTAINTY_ASSIGNED_CONTEXT ( ( #4725 ) ) GLOBAL_UNIT_ASSIGNED_CONTEXT ( ( #213, #214, #215 ) ) REPRESENTATION_CONTEXT ( 'NONE', 'WORKASPACE' ) );
#3790 =( GEOMETRIC_REPRESENTATION_CONTEXT ( 3 ) GLOBAL_UNCERTAINTY_ASSIGNED_CONTEXT ( ( #4727 ) ) GLOBAL_UNIT_ASSIGNED_CONTEXT ( ( #8511, #8512, #8513 ) ) REPRESENTATION_CONTEXT ( 'NONE', 'WORKASPACE' ) );
#3791 =( GEOMETRIC_REPRESENTATION_CONTEXT ( 3 ) GLOBAL_UNCERTAINTY_ASSIGNED_CONTEXT ( ( #4733 ) ) GLOBAL_UNIT_ASSIGNED_CONTEXT ( ( #8587, #8588, #8589 ) ) REPRESENTATION_CONTEXT ( 'NONE', 'WORKASPACE' ) );
#3792 =( GEOMETRIC_REPRESENTATION_CONTEXT ( 3 ) GLOBAL_UNCERTAINTY_ASSIGNED_CONTEXT ( ( #4723 ) ) GLOBAL_UNIT_ASSIGNED_CONTEXT ( ( #8654, #8655, #8656 ) ) REPRESENTATION_CONTEXT ( 'NONE', 'WORKASPACE' ) );
#3793 =( GEOMETRIC_REPRESENTATION_CONTEXT ( 3 ) GLOBAL_UNCERTAINTY_ASSIGNED_CONTEXT ( ( #4721 ) ) GLOBAL_UNIT_ASSIGNED_CONTEXT ( ( #5684, #5685, #5686 ) ) REPRESENTATION_CONTEXT ( 'NONE', 'WORKASPACE' ) );
#3794 =( GEOMETRIC_REPRESENTATION_CONTEXT ( 3 ) GLOBAL_UNCERTAINTY_ASSIGNED_CONTEXT ( ( #4731 ) ) GLOBAL_UNIT_ASSIGNED_CONTEXT ( ( #5712, #5713, #5714 ) ) REPRESENTATION_CONTEXT ( 'NONE', 'WORKASPACE' ) );
#3795 =( GEOMETRIC_REPRESENTATION_CONTEXT ( 3 ) GLOBAL_UNCERTAINTY_ASSIGNED_CONTEXT ( ( #2145 ) ) GLOBAL_UNIT_ASSIGNED_CONTEXT ( ( #6820, #6821, #6822 ) ) REPRESENTATION_CONTEXT ( 'NONE', 'WORKASPACE' ) );
#3796 =( GEOMETRIC_REPRESENTATION_CONTEXT ( 3 ) GLOBAL_UNCERTAINTY_ASSIGNED_CONTEXT ( ( #2148 ) ) GLOBAL_UNIT_ASSIGNED_CONTEXT ( ( #6839, #6840, #6841 ) ) REPRESENTATION_CONTEXT ( 'NONE', 'WORKASPACE' ) );
#3797 =( GEOMETRIC_REPRESENTATION_CONTEXT ( 3 ) GLOBAL_UNCERTAINTY_ASSIGNED_CONTEXT ( ( #8176 ) ) GLOBAL_UNIT_ASSIGNED_CONTEXT ( ( #7463, #7464, #7465 ) ) REPRESENTATION_CONTEXT ( 'NONE', 'WORKASPACE' ) );
#3798 =( GEOMETRIC_REPRESENTATION_CONTEXT ( 3 ) GLOBAL_UNCERTAINTY_ASSIGNED_CONTEXT ( ( #8180 ) ) GLOBAL_UNIT_ASSIGNED_CONTEXT ( ( #3969, #3970, #3971 ) ) REPRESENTATION_CONTEXT ( 'NONE', 'WORKASPACE' ) );
#3799 =( GEOMETRIC_REPRESENTATION_CONTEXT ( 3 ) GLOBAL_UNCERTAINTY_ASSIGNED_CONTEXT ( ( #1700 ) ) GLOBAL_UNIT_ASSIGNED_CONTEXT ( ( #5567, #5568, #5569 ) ) REPRESENTATION_CONTEXT ( 'NONE', 'WORKASPACE' ) );
#3800 =( GEOMETRIC_REPRESENTATION_CONTEXT ( 3 ) GLOBAL_UNCERTAINTY_ASSIGNED_CONTEXT ( ( #1698 ) ) GLOBAL_UNIT_ASSIGNED_CONTEXT ( ( #1732, #1733, #1734 ) ) REPRESENTATION_CONTEXT ( 'NONE', 'WORKASPACE' ) );
#3801 =( GEOMETRIC_REPRESENTATION_CONTEXT ( 3 ) GLOBAL_UNCERTAINTY_ASSIGNED_CONTEXT ( ( #1714 ) ) GLOBAL_UNIT_ASSIGNED_CONTEXT ( ( #3183, #3184, #3185 ) ) REPRESENTATION_CONTEXT ( 'NONE', 'WORKASPACE' ) );
#3802 =( GEOMETRIC_REPRESENTATION_CONTEXT ( 3 ) GLOBAL_UNCERTAINTY_ASSIGNED_CONTEXT ( ( #1713 ) ) GLOBAL_UNIT_ASSIGNED_CONTEXT ( ( #3193, #3194, #3195 ) ) REPRESENTATION_CONTEXT ( 'NONE', 'WORKASPACE' ) );
#3803 = B_SPLINE_CURVE_WITH_KNOTS ( 'NONE', 3,
 ( #509, #510, #511, #512, #513, #514, #515, #516, #517, #518, #519, #520, #521, #522, #523, #524, #525, #526, #527, #528, #529, #530, #531, #532, #533, #534, #535 ),
 .UNSPECIFIED., .F., .F.,
 ( 4, 1, 1, 1, 1, 1, 1, 1, 1, 1, 1, 1, 1, 1, 1, 1, 1, 1, 1, 1, 1, 1, 1, 1, 4 ),
 ( 0.0000000000000000000, 0.06859462225874241000, 0.1332460424433008800, 0.1943125864682562200, 0.2512792231169662100, 0.3045134392563467700, 0.3542349066533250800, 0.4004805887739887900, 0.4434107549384918000, 0.4840148686163448500, 0.5232523007732031700, 0.5610423727283605500, 0.5979002393643999500, 0.6335184888561958800, 0.6683143511696512100, 0.7024956712863819100, 0.7366853535134585400, 0.7702931693607892900, 0.8034372550192495600, 0.8359129516660287500, 0.8684602457892904900, 0.9008465382431826200, 0.9334665246307080100, 0.9662575752981230600, 0.9999999999999998900 ),
 .UNSPECIFIED. ) ;
#3804 = B_SPLINE_CURVE_WITH_KNOTS ( 'NONE', 3,
 ( #2424, #2494, #2495, #2496, #2497, #2498, #2499, #2500, #2501, #2502, #2503, #2504, #2505, #2506, #2507, #2508, #2509, #2510, #2511 ),
 .UNSPECIFIED., .F., .F.,
 ( 4, 1, 1, 1, 1, 1, 1, 1, 1, 1, 1, 1, 1, 1, 1, 1, 4 ),
 ( 0.0000000000000000000, 0.05456394950705875000, 0.1078262027811415800, 0.1619237085214006400, 0.2175097010530382100, 0.2744983327961374500, 0.3348147646240149900, 0.3975549470643520200, 0.4647545773561981300, 0.5329012097695236000, 0.6000972138233270400, 0.6653541614565446900, 0.7310836277242057600, 0.7968834939590050400, 0.8632915901470210600, 0.9308312175092451300, 1.000000000000000000 ),
 .UNSPECIFIED. ) ;
#3805 = B_SPLINE_CURVE_WITH_KNOTS ( 'NONE', 3,
 ( #930, #931, #932, #933, #934, #935, #936, #937, #938, #939, #940 ),
 .UNSPECIFIED., .F., .F.,
 ( 4, 1, 1, 1, 1, 1, 1, 1, 4 ),
 ( 0.0000000000000000000, 0.1430730837303624000, 0.2759029640930086800, 0.4023708562739966600, 0.5284136450935937900, 0.6503563791869497700, 0.7658950861246937000, 0.8807741308440210100, 0.9999999999999998900 ),
 .UNSPECIFIED. ) ;
#3806 = B_SPLINE_CURVE_WITH_KNOTS ( 'NONE', 3,
 ( #941, #942, #943, #944, #945, #946, #947, #948, #949, #950, #951, #952, #953, #954, #955, #956, #957, #958, #959 ),
 .UNSPECIFIED., .F., .F.,
 ( 4, 1, 1, 1, 1, 1, 1, 1, 1, 1, 1, 1, 1, 1, 1, 1, 4 ),
 ( 0.0000000000000000000, 0.06148425519689049200, 0.1217745277022103000, 0.1809195598139317900, 0.2402561150782713300, 0.3001144444023515200, 0.3611459476126114300, 0.4235005824125856500, 0.4886693612807190300, 0.5539541046535619900, 0.6175812610152613400, 0.6802384268167388500, 0.7421873887724537200, 0.8046632117692934500, 0.8682589893126624300, 0.9330202571803759600, 1.000000000000000000 ),
 .UNSPECIFIED. ) ;
#3807 = B_SPLINE_CURVE_WITH_KNOTS ( 'NONE', 3,
 ( #566, #2322, #2323, #2324, #2325, #2326, #2327, #2328, #2329, #2330, #2331 ),
 .UNSPECIFIED., .F., .F.,
 ( 4, 1, 1, 1, 1, 1, 1, 1, 4 ),
 ( 0.0000000000000000000, 0.1105883385953369700, 0.2245417540535956700, 0.3425034940501041100, 0.4643240984173578300, 0.5907560327017668000, 0.7222274753555144600, 0.8588428362087243700, 0.9999999999999998900 ),
 .UNSPECIFIED. ) ;
#3808 = B_SPLINE_CURVE_WITH_KNOTS ( 'NONE', 3,
 ( #1006, #1007, #1008, #1009, #1010, #1011, #1012, #1013, #1014, #1015, #1016, #1017, #1018, #1019, #1020, #1021, #1022, #1023, #1024 ),
 .UNSPECIFIED., .F., .F.,
 ( 4, 1, 1, 1, 1, 1, 1, 1, 1, 1, 1, 1, 1, 1, 1, 1, 4 ),
 ( 0.0000000000000000000, 0.07952482958501362600, 0.1550999763495375900, 0.2272198200732694900, 0.2959105041914709700, 0.3620558809471792800, 0.4255201169126362500, 0.4858127192253079400, 0.5444947060018102700, 0.6014596357222259400, 0.6578405937966483900, 0.7139744721931383700, 0.7694679515974517400, 0.8261299671813289200, 0.8828853593090689700, 0.9407008816662020300, 1.000000000000000000 ),
 .UNSPECIFIED. ) ;
#3809 = CARTESIAN_POINT ( 'NONE',  ( 0.1882067333104689400, 0.4490000000000000700, -0.01623122353786952600 ) ) ;
#3810 = CARTESIAN_POINT ( 'NONE',  ( 0.1882067333104689400, 0.4500000000000004600, -0.01623122353786952600 ) ) ;
#3811 = CARTESIAN_POINT ( 'NONE',  ( 0.1879032026106974300, 0.4489999999999997300, -0.01950173099241671000 ) ) ;
#3812 = CARTESIAN_POINT ( 'NONE',  ( 0.1879032026106974300, 0.4500000000000001800, -0.01950173099241671000 ) ) ;
#3813 = CARTESIAN_POINT ( 'NONE',  ( 0.1875660849288544900, 0.4489999999999999500, -0.02261345878282569300 ) ) ;
#3814 = CARTESIAN_POINT ( 'NONE',  ( 0.1875660849288544900, 0.4500000000000003400, -0.02261345878282569300 ) ) ;
#3815 = CARTESIAN_POINT ( 'NONE',  ( 0.1870690214690804200, 0.4489999999999997900, -0.02554918171723972300 ) ) ;
#3816 = CARTESIAN_POINT ( 'NONE',  ( 0.1870690214690804200, 0.4500000000000001800, -0.02554918171723972300 ) ) ;
#3817 = CARTESIAN_POINT ( 'NONE',  ( 0.1865330841296433700, 0.4489999999999999500, -0.02833347615313446000 ) ) ;
#3818 = CARTESIAN_POINT ( 'NONE',  ( 0.1865330841296433700, 0.4500000000000003400, -0.02833347615313446000 ) ) ;
#3819 = CARTESIAN_POINT ( 'NONE',  ( 0.1858130494927798000, 0.4489999999999999000, -0.03093184829083015000 ) ) ;
#3820 = CARTESIAN_POINT ( 'NONE',  ( 0.1858130494927798000, 0.4500000000000002900, -0.03093184829083015000 ) ) ;
#3821 = CARTESIAN_POINT ( 'NONE',  ( 0.1850439130649516300, 0.4489999999999998400, -0.03338497919687601800 ) ) ;
#3822 = CARTESIAN_POINT ( 'NONE',  ( 0.1850439130649516300, 0.4500000000000002300, -0.03338497919687601800 ) ) ;
#3823 = CARTESIAN_POINT ( 'NONE',  ( 0.1841636160497679400, 0.4490000000000000700, -0.03566499789689876000 ) ) ;
#3824 = CARTESIAN_POINT ( 'NONE',  ( 0.1841636160497679400, 0.4500000000000004600, -0.03566499789689876000 ) ) ;
#3825 = CARTESIAN_POINT ( 'NONE',  ( 0.1831945950709801800, 0.4489999999999995700, -0.03778253465009751000 ) ) ;
#3826 = CARTESIAN_POINT ( 'NONE',  ( 0.1831945950709801800, 0.4500000000000000100, -0.03778253465009751000 ) ) ;
#3827 = CARTESIAN_POINT ( 'NONE',  ( 0.1821596876775796200, 0.4489999999999999000, -0.03974781250029199600 ) ) ;
#3828 = CARTESIAN_POINT ( 'NONE',  ( 0.1821596876775796200, 0.4500000000000002900, -0.03974781250029199600 ) ) ;
#3829 = CARTESIAN_POINT ( 'NONE',  ( 0.1810356236644577500, 0.4489999999999996200, -0.04155543940247803700 ) ) ;
#3830 = CARTESIAN_POINT ( 'NONE',  ( 0.1810356236644577500, 0.4500000000000000700, -0.04155543940247803700 ) ) ;
#3831 = CARTESIAN_POINT ( 'NONE',  ( 0.1798357470054499400, 0.4489999999999999000, -0.04321351205708189000 ) ) ;
#3832 = CARTESIAN_POINT ( 'NONE',  ( 0.1798357470054499400, 0.4500000000000002900, -0.04321351205708189000 ) ) ;
#3833 = CARTESIAN_POINT ( 'NONE',  ( 0.1785283884569481000, 0.4489999999999998400, -0.04468878618728412700 ) ) ;
#3834 = CARTESIAN_POINT ( 'NONE',  ( 0.1785283884569481000, 0.4500000000000002300, -0.04468878618728412700 ) ) ;
#3835 = CARTESIAN_POINT ( 'NONE',  ( 0.1771654063766381100, 0.4489999999999999000, -0.04602698527609960100 ) ) ;
#3836 = CARTESIAN_POINT ( 'NONE',  ( 0.1771654063766381100, 0.4500000000000002900, -0.04602698527609960100 ) ) ;
#3837 = CARTESIAN_POINT ( 'NONE',  ( 0.1752563439245337400, 0.4489999999999997900, -0.04755448725100262800 ) ) ;
#3838 = CARTESIAN_POINT ( 'NONE',  ( 0.1752563439245337400, 0.4500000000000001800, -0.04755448725100262800 ) ) ;
#3839 = CARTESIAN_POINT ( 'NONE',  ( 0.1727570785016653300, 0.4489999999999998400, -0.04911196426480707300 ) ) ;
#3840 = CARTESIAN_POINT ( 'NONE',  ( 0.1727570785016653300, 0.4500000000000002300, -0.04911196426480707300 ) ) ;
#3841 = CARTESIAN_POINT ( 'NONE',  ( 0.1696472028633100300, 0.4490000000000000100, -0.05054527168938822300 ) ) ;
#3842 = CARTESIAN_POINT ( 'NONE',  ( 0.1696472028633100300, 0.4500000000000004000, -0.05054527168938822300 ) ) ;
#3843 = CARTESIAN_POINT ( 'NONE',  ( 0.1664108987418489200, 0.4489999999999999000, -0.05136836576427125700 ) ) ;
#3844 = CARTESIAN_POINT ( 'NONE',  ( 0.1664108987418489200, 0.4500000000000002900, -0.05136836576427125700 ) ) ;
#3845 = CARTESIAN_POINT ( 'NONE',  ( 0.1642230857677909100, 0.4489999999999998400, -0.05148441396536078400 ) ) ;
#3846 = CARTESIAN_POINT ( 'NONE',  ( 0.1642230857677909100, 0.4500000000000002300, -0.05148441396536078400 ) ) ;
#3847 = CARTESIAN_POINT ( 'NONE',  ( 0.1631303619719301500, 0.4489999999999999000, -0.05154237533239764600 ) ) ;
#3848 = CARTESIAN_POINT ( 'NONE',  ( 0.1631303619719301500, 0.4500000000000002900, -0.05154237533239764600 ) ) ;
#3849 = CARTESIAN_POINT ( 'NONE',  ( 0.1845846888950070100, 0.4489999999999998400, 0.01590554133426903500 ) ) ;
#3850 = CARTESIAN_POINT ( 'NONE',  ( 0.1845846888950070100, 0.4499999999999999000, 0.01590554133426903500 ) ) ;
#3851 = CARTESIAN_POINT ( 'NONE',  ( 0.1848861679748289300, 0.4489999999999999000, 0.01501326306380247100 ) ) ;
#3852 = CARTESIAN_POINT ( 'NONE',  ( 0.1848861679748289300, 0.4499999999999999600, 0.01501326306380247100 ) ) ;
#3853 = CARTESIAN_POINT ( 'NONE',  ( 0.1854982997986135700, 0.4490000000000000100, 0.01320155551398927000 ) ) ;
#3854 = CARTESIAN_POINT ( 'NONE',  ( 0.1854982997986135700, 0.4500000000000000700, 0.01320155551398927000 ) ) ;
#3855 = CARTESIAN_POINT ( 'NONE',  ( 0.1862872076349202700, 0.4489999999999997900, 0.01039116545454664600 ) ) ;
#3856 = CARTESIAN_POINT ( 'NONE',  ( 0.1862872076349202700, 0.4499999999999998400, 0.01039116545454664600 ) ) ;
#3857 = CARTESIAN_POINT ( 'NONE',  ( 0.1869085047550259300, 0.4489999999999999000, 0.007442515056319944600 ) ) ;
#3858 = CARTESIAN_POINT ( 'NONE',  ( 0.1869085047550259300, 0.4499999999999999600, 0.007442515056319944600 ) ) ;
#3859 = CARTESIAN_POINT ( 'NONE',  ( 0.1874674580621523700, 0.4489999999999998400, 0.004373226007221584500 ) ) ;
#3860 = CARTESIAN_POINT ( 'NONE',  ( 0.1874674580621523700, 0.4499999999999999000, 0.004373226007221584500 ) ) ;
#3861 = CARTESIAN_POINT ( 'NONE',  ( 0.1878489739449341900, 0.4489999999999999500, 0.001160663121193523200 ) ) ;
#3862 = CARTESIAN_POINT ( 'NONE',  ( 0.1878489739449341900, 0.4500000000000000100, 0.001160663121193523200 ) ) ;
#3863 = CARTESIAN_POINT ( 'NONE',  ( 0.1881560543244550600, 0.4489999999999997300, -0.002185233562113570500 ) ) ;
#3864 = CARTESIAN_POINT ( 'NONE',  ( 0.1881560543244550600, 0.4499999999999997900, -0.002185233562113570500 ) ) ;
#3865 = CARTESIAN_POINT ( 'NONE',  ( 0.1883369310941484500, 0.4489999999999999500, -0.005666986768840615000 ) ) ;
#3866 = CARTESIAN_POINT ( 'NONE',  ( 0.1883369310941484500, 0.4500000000000000100, -0.005666986768840615000 ) ) ;
#3867 = CARTESIAN_POINT ( 'NONE',  ( 0.1883593525533292200, 0.4489999999999997900, -0.008032557945847753500 ) ) ;
#3868 = CARTESIAN_POINT ( 'NONE',  ( 0.1883593525533292200, 0.4499999999999998400, -0.008032557945847753500 ) ) ;
#3869 = CARTESIAN_POINT ( 'NONE',  ( 0.1883707465873147300, 0.4489999999999998400, -0.009234683024705323300 ) ) ;
#3870 = CARTESIAN_POINT ( 'NONE',  ( 0.1883707465873147300, 0.4499999999999999000, -0.009234683024705323300 ) ) ;
#3871 = CARTESIAN_POINT ( 'NONE',  ( 0.1631303619719301200, 0.4489999999999998400, -0.05154237533239763900 ) ) ;
#3872 = CARTESIAN_POINT ( 'NONE',  ( 0.1631303619719301200, 0.4499999999999996800, -0.05154237533239763900 ) ) ;
#3873 = CARTESIAN_POINT ( 'NONE',  ( 0.1620243450551642200, 0.4489999999999998400, -0.05148433399961897800 ) ) ;
#3874 = CARTESIAN_POINT ( 'NONE',  ( 0.1620243450551642200, 0.4499999999999996800, -0.05148433399961897800 ) ) ;
#3875 = CARTESIAN_POINT ( 'NONE',  ( 0.1598102963235897000, 0.4489999999999997900, -0.05136814559664835300 ) ) ;
#3876 = CARTESIAN_POINT ( 'NONE',  ( 0.1598102963235897000, 0.4499999999999996200, -0.05136814559664835300 ) ) ;
#3877 = CARTESIAN_POINT ( 'NONE',  ( 0.1565403547599679700, 0.4489999999999999000, -0.05054833835117433800 ) ) ;
#3878 = CARTESIAN_POINT ( 'NONE',  ( 0.1565403547599679700, 0.4499999999999997300, -0.05054833835117433800 ) ) ;
#3879 = CARTESIAN_POINT ( 'NONE',  ( 0.1534059447130452200, 0.4489999999999997900, -0.04911939646724261500 ) ) ;
#3880 = CARTESIAN_POINT ( 'NONE',  ( 0.1534059447130452200, 0.4499999999999996200, -0.04911939646724261500 ) ) ;
#3881 = CARTESIAN_POINT ( 'NONE',  ( 0.1509132882936493900, 0.4489999999999998400, -0.04754932868253044400 ) ) ;
#3882 = CARTESIAN_POINT ( 'NONE',  ( 0.1509132882936493900, 0.4499999999999996800, -0.04754932868253044400 ) ) ;
#3883 = CARTESIAN_POINT ( 'NONE',  ( 0.1490028943934323700, 0.4489999999999999000, -0.04605394835562623400 ) ) ;
#3884 = CARTESIAN_POINT ( 'NONE',  ( 0.1490028943934323700, 0.4499999999999997300, -0.04605394835562623400 ) ) ;
#3885 = CARTESIAN_POINT ( 'NONE',  ( 0.1476576745826681200, 0.4489999999999999500, -0.04475719252538435500 ) ) ;
#3886 = CARTESIAN_POINT ( 'NONE',  ( 0.1476576745826681200, 0.4499999999999997900, -0.04475719252538435500 ) ) ;
#3887 = CARTESIAN_POINT ( 'NONE',  ( 0.1463963553764481300, 0.4489999999999998400, -0.04333872811495195800 ) ) ;
#3888 = CARTESIAN_POINT ( 'NONE',  ( 0.1463963553764481300, 0.4499999999999996800, -0.04333872811495195800 ) ) ;
#3889 = CARTESIAN_POINT ( 'NONE',  ( 0.1452344210868009900, 0.4489999999999999500, -0.04178438769065613600 ) ) ;
#3890 = CARTESIAN_POINT ( 'NONE',  ( 0.1452344210868009900, 0.4499999999999997900, -0.04178438769065613600 ) ) ;
#3891 = CARTESIAN_POINT ( 'NONE',  ( 0.1441461558527364400, 0.4489999999999997300, -0.04011394862439533700 ) ) ;
#3892 = CARTESIAN_POINT ( 'NONE',  ( 0.1441461558527364400, 0.4499999999999995700, -0.04011394862439533700 ) ) ;
#3893 = CARTESIAN_POINT ( 'NONE',  ( 0.1431466983505733600, 0.4489999999999999500, -0.03831426963224508100 ) ) ;
#3894 = CARTESIAN_POINT ( 'NONE',  ( 0.1431466983505733600, 0.4499999999999997900, -0.03831426963224508100 ) ) ;
#3895 = CARTESIAN_POINT ( 'NONE',  ( 0.1422462032169720400, 0.4489999999999999500, -0.03637623065437652800 ) ) ;
#3896 = CARTESIAN_POINT ( 'NONE',  ( 0.1422462032169720400, 0.4499999999999997900, -0.03637623065437652800 ) ) ;
#3897 = CARTESIAN_POINT ( 'NONE',  ( 0.1414152164689672400, 0.4489999999999997900, -0.03430147535668898200 ) ) ;
#3898 = CARTESIAN_POINT ( 'NONE',  ( 0.1414152164689672400, 0.4499999999999996200, -0.03430147535668898200 ) ) ;
#3899 = CARTESIAN_POINT ( 'NONE',  ( 0.1406845653825037300, 0.4489999999999998400, -0.03202773408710203600 ) ) ;
#3900 = CARTESIAN_POINT ( 'NONE',  ( 0.1406845653825037300, 0.4499999999999996800, -0.03202773408710203600 ) ) ;
#3901 = CARTESIAN_POINT ( 'NONE',  ( 0.1400818807187898000, 0.4489999999999998400, -0.02952004855586024300 ) ) ;
#3902 = CARTESIAN_POINT ( 'NONE',  ( 0.1400818807187898000, 0.4499999999999996800, -0.02952004855586024300 ) ) ;
#3903 = CARTESIAN_POINT ( 'NONE',  ( 0.1395251077725071000, 0.4489999999999997900, -0.02676399450474064100 ) ) ;
#3904 = CARTESIAN_POINT ( 'NONE',  ( 0.1395251077725071000, 0.4499999999999996200, -0.02676399450474064100 ) ) ;
#3905 = CARTESIAN_POINT ( 'NONE',  ( 0.1391309572324911400, 0.4490000000000000700, -0.02374343713487810400 ) ) ;
#3906 = CARTESIAN_POINT ( 'NONE',  ( 0.1391309572324911400, 0.4499999999999999000, -0.02374343713487810400 ) ) ;
#3907 = CARTESIAN_POINT ( 'NONE',  ( 0.1387805642107279900, 0.4489999999999997900, -0.02047823275290011300 ) ) ;
#3908 = CARTESIAN_POINT ( 'NONE',  ( 0.1387805642107279900, 0.4499999999999996200, -0.02047823275290011300 ) ) ;
#3909 = CARTESIAN_POINT ( 'NONE',  ( 0.1385553828406633800, 0.4489999999999997900, -0.01695602366063334000 ) ) ;
#3910 = CARTESIAN_POINT ( 'NONE',  ( 0.1385553828406633800, 0.4499999999999996200, -0.01695602366063334000 ) ) ;
#3911 = CARTESIAN_POINT ( 'NONE',  ( 0.1383802040558284000, 0.4489999999999999500, -0.01318275564913737700 ) ) ;
#3912 = CARTESIAN_POINT ( 'NONE',  ( 0.1383802040558284000, 0.4499999999999997900, -0.01318275564913737700 ) ) ;
#3913 = CARTESIAN_POINT ( 'NONE',  ( 0.1383739622168924900, 0.4489999999999998400, -0.01057706540620463800 ) ) ;
#3914 = CARTESIAN_POINT ( 'NONE',  ( 0.1383739622168924900, 0.4499999999999996800, -0.01057706540620463800 ) ) ;
#3915 = CARTESIAN_POINT ( 'NONE',  ( 0.1383707465873147100, 0.4489999999999998400, -0.009234683024705323300 ) ) ;
#3916 = CARTESIAN_POINT ( 'NONE',  ( 0.1383707465873147100, 0.4499999999999996800, -0.009234683024705323300 ) ) ;
#3917 = CARTESIAN_POINT ( 'NONE',  ( 0.1383707465873147100, 0.4489999999999998400, -0.009234683024705323300 ) ) ;
#3918 = CARTESIAN_POINT ( 'NONE',  ( 0.1383707465873147100, 0.4499999999999997900, -0.009234683024705323300 ) ) ;
#3919 = CARTESIAN_POINT ( 'NONE',  ( 0.1383741593606723200, 0.4489999999999997900, -0.007899005916023793900 ) ) ;
#3920 = CARTESIAN_POINT ( 'NONE',  ( 0.1383741593606723200, 0.4499999999999997300, -0.007899005916023793900 ) ) ;
#3921 = CARTESIAN_POINT ( 'NONE',  ( 0.1383807828836269800, 0.4489999999999998400, -0.005306718921762135600 ) ) ;
#3922 = CARTESIAN_POINT ( 'NONE',  ( 0.1383807828836269800, 0.4499999999999997900, -0.005306718921762135600 ) ) ;
#3923 = CARTESIAN_POINT ( 'NONE',  ( 0.1385538171858330900, 0.4489999999999999500, -0.001539768608163813100 ) ) ;
#3924 = CARTESIAN_POINT ( 'NONE',  ( 0.1385538171858330900, 0.4499999999999999000, -0.001539768608163813100 ) ) ;
#3925 = CARTESIAN_POINT ( 'NONE',  ( 0.1387895381001039200, 0.4489999999999997300, 0.001973669358040673400 ) ) ;
#3926 = CARTESIAN_POINT ( 'NONE',  ( 0.1387895381001039200, 0.4499999999999996800, 0.001973669358040673400 ) ) ;
#3927 = CARTESIAN_POINT ( 'NONE',  ( 0.1390935751625365900, 0.4489999999999999500, 0.005238056114187327600 ) ) ;
#3928 = CARTESIAN_POINT ( 'NONE',  ( 0.1390935751625365900, 0.4499999999999999000, 0.005238056114187327600 ) ) ;
#3929 = CARTESIAN_POINT ( 'NONE',  ( 0.1395450879775659000, 0.4489999999999997900, 0.008242342185896115900 ) ) ;
#3930 = CARTESIAN_POINT ( 'NONE',  ( 0.1395450879775659000, 0.4499999999999997300, 0.008242342185896115900 ) ) ;
#3931 = CARTESIAN_POINT ( 'NONE',  ( 0.1400509962009281500, 0.4489999999999998400, 0.01100719027347140900 ) ) ;
#3932 = CARTESIAN_POINT ( 'NONE',  ( 0.1400509962009281500, 0.4499999999999997900, 0.01100719027347140900 ) ) ;
#3933 = CARTESIAN_POINT ( 'NONE',  ( 0.1406666559043345500, 0.4489999999999999500, 0.01351796847672292000 ) ) ;
#3934 = CARTESIAN_POINT ( 'NONE',  ( 0.1406666559043345500, 0.4499999999999999000, 0.01351796847672292000 ) ) ;
#3935 = CARTESIAN_POINT ( 'NONE',  ( 0.1413950849862488100, 0.4489999999999998400, 0.01579190592542380900 ) ) ;
#3936 = CARTESIAN_POINT ( 'NONE',  ( 0.1413950849862488100, 0.4499999999999997900, 0.01579190592542380900 ) ) ;
#3937 = CARTESIAN_POINT ( 'NONE',  ( 0.1422247734689191200, 0.4489999999999999000, 0.01786759359671951900 ) ) ;
#3938 = CARTESIAN_POINT ( 'NONE',  ( 0.1422247734689191200, 0.4499999999999998400, 0.01786759359671951900 ) ) ;
#3939 = CARTESIAN_POINT ( 'NONE',  ( 0.1431306552880637900, 0.4489999999999998400, 0.01979905688607202700 ) ) ;
#3940 = CARTESIAN_POINT ( 'NONE',  ( 0.1431306552880637900, 0.4499999999999997900, 0.01979905688607202700 ) ) ;
#3941 = CARTESIAN_POINT ( 'NONE',  ( 0.1441038187996328000, 0.4489999999999999500, 0.02160911221280865900 ) ) ;
#3942 = CARTESIAN_POINT ( 'NONE',  ( 0.1441038187996328000, 0.4499999999999999000, 0.02160911221280865900 ) ) ;
#3943 = CARTESIAN_POINT ( 'NONE',  ( 0.1451929373868608400, 0.4489999999999998400, 0.02328150102349785900 ) ) ;
#3944 = CARTESIAN_POINT ( 'NONE',  ( 0.1451929373868608400, 0.4499999999999997900, 0.02328150102349785900 ) ) ;
#3945 = CARTESIAN_POINT ( 'NONE',  ( 0.1463790820505465100, 0.4489999999999997900, 0.02482167713986539000 ) ) ;
#3946 = CARTESIAN_POINT ( 'NONE',  ( 0.1463790820505465100, 0.4499999999999997300, 0.02482167713986539000 ) ) ;
#3947 = CARTESIAN_POINT ( 'NONE',  ( 0.1476354608830465500, 0.4489999999999999000, 0.02625690092050226100 ) ) ;
#3948 = CARTESIAN_POINT ( 'NONE',  ( 0.1476354608830465500, 0.4499999999999998400, 0.02625690092050226100 ) ) ;
#3949 = CARTESIAN_POINT ( 'NONE',  ( 0.1490089632899639900, 0.4489999999999997300, 0.02753681467294793700 ) ) ;
#3950 = CARTESIAN_POINT ( 'NONE',  ( 0.1490089632899639900, 0.4499999999999996800, 0.02753681467294793700 ) ) ;
#3951 = CARTESIAN_POINT ( 'NONE',  ( 0.1509090702197701800, 0.4490000000000000100, 0.02907186767378988300 ) ) ;
#3952 = CARTESIAN_POINT ( 'NONE',  ( 0.1509090702197701800, 0.4499999999999999600, 0.02907186767378988300 ) ) ;
#3953 = CARTESIAN_POINT ( 'NONE',  ( 0.1534175409176856400, 0.4489999999999996200, 0.03065812863749276000 ) ) ;
#3954 = CARTESIAN_POINT ( 'NONE',  ( 0.1534175409176856400, 0.4499999999999995700, 0.03065812863749276000 ) ) ;
#3955 = CARTESIAN_POINT ( 'NONE',  ( 0.1565781253528601700, 0.4489999999999999000, 0.03203944548982509700 ) ) ;
#3956 = CARTESIAN_POINT ( 'NONE',  ( 0.1565781253528601700, 0.4499999999999998400, 0.03203944548982509700 ) ) ;
#3957 = CARTESIAN_POINT ( 'NONE',  ( 0.1598257953809030500, 0.4489999999999999000, 0.03290751567360546100 ) ) ;
#3958 = CARTESIAN_POINT ( 'NONE',  ( 0.1598257953809030500, 0.4499999999999998400, 0.03290751567360546100 ) ) ;
#3959 = CARTESIAN_POINT ( 'NONE',  ( 0.1620301168119582200, 0.4489999999999998400, 0.03301790870089470200 ) ) ;
#3960 = CARTESIAN_POINT ( 'NONE',  ( 0.1620301168119582200, 0.4499999999999997900, 0.03301790870089470200 ) ) ;
#3961 = CARTESIAN_POINT ( 'NONE',  ( 0.1631303619719301200, 0.4489999999999998400, 0.03307300928298698200 ) ) ;
#3962 = CARTESIAN_POINT ( 'NONE',  ( 0.1631303619719301200, 0.4499999999999997900, 0.03307300928298698200 ) ) ;
#3963 = FILL_AREA_STYLE_COLOUR ( '', #4390 ) ;
#3964 = FILL_AREA_STYLE ('',( #3963 ) ) ;
#3965 = SURFACE_STYLE_FILL_AREA ( #3964 ) ;
#3966 = SURFACE_SIDE_STYLE ('',( #3965 ) ) ;
#3967 = SURFACE_STYLE_USAGE ( .BOTH. , #3966 ) ;
#3968 = PRESENTATION_STYLE_ASSIGNMENT (( #3967 ) ) ;
#3969 =( LENGTH_UNIT ( ) NAMED_UNIT ( * ) SI_UNIT ( .MILLI., .METRE. ) );
#3970 =( NAMED_UNIT ( * ) PLANE_ANGLE_UNIT ( ) SI_UNIT ( $, .RADIAN. ) );
#3971 =( NAMED_UNIT ( * ) SI_UNIT ( $, .STERADIAN. ) SOLID_ANGLE_UNIT ( ) );
#3972 = PLANE ( 'NONE',  #2212 ) ;
#3973 = CARTESIAN_POINT ( 'NONE',  ( -1.000000000000000000, 0.4499999999999999000, 0.8000000000000000400 ) ) ;
#3974 = DIRECTION ( 'NONE',  ( 0.0000000000000000000, -1.000000000000000000, 0.0000000000000000000 ) ) ;
#3975 = DIRECTION ( 'NONE',  ( 0.0000000000000000000, -0.0000000000000000000, -1.000000000000000000 ) ) ;
#3976 = CARTESIAN_POINT ( 'NONE',  ( 0.1631303619719301200, 0.4489999999999998400, 0.03307300928298698200 ) ) ;
#3977 = CARTESIAN_POINT ( 'NONE',  ( 0.1631303619719301200, 0.4499999999999999000, 0.03307300928298698200 ) ) ;
#3978 = CARTESIAN_POINT ( 'NONE',  ( 0.1642377240192371700, 0.4489999999999998400, 0.03302735840265699100 ) ) ;
#3979 = CARTESIAN_POINT ( 'NONE',  ( 0.1642377240192371700, 0.4499999999999999000, 0.03302735840265699100 ) ) ;
#3980 = CARTESIAN_POINT ( 'NONE',  ( 0.1664501618245144400, 0.4489999999999996200, 0.03293615089402701000 ) ) ;
#3981 = CARTESIAN_POINT ( 'NONE',  ( 0.1664501618245144400, 0.4499999999999996800, 0.03293615089402701000 ) ) ;
#3982 = CARTESIAN_POINT ( 'NONE',  ( 0.1696825559714956200, 0.4489999999999999500, 0.03205618696904921600 ) ) ;
#3983 = CARTESIAN_POINT ( 'NONE',  ( 0.1696825559714956200, 0.4500000000000000100, 0.03205618696904921600 ) ) ;
#3984 = CARTESIAN_POINT ( 'NONE',  ( 0.1728205636881317300, 0.4489999999999999000, 0.03072848584151547200 ) ) ;
#3985 = CARTESIAN_POINT ( 'NONE',  ( 0.1728205636881317300, 0.4499999999999999600, 0.03072848584151547200 ) ) ;
#3986 = CARTESIAN_POINT ( 'NONE',  ( 0.1752797619818141100, 0.4489999999999996200, 0.02915855711525096000 ) ) ;
#3987 = CARTESIAN_POINT ( 'NONE',  ( 0.1752797619818141100, 0.4499999999999996800, 0.02915855711525096000 ) ) ;
#3988 = CARTESIAN_POINT ( 'NONE',  ( 0.1771506917961409000, 0.4489999999999999500, 0.02766346198807166000 ) ) ;
#3989 = CARTESIAN_POINT ( 'NONE',  ( 0.1771506917961409000, 0.4500000000000000100, 0.02766346198807166000 ) ) ;
#3990 = CARTESIAN_POINT ( 'NONE',  ( 0.1784911772277383600, 0.4489999999999998400, 0.02638875775055992200 ) ) ;
#3991 = CARTESIAN_POINT ( 'NONE',  ( 0.1784911772277383600, 0.4499999999999999000, 0.02638875775055992200 ) ) ;
#3992 = CARTESIAN_POINT ( 'NONE',  ( 0.1797215214686883100, 0.4489999999999997300, 0.02496144725609077500 ) ) ;
#3993 = CARTESIAN_POINT ( 'NONE',  ( 0.1797215214686883100, 0.4499999999999997900, 0.02496144725609077500 ) ) ;
#3994 = CARTESIAN_POINT ( 'NONE',  ( 0.1808884378931058800, 0.4489999999999997900, 0.02342146737280759900 ) ) ;
#3995 = CARTESIAN_POINT ( 'NONE',  ( 0.1808884378931058800, 0.4499999999999998400, 0.02342146737280759900 ) ) ;
#3996 = CARTESIAN_POINT ( 'NONE',  ( 0.1819586971981027600, 0.4489999999999999000, 0.02173939639641381300 ) ) ;
#3997 = CARTESIAN_POINT ( 'NONE',  ( 0.1819586971981027600, 0.4499999999999999600, 0.02173939639641381300 ) ) ;
#3998 = CARTESIAN_POINT ( 'NONE',  ( 0.1829319297036798900, 0.4489999999999998400, 0.01992332281738479600 ) ) ;
#3999 = CARTESIAN_POINT ( 'NONE',  ( 0.1829319297036798900, 0.4499999999999999000, 0.01992332281738479600 ) ) ;
#4000 = CARTESIAN_POINT ( 'NONE',  ( 0.1838200253478275100, 0.4489999999999998400, 0.01796820344846510700 ) ) ;
#4001 = CARTESIAN_POINT ( 'NONE',  ( 0.1838200253478275100, 0.4499999999999999000, 0.01796820344846510700 ) ) ;
#4002 = CARTESIAN_POINT ( 'NONE',  ( 0.1843259980892633700, 0.4489999999999997900, 0.01660335375944137900 ) ) ;
#4003 = CARTESIAN_POINT ( 'NONE',  ( 0.1843259980892633700, 0.4499999999999998400, 0.01660335375944137900 ) ) ;
#4004 = CARTESIAN_POINT ( 'NONE',  ( 0.1845846888950070100, 0.4489999999999998400, 0.01590554133426903500 ) ) ;
#4005 = CARTESIAN_POINT ( 'NONE',  ( 0.1845846888950070100, 0.4499999999999999000, 0.01590554133426903500 ) ) ;
#4006 = LINE ( 'NONE', #4007, #2205 ) ;
#4007 = CARTESIAN_POINT ( 'NONE',  ( -0.1619297341819160600, 0.4489999999999998400, 0.04076531697529468100 ) ) ;
#4008 = DIRECTION ( 'NONE',  ( -0.0000000000000000000, 1.000000000000000000, -0.0000000000000000000 ) ) ;
#4009 = CARTESIAN_POINT ( 'NONE',  ( 0.2408346888950070000, 0.4489999999999998400, -0.009234683024705323300 ) ) ;
#4010 = CARTESIAN_POINT ( 'NONE',  ( 0.2399453807361864900, 0.4489999999999998400, -0.009218864699925780800 ) ) ;
#4011 = CARTESIAN_POINT ( 'NONE',  ( 0.2382007751230868800, 0.4489999999999998400, -0.009187833006438540100 ) ) ;
#4012 = CARTESIAN_POINT ( 'NONE',  ( 0.2356448628903418400, 0.4489999999999999500, -0.008842418708181271800 ) ) ;
#4013 = CARTESIAN_POINT ( 'NONE',  ( 0.2331919153049950800, 0.4489999999999996800, -0.008361578906658602100 ) ) ;
#4014 = CARTESIAN_POINT ( 'NONE',  ( 0.2308502028338388400, 0.4489999999999998400, -0.007632126378801125400 ) ) ;
#4015 = CARTESIAN_POINT ( 'NONE',  ( 0.2286207143550994200, 0.4489999999999998400, -0.006683655228171279800 ) ) ;
#4016 = CARTESIAN_POINT ( 'NONE',  ( 0.2264913805670395700, 0.4489999999999999500, -0.005542668372505886100 ) ) ;
#4017 = CARTESIAN_POINT ( 'NONE',  ( 0.2244784911508751500, 0.4489999999999996800, -0.004193941424088484500 ) ) ;
#4018 = CARTESIAN_POINT ( 'NONE',  ( 0.2226098418263559300, 0.4489999999999999500, -0.002654609552806134300 ) ) ;
#4019 = CARTESIAN_POINT ( 'NONE',  ( 0.2209034609835661700, 0.4489999999999998400, -0.0009957680110580355200 ) ) ;
#4020 = CARTESIAN_POINT ( 'NONE',  ( 0.2194063666994118500, 0.4489999999999999500, 0.0007602929928051822300 ) ) ;
#4021 = CARTESIAN_POINT ( 'NONE',  ( 0.2181350089712557100, 0.4489999999999997300, 0.002580936787714422200 ) ) ;
#4022 = CARTESIAN_POINT ( 'NONE',  ( 0.2171112018030796100, 0.4489999999999997900, 0.004489286195689353100 ) ) ;
#4023 = CARTESIAN_POINT ( 'NONE',  ( 0.2162708666014011800, 0.4489999999999997900, 0.006444932220024558900 ) ) ;
#4024 = CARTESIAN_POINT ( 'NONE',  ( 0.2157190415369868700, 0.4489999999999999000, 0.008496577798410310000 ) ) ;
#4025 = CARTESIAN_POINT ( 'NONE',  ( 0.2153652783491495900, 0.4489999999999996800, 0.01060478103250588200 ) ) ;
#4026 = CARTESIAN_POINT ( 'NONE',  ( 0.2153177745913180400, 0.4489999999999998400, 0.01203792670243858000 ) ) ;
#4027 = CARTESIAN_POINT ( 'NONE',  ( 0.2152938235103917000, 0.4489999999999998400, 0.01276050928298698400 ) ) ;
#4028 = LINE ( 'NONE', #4029, #2179 ) ;
#4029 = CARTESIAN_POINT ( 'NONE',  ( -0.3936805354639673600, 0.4489999999999998400, 0.04076531697529468100 ) ) ;
#4030 = DIRECTION ( 'NONE',  ( -0.0000000000000000000, 1.000000000000000000, -0.0000000000000000000 ) ) ;
#4031 = CARTESIAN_POINT ( 'NONE',  ( 0.2691399773565456000, 0.4489999999999998400, -0.03585727917855148500 ) ) ;
#4032 = CARTESIAN_POINT ( 'NONE',  ( 0.2691399773565456000, 0.4499999999999999000, -0.03585727917855148500 ) ) ;
#4033 = CARTESIAN_POINT ( 'NONE',  ( 0.2690989899099028900, 0.4489999999999997900, -0.03477223163978673100 ) ) ;
#4034 = CARTESIAN_POINT ( 'NONE',  ( 0.2690989899099028900, 0.4499999999999998400, -0.03477223163978673100 ) ) ;
#4035 = CARTESIAN_POINT ( 'NONE',  ( 0.2690184928943024100, 0.4489999999999998400, -0.03264125994455738300 ) ) ;
#4036 = CARTESIAN_POINT ( 'NONE',  ( 0.2690184928943024100, 0.4499999999999999000, -0.03264125994455738300 ) ) ;
#4037 = CARTESIAN_POINT ( 'NONE',  ( 0.2683413517649516100, 0.4490000000000000700, -0.02953478793089758100 ) ) ;
#4038 = CARTESIAN_POINT ( 'NONE',  ( 0.2683413517649516100, 0.4500000000000001200, -0.02953478793089758100 ) ) ;
#4039 = CARTESIAN_POINT ( 'NONE',  ( 0.2672009713763522400, 0.4489999999999996800, -0.02662558681857921800 ) ) ;
#4040 = CARTESIAN_POINT ( 'NONE',  ( 0.2672009713763522400, 0.4499999999999997300, -0.02662558681857921800 ) ) ;
#4041 = CARTESIAN_POINT ( 'NONE',  ( 0.2656439952911199800, 0.4490000000000000100, -0.02388064532800554500 ) ) ;
#4042 = CARTESIAN_POINT ( 'NONE',  ( 0.2656439952911199800, 0.4500000000000000700, -0.02388064532800554500 ) ) ;
#4043 = CARTESIAN_POINT ( 'NONE',  ( 0.2636146956486630800, 0.4489999999999996800, -0.02134974539629911500 ) ) ;
#4044 = CARTESIAN_POINT ( 'NONE',  ( 0.2636146956486630800, 0.4499999999999997300, -0.02134974539629911500 ) ) ;
#4045 = CARTESIAN_POINT ( 'NONE',  ( 0.2611401604187562600, 0.4489999999999998400, -0.01900070339940255700 ) ) ;
#4046 = CARTESIAN_POINT ( 'NONE',  ( 0.2611401604187562600, 0.4499999999999999000, -0.01900070339940255700 ) ) ;
#4047 = CARTESIAN_POINT ( 'NONE',  ( 0.2582401181828883900, 0.4489999999999999000, -0.01681422258989672200 ) ) ;
#4048 = CARTESIAN_POINT ( 'NONE',  ( 0.2582401181828883900, 0.4499999999999999600, -0.01681422258989672200 ) ) ;
#4049 = CARTESIAN_POINT ( 'NONE',  ( 0.2560612357196469500, 0.4489999999999998400, -0.01558032646770230100 ) ) ;
#4050 = CARTESIAN_POINT ( 'NONE',  ( 0.2560612357196469500, 0.4499999999999999000, -0.01558032646770230100 ) ) ;
#4051 = CARTESIAN_POINT ( 'NONE',  ( 0.2549372529975711400, 0.4489999999999998400, -0.01494381764008994100 ) ) ;
#4052 = CARTESIAN_POINT ( 'NONE',  ( 0.2549372529975711400, 0.4499999999999999000, -0.01494381764008994100 ) ) ;
#4053 = LINE ( 'NONE', #4054, #2208 ) ;
#4054 = CARTESIAN_POINT ( 'NONE',  ( -0.3838848623870442800, 0.4489999999999998400, 0.04076531697529468100 ) ) ;
#4055 = DIRECTION ( 'NONE',  ( -0.0000000000000000000, 1.000000000000000000, -0.0000000000000000000 ) ) ;
#4056 = CARTESIAN_POINT ( 'NONE',  ( 0.9750000000000000900, -0.4249999999999998800, -0.7750000000000000200 ) ) ;
#4057 = LINE ( 'NONE', #4058, #2175 ) ;
#4058 = CARTESIAN_POINT ( 'NONE',  ( -0.3838848623870442800, 0.4489999999999998400, 0.04076531697529468100 ) ) ;
#4059 = DIRECTION ( 'NONE',  ( -1.000000000000000000, 0.0000000000000000000, 0.0000000000000000000 ) ) ;
#4060 = LINE ( 'NONE', #4061, #2157 ) ;
#4061 = CARTESIAN_POINT ( 'NONE',  ( -0.3280755675152494100, 0.4489999999999998400, -0.001542375332397635200 ) ) ;
#4062 = DIRECTION ( 'NONE',  ( -0.4189977888269744200, 0.0000000000000000000, -0.9079872537420919900 ) ) ;
#4063 = LINE ( 'NONE', #4064, #2194 ) ;
#4064 = CARTESIAN_POINT ( 'NONE',  ( -0.3457037726434545300, 0.4489999999999998400, -0.03974349712726943400 ) ) ;
#4065 = DIRECTION ( 'NONE',  ( -0.4283511191562794900, 0.0000000000000000000, 0.9036123719369733000 ) ) ;
#4066 = DIRECTION ( 'NONE',  ( -1.000000000000000000, -0.0000000000000000000, -0.0000000000000000000 ) ) ;
#4067 = DIRECTION ( 'NONE',  ( 0.0000000000000000000, 0.0000000000000000000, -1.000000000000000000 ) ) ;
#4068 = LINE ( 'NONE', #4069, #2178 ) ;
#4069 = CARTESIAN_POINT ( 'NONE',  ( -0.2826629072588391900, 0.4489999999999998400, 0.01640634261632031500 ) ) ;
#4070 = DIRECTION ( 'NONE',  ( -0.0000000000000000000, 1.000000000000000000, -0.0000000000000000000 ) ) ;
#4071 = CARTESIAN_POINT ( 'NONE',  ( 0.2114476696642378400, 0.4489999999999998400, -0.03613772789650020200 ) ) ;
#4072 = CARTESIAN_POINT ( 'NONE',  ( 0.2114476696642378400, 0.4499999999999998400, -0.03613772789650020200 ) ) ;
#4073 = CARTESIAN_POINT ( 'NONE',  ( 0.2114943960670318500, 0.4489999999999997300, -0.03720337242168993100 ) ) ;
#4074 = CARTESIAN_POINT ( 'NONE',  ( 0.2114943960670318500, 0.4499999999999997300, -0.03720337242168993100 ) ) ;
#4075 = CARTESIAN_POINT ( 'NONE',  ( 0.2115883242855546000, 0.4489999999999997300, -0.03934550376166635900 ) ) ;
#4076 = CARTESIAN_POINT ( 'NONE',  ( 0.2115883242855546000, 0.4499999999999997300, -0.03934550376166635900 ) ) ;
#4077 = CARTESIAN_POINT ( 'NONE',  ( 0.2123478477308486400, 0.4489999999999999000, -0.04253425014225546700 ) ) ;
#4078 = CARTESIAN_POINT ( 'NONE',  ( 0.2123478477308486400, 0.4499999999999999000, -0.04253425014225546700 ) ) ;
#4079 = CARTESIAN_POINT ( 'NONE',  ( 0.2135855639169366400, 0.4489999999999997300, -0.04566615200009019300 ) ) ;
#4080 = CARTESIAN_POINT ( 'NONE',  ( 0.2135855639169366400, 0.4499999999999997300, -0.04566615200009019300 ) ) ;
#4081 = CARTESIAN_POINT ( 'NONE',  ( 0.2152690209744565800, 0.4489999999999999000, -0.04872602950924730100 ) ) ;
#4082 = CARTESIAN_POINT ( 'NONE',  ( 0.2152690209744565800, 0.4499999999999999000, -0.04872602950924730100 ) ) ;
#4083 = CARTESIAN_POINT ( 'NONE',  ( 0.2173657985786374400, 0.4489999999999997900, -0.05161032135673702300 ) ) ;
#4084 = CARTESIAN_POINT ( 'NONE',  ( 0.2173657985786374400, 0.4499999999999997900, -0.05161032135673702300 ) ) ;
#4085 = CARTESIAN_POINT ( 'NONE',  ( 0.2198814141738066900, 0.4489999999999999500, -0.05419720553631023100 ) ) ;
#4086 = CARTESIAN_POINT ( 'NONE',  ( -0.2669218190032844300, 0.4500000000000000100, -0.05071185149081890200 ) ) ;
#4087 = CARTESIAN_POINT ( 'NONE',  ( -0.2694673597193771900, 0.4489999999999997900, -0.04956379833922314900 ) ) ;
#4088 = CARTESIAN_POINT ( 'NONE',  ( -0.2694673597193771900, 0.4499999999999998400, -0.04956379833922314900 ) ) ;
#4089 = CARTESIAN_POINT ( 'NONE',  ( -0.2716545758638400600, 0.4489999999999997900, -0.04795479896506117000 ) ) ;
#4090 = CARTESIAN_POINT ( 'NONE',  ( -0.2716545758638400600, 0.4499999999999998400, -0.04795479896506117000 ) ) ;
#4091 = CARTESIAN_POINT ( 'NONE',  ( -0.2734756323507840400, 0.4489999999999997900, -0.04604848488834353800 ) ) ;
#4092 = CARTESIAN_POINT ( 'NONE',  ( -0.2734756323507840400, 0.4499999999999998400, -0.04604848488834353800 ) ) ;
#4093 = CARTESIAN_POINT ( 'NONE',  ( -0.2747929311726383100, 0.4489999999999997300, -0.04385480331477446800 ) ) ;
#4094 = CARTESIAN_POINT ( 'NONE',  ( -0.2747929311726383100, 0.4499999999999997900, -0.04385480331477446800 ) ) ;
#4095 = CARTESIAN_POINT ( 'NONE',  ( -0.2755857930169826100, 0.4489999999999999000, -0.04143244895464486000 ) ) ;
#4096 = CARTESIAN_POINT ( 'NONE',  ( -0.2755857930169826100, 0.4499999999999999600, -0.04143244895464486000 ) ) ;
#4097 = CARTESIAN_POINT ( 'NONE',  ( -0.2756825438641551900, 0.4489999999999999000, -0.03974268734516741400 ) ) ;
#4098 = CARTESIAN_POINT ( 'NONE',  ( -0.2756825438641551900, 0.4499999999999999600, -0.03974268734516741400 ) ) ;
#4099 = CARTESIAN_POINT ( 'NONE',  ( -0.2757318175152493900, 0.4489999999999998400, -0.03888211892214123200 ) ) ;
#4100 = CARTESIAN_POINT ( 'NONE',  ( -0.2757318175152493900, 0.4499999999999999000, -0.03888211892214123200 ) ) ;
#4101 = CARTESIAN_POINT ( 'NONE',  ( 0.9750000000000000900, 0.0000000000000000000, 0.7750000000000001300 ) ) ;
#4102 = DIRECTION ( 'NONE',  ( 0.0000000000000000000, -1.000000000000000000, 0.0000000000000000000 ) ) ;
#4103 = DIRECTION ( 'NONE',  ( 0.0000000000000000000, 0.0000000000000000000, -1.000000000000000000 ) ) ;
#4104 = LINE ( 'NONE', #4105, #9112 ) ;
#4105 = CARTESIAN_POINT ( 'NONE',  ( -0.08470617648960833400, 0.4499999999999999000, 0.04076531697529468100 ) ) ;
#4106 = DIRECTION ( 'NONE',  ( 0.0000000000000000000, 0.0000000000000000000, -1.000000000000000000 ) ) ;
#4107 = PLANE ( 'NONE',  #9120 ) ;
#4108 = CARTESIAN_POINT ( 'NONE',  ( -1.000000000000000000, 0.4499999999999999000, 0.8000000000000000400 ) ) ;
#4109 = DIRECTION ( 'NONE',  ( 0.0000000000000000000, -1.000000000000000000, 0.0000000000000000000 ) ) ;
#4110 = DIRECTION ( 'NONE',  ( 0.0000000000000000000, -0.0000000000000000000, -1.000000000000000000 ) ) ;
#4111 = CARTESIAN_POINT ( 'NONE',  ( 0.0000000000000000000, 0.4249999999999998800, 0.7750000000000001300 ) ) ;
#4112 = DIRECTION ( 'NONE',  ( 1.000000000000000000, 0.0000000000000000000, 0.0000000000000000000 ) ) ;
#4113 = DIRECTION ( 'NONE',  ( 0.0000000000000000000, 0.0000000000000000000, -1.000000000000000000 ) ) ;
#4114 = PLANE ( 'NONE',  #9115 ) ;
#4115 = CARTESIAN_POINT ( 'NONE',  ( -0.1981677149511468200, 0.4489999999999998400, -0.03135006764008994200 ) ) ;
#4116 = DIRECTION ( 'NONE',  ( -0.9913357927840350500, 0.0000000000000000000, -0.1313519925438847400 ) ) ;
#4117 = DIRECTION ( 'NONE',  ( -0.1313519925438847200, 0.0000000000000000000, 0.9913357927840349400 ) ) ;
#4118 = CARTESIAN_POINT ( 'NONE',  ( 2.303929616531696600E-017, -0.4249999999999999300, 0.7750000000000001300 ) ) ;
#4119 = DIRECTION ( 'NONE',  ( -1.000000000000000000, -5.421010862427522200E-017, 0.0000000000000000000 ) ) ;
#4120 = DIRECTION ( 'NONE',  ( 5.421010862427524000E-017, -1.000000000000000000, 0.0000000000000000000 ) ) ;
#4121 = CARTESIAN_POINT ( 'NONE',  ( -0.2607077790537109500, 0.4489999999999998400, 0.04332941953939724300 ) ) ;
#4122 = CARTESIAN_POINT ( 'NONE',  ( -0.2607077790537109500, 0.4500000000000000700, 0.04332941953939724300 ) ) ;
#4123 = CARTESIAN_POINT ( 'NONE',  ( -0.2614630745674531000, 0.4489999999999998400, 0.04331481435089976800 ) ) ;
#4124 = CARTESIAN_POINT ( 'NONE',  ( -0.2614630745674531000, 0.4500000000000000700, 0.04331481435089976800 ) ) ;
#4125 = CARTESIAN_POINT ( 'NONE',  ( -0.2629641534261532600, 0.4489999999999998400, 0.04328578791120563800 ) ) ;
#4126 = CARTESIAN_POINT ( 'NONE',  ( -0.2629641534261532600, 0.4500000000000000700, 0.04328578791120563800 ) ) ;
#4127 = CARTESIAN_POINT ( 'NONE',  ( -0.2651844243368153800, 0.4489999999999999000, 0.04302917989914349700 ) ) ;
#4128 = CARTESIAN_POINT ( 'NONE',  ( -0.2651844243368153800, 0.4500000000000001200, 0.04302917989914349700 ) ) ;
#4129 = CARTESIAN_POINT ( 'NONE',  ( -0.2673598411710456600, 0.4489999999999997900, 0.04266611979653840700 ) ) ;
#4130 = CARTESIAN_POINT ( 'NONE',  ( -0.2673598411710456600, 0.4500000000000000100, 0.04266611979653840700 ) ) ;
#4131 = CARTESIAN_POINT ( 'NONE',  ( -0.2694631063720210300, 0.4490000000000000100, 0.04208971779719728600 ) ) ;
#4132 = CARTESIAN_POINT ( 'NONE',  ( -0.2694631063720210300, 0.4500000000000001800, 0.04208971779719728600 ) ) ;
#4133 = CARTESIAN_POINT ( 'NONE',  ( -0.2715213181332136200, 0.4489999999999997900, 0.04139037559599456600 ) ) ;
#4134 = CARTESIAN_POINT ( 'NONE',  ( -0.2715213181332136200, 0.4500000000000000100, 0.04139037559599456600 ) ) ;
#4135 = CARTESIAN_POINT ( 'NONE',  ( -0.2735255248339552000, 0.4489999999999998400, 0.04052928037890336800 ) ) ;
#4136 = CARTESIAN_POINT ( 'NONE',  ( -0.2735255248339552000, 0.4500000000000000700, 0.04052928037890336800 ) ) ;
#4137 = CARTESIAN_POINT ( 'NONE',  ( -0.2754766978012659900, 0.4489999999999999500, 0.03949736033754987200 ) ) ;
#4138 = CARTESIAN_POINT ( 'NONE',  ( -0.2754766978012659900, 0.4500000000000001800, 0.03949736033754987200 ) ) ;
#4139 = CARTESIAN_POINT ( 'NONE',  ( -0.2773857715975046600, 0.4489999999999998400, 0.03831750249101709100 ) ) ;
#4140 = CARTESIAN_POINT ( 'NONE',  ( -0.2773857715975046600, 0.4500000000000000700, 0.03831750249101709100 ) ) ;
#4141 = CARTESIAN_POINT ( 'NONE',  ( -0.2792478908713939000, 0.4489999999999998400, 0.03694442407491427300 ) ) ;
#4142 = CARTESIAN_POINT ( 'NONE',  ( -0.2792478908713939000, 0.4500000000000000700, 0.03694442407491427300 ) ) ;
#4143 = CARTESIAN_POINT ( 'NONE',  ( -0.2810455899550757300, 0.4489999999999999500, 0.03534518131953753900 ) ) ;
#4144 = CARTESIAN_POINT ( 'NONE',  ( -0.2810455899550757300, 0.4500000000000001800, 0.03534518131953753900 ) ) ;
#4145 = CARTESIAN_POINT ( 'NONE',  ( -0.2828378523983124400, 0.4489999999999997900, 0.03356388117692896100 ) ) ;
#4146 = CARTESIAN_POINT ( 'NONE',  ( -0.2828378523983124400, 0.4500000000000000100, 0.03356388117692896100 ) ) ;
#4147 = CARTESIAN_POINT ( 'NONE',  ( -0.2845717780075005000, 0.4489999999999998400, 0.03155215079516613500 ) ) ;
#4148 = CARTESIAN_POINT ( 'NONE',  ( -0.2845717780075005000, 0.4500000000000000700, 0.03155215079516613500 ) ) ;
#4149 = CARTESIAN_POINT ( 'NONE',  ( -0.2862824392733806000, 0.4489999999999999000, 0.02934249128494413300 ) ) ;
#4150 = CARTESIAN_POINT ( 'NONE',  ( -0.2862824392733806000, 0.4500000000000001200, 0.02934249128494413300 ) ) ;
#4151 = CARTESIAN_POINT ( 'NONE',  ( -0.2879361081172803800, 0.4489999999999996200, 0.02691422890216040700 ) ) ;
#4152 = CARTESIAN_POINT ( 'NONE',  ( -0.2879361081172803800, 0.4499999999999998400, 0.02691422890216040700 ) ) ;
#4153 = CARTESIAN_POINT ( 'NONE',  ( -0.2895670143366815800, 0.4490000000000000100, 0.02428059022333256900 ) ) ;
#4154 = CARTESIAN_POINT ( 'NONE',  ( -0.2895670143366815800, 0.4500000000000001800, 0.02428059022333256900 ) ) ;
#4155 = CARTESIAN_POINT ( 'NONE',  ( -0.2905903134174617800, 0.4489999999999999000, 0.02242730205990916800 ) ) ;
#4156 = CARTESIAN_POINT ( 'NONE',  ( -0.2905903134174617800, 0.4500000000000001200, 0.02242730205990916800 ) ) ;
#4157 = CARTESIAN_POINT ( 'NONE',  ( -0.2911164328998647700, 0.4489999999999998400, 0.02147445159067929200 ) ) ;
#4158 = CARTESIAN_POINT ( 'NONE',  ( -0.2911164328998647700, 0.4500000000000000700, 0.02147445159067929200 ) ) ;
#4159 = CARTESIAN_POINT ( 'NONE',  ( -0.2627310162331981700, 0.4489999999999998400, -0.009635324050346356200 ) ) ;
#4160 = CARTESIAN_POINT ( 'NONE',  ( -0.2627310162331981700, 0.4499999999999999000, -0.009635324050346356200 ) ) ;
#4161 = CARTESIAN_POINT ( 'NONE',  ( -0.2637831304097425500, 0.4489999999999998400, -0.01038471226804140900 ) ) ;
#4162 = CARTESIAN_POINT ( 'NONE',  ( -0.2637831304097425500, 0.4499999999999999000, -0.01038471226804140900 ) ) ;
#4163 = CARTESIAN_POINT ( 'NONE',  ( -0.2657946925977478500, 0.4489999999999999000, -0.01181748547503597500 ) ) ;
#4164 = CARTESIAN_POINT ( 'NONE',  ( -0.2657946925977478500, 0.4499999999999999600, -0.01181748547503597500 ) ) ;
#4165 = CARTESIAN_POINT ( 'NONE',  ( -0.2686077949505011300, 0.4489999999999996800, -0.01394389358971085500 ) ) ;
#4166 = CARTESIAN_POINT ( 'NONE',  ( -0.2686077949505011300, 0.4499999999999997300, -0.01394389358971085500 ) ) ;
#4167 = CARTESIAN_POINT ( 'NONE',  ( -0.2711233510364986500, 0.4489999999999999000, -0.01588800414805094000 ) ) ;
#4168 = CARTESIAN_POINT ( 'NONE',  ( -0.2711233510364986500, 0.4499999999999999600, -0.01588800414805094000 ) ) ;
#4169 = CARTESIAN_POINT ( 'NONE',  ( -0.2733301800800219100, 0.4489999999999999000, -0.01766811877955186800 ) ) ;
#4170 = CARTESIAN_POINT ( 'NONE',  ( -0.2733301800800219100, 0.4499999999999999600, -0.01766811877955186800 ) ) ;
#4171 = CARTESIAN_POINT ( 'NONE',  ( -0.2752273114184806100, 0.4489999999999997900, -0.01928447891469128500 ) ) ;
#4172 = CARTESIAN_POINT ( 'NONE',  ( -0.2752273114184806100, 0.4499999999999998400, -0.01928447891469128500 ) ) ;
#4173 = CARTESIAN_POINT ( 'NONE',  ( -0.2768296945903134800, 0.4489999999999999000, -0.02072156289018181600 ) ) ;
#4174 = CARTESIAN_POINT ( 'NONE',  ( -0.2768296945903134800, 0.4499999999999999600, -0.02072156289018181600 ) ) ;
#4175 = CARTESIAN_POINT ( 'NONE',  ( -0.2780965105073295300, 0.4489999999999998400, -0.02201823605784920500 ) ) ;
#4176 = CARTESIAN_POINT ( 'NONE',  ( -0.2780965105073295300, 0.4499999999999999000, -0.02201823605784920500 ) ) ;
#4177 = CARTESIAN_POINT ( 'NONE',  ( -0.2788009556690017000, 0.4489999999999998400, -0.02285941725056801800 ) ) ;
#4178 = CARTESIAN_POINT ( 'NONE',  ( -0.2788009556690017000, 0.4499999999999999000, -0.02285941725056801800 ) ) ;
#4179 = CARTESIAN_POINT ( 'NONE',  ( -0.2791172341819160900, 0.4489999999999998400, -0.02323708687085917400 ) ) ;
#4180 = CARTESIAN_POINT ( 'NONE',  ( -0.2791172341819160900, 0.4499999999999999000, -0.02323708687085917400 ) ) ;
#4181 = CARTESIAN_POINT ( 'NONE',  ( -0.2607077790537109500, 0.4499999999999999000, 0.03307300928298698200 ) ) ;
#4182 = CARTESIAN_POINT ( 'NONE',  ( -0.2598310116105254600, 0.4499999999999999000, 0.03304859006835225000 ) ) ;
#4183 = CARTESIAN_POINT ( 'NONE',  ( -0.2580928180948900400, 0.4499999999999998400, 0.03300017891797833000 ) ) ;
#4184 = CARTESIAN_POINT ( 'NONE',  ( -0.2555338968674297800, 0.4499999999999998400, 0.03253501314513839600 ) ) ;
#4185 = CARTESIAN_POINT ( 'NONE',  ( -0.2530487025169709200, 0.4499999999999997900, 0.03182038089046800700 ) ) ;
#4186 = CARTESIAN_POINT ( 'NONE',  ( -0.2506884557246699100, 0.4499999999999999600, 0.03079692570451127200 ) ) ;
#4187 = CARTESIAN_POINT ( 'NONE',  ( -0.2484857238809118600, 0.4499999999999998400, 0.02955868325522605400 ) ) ;
#4188 = CARTESIAN_POINT ( 'NONE',  ( -0.2465541040141509300, 0.4499999999999999600, 0.02806307818358862900 ) ) ;
#4189 = CARTESIAN_POINT ( 'NONE',  ( -0.2448842150661658400, 0.4499999999999999600, 0.02638861516319746700 ) ) ;
#4190 = CARTESIAN_POINT ( 'NONE',  ( -0.2435182403642474300, 0.4499999999999999600, 0.02452053931628553300 ) ) ;
#4191 = CARTESIAN_POINT ( 'NONE',  ( -0.2424702393560084500, 0.4499999999999997900, 0.02251147792750548400 ) ) ;
#4192 = CARTESIAN_POINT ( 'NONE',  ( -0.2416647516870595000, 0.4499999999999999000, 0.02044930788926863800 ) ) ;
#4193 = CARTESIAN_POINT ( 'NONE',  ( -0.2412177495825914300, 0.4499999999999997900, 0.01830163450986893600 ) ) ;
#4194 = CARTESIAN_POINT ( 'NONE',  ( -0.2411504137695432700, 0.4499999999999999600, 0.01685562128564633100 ) ) ;
#4195 = CARTESIAN_POINT ( 'NONE',  ( -0.2411164328998647900, 0.4499999999999999000, 0.01612589389837159800 ) ) ;
#4196 = CARTESIAN_POINT ( 'NONE',  ( -0.2600667534126853700, 0.4489999999999999000, -0.06179878558880790700 ) ) ;
#4197 = CARTESIAN_POINT ( 'NONE',  ( -0.2600667534126853700, 0.4499999999999999000, -0.06179878558880790700 ) ) ;
#4198 = CARTESIAN_POINT ( 'NONE',  ( -0.2588883505470279100, 0.4489999999999999000, -0.06175814125740272000 ) ) ;
#4199 = CARTESIAN_POINT ( 'NONE',  ( -0.2588883505470279100, 0.4499999999999999000, -0.06175814125740272000 ) ) ;
#4200 = CARTESIAN_POINT ( 'NONE',  ( -0.2565448833542625100, 0.4490000000000001200, -0.06167731265455749000 ) ) ;
#4201 = CARTESIAN_POINT ( 'NONE',  ( -0.2565448833542625100, 0.4500000000000001200, -0.06167731265455749000 ) ) ;
#4202 = CARTESIAN_POINT ( 'NONE',  ( -0.2530977629094180400, 0.4489999999999996800, -0.06097452604542209800 ) ) ;
#4203 = CARTESIAN_POINT ( 'NONE',  ( -0.2530977629094180400, 0.4499999999999996800, -0.06097452604542209800 ) ) ;
#4204 = CARTESIAN_POINT ( 'NONE',  ( -0.2497788852979722900, 0.4489999999999998400, -0.05981164970862258600 ) ) ;
#4205 = CARTESIAN_POINT ( 'NONE',  ( -0.2497788852979722900, 0.4499999999999998400, -0.05981164970862258600 ) ) ;
#4206 = CARTESIAN_POINT ( 'NONE',  ( -0.2471090777317009300, 0.4489999999999999000, -0.05849197376640633700 ) ) ;
#4207 = CARTESIAN_POINT ( 'NONE',  ( -0.2471090777317009300, 0.4499999999999999000, -0.05849197376640633700 ) ) ;
#4208 = CARTESIAN_POINT ( 'NONE',  ( -0.2450195702613631200, 0.4489999999999997900, -0.05717393331745575200 ) ) ;
#4209 = CARTESIAN_POINT ( 'NONE',  ( -0.2450195702613631200, 0.4499999999999997900, -0.05717393331745575200 ) ) ;
#4210 = CARTESIAN_POINT ( 'NONE',  ( -0.2434260636131079500, 0.4489999999999997300, -0.05597336690948880700 ) ) ;
#4211 = CARTESIAN_POINT ( 'NONE',  ( -0.2434260636131079500, 0.4499999999999997300, -0.05597336690948880700 ) ) ;
#4212 = CARTESIAN_POINT ( 'NONE',  ( -0.2418112793049203800, 0.4489999999999998400, -0.05459122094936889900 ) ) ;
#4213 = CARTESIAN_POINT ( 'NONE',  ( -0.2418112793049203800, 0.4499999999999998400, -0.05459122094936889900 ) ) ;
#4214 = CARTESIAN_POINT ( 'NONE',  ( -0.2401621920240988600, 0.4489999999999998400, -0.05302381391848838600 ) ) ;
#4215 = CARTESIAN_POINT ( 'NONE',  ( -0.2401621920240988600, 0.4499999999999998400, -0.05302381391848838600 ) ) ;
#4216 = CARTESIAN_POINT ( 'NONE',  ( -0.2385067446115514400, 0.4489999999999999000, -0.05125676388735667100 ) ) ;
#4217 = CARTESIAN_POINT ( 'NONE',  ( -0.2385067446115514400, 0.4499999999999999000, -0.05125676388735667100 ) ) ;
#4218 = CARTESIAN_POINT ( 'NONE',  ( -0.2368203602617183500, 0.4489999999999999000, -0.04930217277566458600 ) ) ;
#4219 = CARTESIAN_POINT ( 'NONE',  ( -0.2368203602617183500, 0.4499999999999999000, -0.04930217277566458600 ) ) ;
#4220 = CARTESIAN_POINT ( 'NONE',  ( -0.2350990954385556700, 0.4489999999999998400, -0.04717198546525362000 ) ) ;
#4221 = CARTESIAN_POINT ( 'NONE',  ( -0.2350990954385556700, 0.4499999999999998400, -0.04717198546525362000 ) ) ;
#4222 = CARTESIAN_POINT ( 'NONE',  ( -0.2339917851493011900, 0.4489999999999998400, -0.04565128544369612100 ) ) ;
#4223 = CARTESIAN_POINT ( 'NONE',  ( -0.2339917851493011900, 0.4499999999999998400, -0.04565128544369612100 ) ) ;
#4224 = CARTESIAN_POINT ( 'NONE',  ( -0.2334241252075571500, 0.4489999999999999000, -0.04487170225547457100 ) ) ;
#4225 = CARTESIAN_POINT ( 'NONE',  ( -0.2334241252075571500, 0.4499999999999999000, -0.04487170225547457100 ) ) ;
#4226 = CARTESIAN_POINT ( 'NONE',  ( 0.2401535991514172900, 0.4499999999999999000, 0.04332941953939724300 ) ) ;
#4227 = CARTESIAN_POINT ( 'NONE',  ( 0.2388103594766725600, 0.4499999999999999600, 0.04329649159783616900 ) ) ;
#4228 = CARTESIAN_POINT ( 'NONE',  ( 0.2361965515056420900, 0.4500000000000000100, 0.04323241716812700800 ) ) ;
#4229 = CARTESIAN_POINT ( 'NONE',  ( 0.2323920407187623500, 0.4499999999999997300, 0.04279829055163009800 ) ) ;
#4230 = CARTESIAN_POINT ( 'NONE',  ( 0.2288456672946128400, 0.4499999999999999600, 0.04203749436082307400 ) ) ;
#4231 = CARTESIAN_POINT ( 'NONE',  ( 0.2255368110575073900, 0.4499999999999999000, 0.04099621980876481200 ) ) ;
#4232 = CARTESIAN_POINT ( 'NONE',  ( 0.2224854198192388900, 0.4499999999999999600, 0.03964164185687334100 ) ) ;
#4233 = CARTESIAN_POINT ( 'NONE',  ( 0.2197001883571575400, 0.4499999999999999600, 0.03795568732123266000 ) ) ;
#4234 = CARTESIAN_POINT ( 'NONE',  ( 0.2171409320070483200, 0.4499999999999999600, 0.03600621754520092600 ) ) ;
#4235 = CARTESIAN_POINT ( 'NONE',  ( 0.2148853184765838500, 0.4499999999999998400, 0.03373724388231176500 ) ) ;
#4236 = CARTESIAN_POINT ( 'NONE',  ( 0.2128827915092599800, 0.4499999999999999600, 0.03130701895881164000 ) ) ;
#4237 = CARTESIAN_POINT ( 'NONE',  ( 0.2111237042787608200, 0.4499999999999998400, 0.02879983010850329900 ) ) ;
#4238 = CARTESIAN_POINT ( 'NONE',  ( 0.2096615877493962800, 0.4500000000000000100, 0.02621544846453038900 ) ) ;
#4239 = CARTESIAN_POINT ( 'NONE',  ( 0.2084236707395255600, 0.4499999999999997900, 0.02359240940207594700 ) ) ;
#4240 = CARTESIAN_POINT ( 'NONE',  ( 0.2074760129485593300, 0.4500000000000000700, 0.02089394785547199800 ) ) ;
#4241 = CARTESIAN_POINT ( 'NONE',  ( 0.2068196640820314500, 0.4499999999999997900, 0.01813394748023048800 ) ) ;
#4242 = CARTESIAN_POINT ( 'NONE',  ( 0.2064028265379360400, 0.4499999999999999000, 0.01531722911302632400 ) ) ;
#4243 = CARTESIAN_POINT ( 'NONE',  ( 0.2063473655407200600, 0.4499999999999999000, 0.01341632473377002800 ) ) ;
#4244 = CARTESIAN_POINT ( 'NONE',  ( 0.2063194645360327500, 0.4499999999999999000, 0.01246002851375621600 ) ) ;
#4245 = PLANE ( 'NONE',  #8212 ) ;
#4246 = CARTESIAN_POINT ( 'NONE',  ( -0.07573181751524939200, 0.4489999999999998400, 0.04076531697529468100 ) ) ;
#4247 = DIRECTION ( 'NONE',  ( -0.0000000000000000000, 0.0000000000000000000, -1.000000000000000000 ) ) ;
#4248 = DIRECTION ( 'NONE',  ( -1.000000000000000000, 0.0000000000000000000, 0.0000000000000000000 ) ) ;
#4249 = LINE ( 'NONE', #4250, #8239 ) ;
#4250 = CARTESIAN_POINT ( 'NONE',  ( 0.1217040799206480500, 0.4499999999999999000, 0.007431983641961344000 ) ) ;
#4251 = DIRECTION ( 'NONE',  ( -1.000000000000000000, 0.0000000000000000000, 0.0000000000000000000 ) ) ;
#4252 = CARTESIAN_POINT ( 'NONE',  ( -0.2826629072588391900, 0.4489999999999998400, 0.01640634261632031500 ) ) ;
#4253 = CARTESIAN_POINT ( 'NONE',  ( -0.2826629072588391900, 0.4499999999999999000, 0.01640634261632031500 ) ) ;
#4254 = CARTESIAN_POINT ( 'NONE',  ( -0.2818766719088239800, 0.4489999999999998400, 0.01772246790052340100 ) ) ;
#4255 = CARTESIAN_POINT ( 'NONE',  ( -0.2818766719088239800, 0.4499999999999999000, 0.01772246790052340100 ) ) ;
#4256 = CARTESIAN_POINT ( 'NONE',  ( -0.2803702753194451900, 0.4489999999999999000, 0.02024411315506496500 ) ) ;
#4257 = CARTESIAN_POINT ( 'NONE',  ( -0.2803702753194451900, 0.4499999999999999600, 0.02024411315506496500 ) ) ;
#4258 = CARTESIAN_POINT ( 'NONE',  ( -0.2778573793436595600, 0.4489999999999997300, 0.02365148573874428800 ) ) ;
#4259 = CARTESIAN_POINT ( 'NONE',  ( -0.2778573793436595600, 0.4499999999999997900, 0.02365148573874428800 ) ) ;
#4260 = CARTESIAN_POINT ( 'NONE',  ( -0.2752535818817763400, 0.4489999999999999000, 0.02654754736042989200 ) ) ;
#4261 = CARTESIAN_POINT ( 'NONE',  ( -0.2752535818817763400, 0.4499999999999999600, 0.02654754736042989200 ) ) ;
#4262 = CARTESIAN_POINT ( 'NONE',  ( -0.2725396009232208800, 0.4489999999999999500, 0.02891545043299645300 ) ) ;
#4263 = CARTESIAN_POINT ( 'NONE',  ( -0.2725396009232208800, 0.4500000000000000100, 0.02891545043299645300 ) ) ;
#4264 = CARTESIAN_POINT ( 'NONE',  ( -0.2697320024054386500, 0.4489999999999998400, 0.03077970434007128500 ) ) ;
#4265 = CARTESIAN_POINT ( 'NONE',  ( -0.2697320024054386500, 0.4499999999999999000, 0.03077970434007128500 ) ) ;
#4266 = CARTESIAN_POINT ( 'NONE',  ( -0.2668124580129616100, 0.4490000000000000100, 0.03209976810345833300 ) ) ;
#4267 = CARTESIAN_POINT ( 'NONE',  ( -0.2668124580129616100, 0.4500000000000000700, 0.03209976810345833300 ) ) ;
#4268 = CARTESIAN_POINT ( 'NONE',  ( -0.2637908062783490000, 0.4489999999999999000, 0.03292308168549668000 ) ) ;
#4269 = CARTESIAN_POINT ( 'NONE',  ( -0.2637908062783490000, 0.4499999999999999600, 0.03292308168549668000 ) ) ;
#4270 = CARTESIAN_POINT ( 'NONE',  ( -0.2617344113789368300, 0.4489999999999997900, 0.03302308415848696800 ) ) ;
#4271 = CARTESIAN_POINT ( 'NONE',  ( -0.2617344113789368300, 0.4499999999999998400, 0.03302308415848696800 ) ) ;
#4272 = CARTESIAN_POINT ( 'NONE',  ( -0.2607077790537109500, 0.4489999999999998400, 0.03307300928298698200 ) ) ;
#4273 = CARTESIAN_POINT ( 'NONE',  ( -0.2607077790537109500, 0.4499999999999999000, 0.03307300928298698200 ) ) ;
#4274 = PLANE ( 'NONE',  #8232 ) ;
#4275 = CARTESIAN_POINT ( 'NONE',  ( -0.1619297341819160600, 0.4489999999999998400, 0.04076531697529468100 ) ) ;
#4276 = DIRECTION ( 'NONE',  ( 0.8935318738493790400, 0.0000000000000000000, -0.4489997666093130100 ) ) ;
#4277 = DIRECTION ( 'NONE',  ( -0.4489997666093129600, 0.0000000000000000000, -0.8935318738493789300 ) ) ;
#4278 = CARTESIAN_POINT ( 'NONE',  ( -0.9750000000000000900, 0.4499999999999999000, -0.7750000000000000200 ) ) ;
#4279 = DIRECTION ( 'NONE',  ( 0.0000000000000000000, -1.000000000000000000, 0.0000000000000000000 ) ) ;
#4280 = DIRECTION ( 'NONE',  ( 0.0000000000000000000, 0.0000000000000000000, -1.000000000000000000 ) ) ;
#4281 = LINE ( 'NONE', #4282, #8285 ) ;
#4282 = CARTESIAN_POINT ( 'NONE',  ( 0.1217040799206480500, 0.4499999999999999000, -0.002824426614448918900 ) ) ;
#4283 = DIRECTION ( 'NONE',  ( 0.0000000000000000000, 0.0000000000000000000, 1.000000000000000000 ) ) ;
#4284 = CARTESIAN_POINT ( 'NONE',  ( -0.02316771495114683400, 0.4489999999999998400, -0.03241176635803865600 ) ) ;
#4285 = CARTESIAN_POINT ( 'NONE',  ( -0.02316771495114683400, 0.4499999999999999000, -0.03241176635803865600 ) ) ;
#4286 = CARTESIAN_POINT ( 'NONE',  ( -0.02317975565768852800, 0.4489999999999997300, -0.03158954416411055600 ) ) ;
#4287 = CARTESIAN_POINT ( 'NONE',  ( -0.02317975565768852800, 0.4499999999999997900, -0.03158954416411055600 ) ) ;
#4288 = CARTESIAN_POINT ( 'NONE',  ( -0.02320331411327074600, 0.4489999999999997900, -0.02998081090852567100 ) ) ;
#4289 = CARTESIAN_POINT ( 'NONE',  ( -0.02320331411327074600, 0.4499999999999998400, -0.02998081090852567100 ) ) ;
#4290 = CARTESIAN_POINT ( 'NONE',  ( -0.02348606512266621400, 0.4489999999999999000, -0.02762730267456304700 ) ) ;
#4291 = CARTESIAN_POINT ( 'NONE',  ( -0.02348606512266621400, 0.4499999999999999600, -0.02762730267456304700 ) ) ;
#4292 = CARTESIAN_POINT ( 'NONE',  ( -0.02386692774034363300, 0.4489999999999996800, -0.02537820581366026200 ) ) ;
#4293 = CARTESIAN_POINT ( 'NONE',  ( -0.02386692774034363300, 0.4499999999999997300, -0.02537820581366026200 ) ) ;
#4294 = CARTESIAN_POINT ( 'NONE',  ( -0.02445255780683515400, 0.4489999999999998400, -0.02323850722881971200 ) ) ;
#4295 = CARTESIAN_POINT ( 'NONE',  ( -0.02445255780683515400, 0.4499999999999999000, -0.02323850722881971200 ) ) ;
#4296 = CARTESIAN_POINT ( 'NONE',  ( -0.02521957703821809500, 0.4489999999999998400, -0.02122091378679781500 ) ) ;
#4297 = CARTESIAN_POINT ( 'NONE',  ( -0.02521957703821809500, 0.4499999999999999000, -0.02122091378679781500 ) ) ;
#4298 = CARTESIAN_POINT ( 'NONE',  ( -0.02611934997666639000, 0.4489999999999999500, -0.01929459287191954300 ) ) ;
#4299 = CARTESIAN_POINT ( 'NONE',  ( -0.02611934997666639000, 0.4500000000000000100, -0.01929459287191954300 ) ) ;
#4300 = CARTESIAN_POINT ( 'NONE',  ( -0.02720459370151706600, 0.4489999999999997300, -0.01749231653195962300 ) ) ;
#4301 = CARTESIAN_POINT ( 'NONE',  ( -0.02720459370151706600, 0.4499999999999997900, -0.01749231653195962300 ) ) ;
#4302 = CARTESIAN_POINT ( 'NONE',  ( -0.02845158883610281900, 0.4490000000000000100, -0.01580754174505521700 ) ) ;
#4303 = CARTESIAN_POINT ( 'NONE',  ( -0.02845158883610281900, 0.4500000000000000700, -0.01580754174505521700 ) ) ;
#4304 = CARTESIAN_POINT ( 'NONE',  ( -0.02983877724732838000, 0.4489999999999998400, -0.01423868710750757200 ) ) ;
#4305 = CARTESIAN_POINT ( 'NONE',  ( -0.02983877724732838000, 0.4499999999999999000, -0.01423868710750757200 ) ) ;
#4306 = CARTESIAN_POINT ( 'NONE',  ( -0.03136028976582151000, 0.4489999999999997300, -0.01279712155057311800 ) ) ;
#4307 = CARTESIAN_POINT ( 'NONE',  ( -0.03136028976582151000, 0.4499999999999997900, -0.01279712155057311800 ) ) ;
#4308 = CARTESIAN_POINT ( 'NONE',  ( -0.03300998383725770000, 0.4489999999999998400, -0.01149128330992948300 ) ) ;
#4309 = CARTESIAN_POINT ( 'NONE',  ( -0.03300998383725770000, 0.4499999999999999000, -0.01149128330992948300 ) ) ;
#4310 = CARTESIAN_POINT ( 'NONE',  ( -0.03478261663943950400, 0.4489999999999999000, -0.01031824491906124300 ) ) ;
#4311 = CARTESIAN_POINT ( 'NONE',  ( -0.03478261663943950400, 0.4499999999999999600, -0.01031824491906124300 ) ) ;
#4312 = CARTESIAN_POINT ( 'NONE',  ( -0.03669546946334068000, 0.4489999999999997300, -0.009305208361984507200 ) ) ;
#4313 = CARTESIAN_POINT ( 'NONE',  ( -0.03669546946334068000, 0.4499999999999997900, -0.009305208361984507200 ) ) ;
#4314 = CARTESIAN_POINT ( 'NONE',  ( -0.03871953099393914800, 0.4489999999999999500, -0.008397856792683537300 ) ) ;
#4315 = CARTESIAN_POINT ( 'NONE',  ( -0.03871953099393914800, 0.4500000000000000100, -0.008397856792683537300 ) ) ;
#4316 = CARTESIAN_POINT ( 'NONE',  ( -0.04087239432027973300, 0.4489999999999999500, -0.007635826488726556700 ) ) ;
#4317 = CARTESIAN_POINT ( 'NONE',  ( -0.04087239432027973300, 0.4500000000000000100, -0.007635826488726556700 ) ) ;
#4318 = CARTESIAN_POINT ( 'NONE',  ( -0.04236218043386169600, 0.4489999999999998400, -0.007234967590829492200 ) ) ;
#4319 = CARTESIAN_POINT ( 'NONE',  ( -0.04236218043386169600, 0.4499999999999999000, -0.007234967590829492200 ) ) ;
#4320 = CARTESIAN_POINT ( 'NONE',  ( -0.04311963802806987500, 0.4489999999999998400, -0.007031157383679684100 ) ) ;
#4321 = CARTESIAN_POINT ( 'NONE',  ( -0.04311963802806987500, 0.4499999999999999000, -0.007031157383679684100 ) ) ;
#4322 = PLANE ( 'NONE',  #8208 ) ;
#4323 = CARTESIAN_POINT ( 'NONE',  ( -0.06858037520755708200, 0.4489999999999998400, -0.005388529178551479600 ) ) ;
#4324 = DIRECTION ( 'NONE',  ( -0.0000000000000000000, 0.0000000000000000000, -1.000000000000000000 ) ) ;
#4325 = DIRECTION ( 'NONE',  ( -1.000000000000000000, 0.0000000000000000000, 0.0000000000000000000 ) ) ;
#4326 = CARTESIAN_POINT ( 'NONE',  ( 0.9750000000000000900, -0.4249999999999998800, 0.7750000000000001300 ) ) ;
#4327 = DIRECTION ( 'NONE',  ( 0.0000000000000000000, 1.000000000000000000, 0.0000000000000000000 ) ) ;
#4328 = DIRECTION ( 'NONE',  ( 1.000000000000000000, 0.0000000000000000000, 0.0000000000000000000 ) ) ;
#4329 = CARTESIAN_POINT ( 'NONE',  ( -0.2447021700793519900, 0.4489999999999998400, 0.006310188770166469200 ) ) ;
#4330 = CARTESIAN_POINT ( 'NONE',  ( -0.2447021700793519900, 0.4499999999999999000, 0.006310188770166469200 ) ) ;
#4331 = CARTESIAN_POINT ( 'NONE',  ( -0.2451499019130832800, 0.4489999999999998400, 0.005737422381499593900 ) ) ;
#4332 = CARTESIAN_POINT ( 'NONE',  ( -0.2451499019130832800, 0.4499999999999999000, 0.005737422381499593900 ) ) ;
#4333 = CARTESIAN_POINT ( 'NONE',  ( -0.2460898588927953300, 0.4489999999999998400, 0.004534970993834875700 ) ) ;
#4334 = CARTESIAN_POINT ( 'NONE',  ( -0.2460898588927953300, 0.4499999999999999000, 0.004534970993834875700 ) ) ;
#4335 = CARTESIAN_POINT ( 'NONE',  ( -0.2477057878240244700, 0.4489999999999999000, 0.002745107123107952800 ) ) ;
#4336 = CARTESIAN_POINT ( 'NONE',  ( -0.2477057878240244700, 0.4499999999999999600, 0.002745107123107952800 ) ) ;
#4337 = CARTESIAN_POINT ( 'NONE',  ( -0.2496019625184640900, 0.4489999999999998400, 0.0008988665816207077700 ) ) ;
#4338 = CARTESIAN_POINT ( 'NONE',  ( -0.2496019625184640900, 0.4499999999999999000, 0.0008988665816207077700 ) ) ;
#4339 = CARTESIAN_POINT ( 'NONE',  ( -0.2517134926587975000, 0.4489999999999997900, -0.001074249331217480300 ) ) ;
#4340 = CARTESIAN_POINT ( 'NONE',  ( -0.2517134926587975000, 0.4499999999999998400, -0.001074249331217480300 ) ) ;
#4341 = CARTESIAN_POINT ( 'NONE',  ( -0.2541172951971006300, 0.4489999999999998400, -0.003082472093732871900 ) ) ;
#4342 = CARTESIAN_POINT ( 'NONE',  ( -0.2541172951971006300, 0.4499999999999999000, -0.003082472093732871900 ) ) ;
#4343 = CARTESIAN_POINT ( 'NONE',  ( -0.2567380813229049900, 0.4489999999999997900, -0.005221565749131458300 ) ) ;
#4344 = CARTESIAN_POINT ( 'NONE',  ( -0.2567380813229049900, 0.4499999999999998400, -0.005221565749131458300 ) ) ;
#4345 = CARTESIAN_POINT ( 'NONE',  ( -0.2596427630076514300, 0.4489999999999997300, -0.007410182236179343000 ) ) ;
#4346 = CARTESIAN_POINT ( 'NONE',  ( -0.2596427630076514300, 0.4499999999999997900, -0.007410182236179343000 ) ) ;
#4347 = CARTESIAN_POINT ( 'NONE',  ( -0.2616798914824513000, 0.4489999999999999000, -0.008877969823223735200 ) ) ;
#4348 = CARTESIAN_POINT ( 'NONE',  ( -0.2616798914824513000, 0.4499999999999999600, -0.008877969823223735200 ) ) ;
#4349 = CARTESIAN_POINT ( 'NONE',  ( -0.2627310162331981700, 0.4489999999999998400, -0.009635324050346356200 ) ) ;
#4350 = CARTESIAN_POINT ( 'NONE',  ( -0.2627310162331981700, 0.4499999999999999000, -0.009635324050346356200 ) ) ;
#4351 = CARTESIAN_POINT ( 'NONE',  ( -0.2321420739255058200, 0.4489999999999998400, 0.01626611825734596000 ) ) ;
#4352 = CARTESIAN_POINT ( 'NONE',  ( -0.2321420739255058200, 0.4499999999999997900, 0.01626611825734596000 ) ) ;
#4353 = CARTESIAN_POINT ( 'NONE',  ( -0.2321608493004760600, 0.4489999999999999000, 0.01716264297436283200 ) ) ;
#4354 = CARTESIAN_POINT ( 'NONE',  ( -0.2321608493004760600, 0.4499999999999998400, 0.01716264297436283200 ) ) ;
#4355 = CARTESIAN_POINT ( 'NONE',  ( -0.2321980354453209400, 0.4489999999999997900, 0.01893828250416572000 ) ) ;
#4356 = CARTESIAN_POINT ( 'NONE',  ( -0.2321980354453209400, 0.4499999999999997300, 0.01893828250416572000 ) ) ;
#4357 = CARTESIAN_POINT ( 'NONE',  ( -0.2326254901247101200, 0.4489999999999999500, 0.02154557041508318000 ) ) ;
#4358 = CARTESIAN_POINT ( 'NONE',  ( -0.2326254901247101200, 0.4499999999999999000, 0.02154557041508318000 ) ) ;
#4359 = CARTESIAN_POINT ( 'NONE',  ( -0.2332517662722120600, 0.4489999999999999000, 0.02407788097748194600 ) ) ;
#4360 = CARTESIAN_POINT ( 'NONE',  ( -0.2332517662722120600, 0.4499999999999998400, 0.02407788097748194600 ) ) ;
#4361 = CARTESIAN_POINT ( 'NONE',  ( -0.2341956872422276700, 0.4489999999999999000, 0.02650391276162518400 ) ) ;
#4362 = CARTESIAN_POINT ( 'NONE',  ( -0.2341956872422276700, 0.4499999999999998400, 0.02650391276162518400 ) ) ;
#4363 = CARTESIAN_POINT ( 'NONE',  ( -0.2353477774782246300, 0.4489999999999997900, 0.02886804883829506600 ) ) ;
#4364 = CARTESIAN_POINT ( 'NONE',  ( -0.2353477774782246300, 0.4499999999999997300, 0.02886804883829506600 ) ) ;
#4365 = CARTESIAN_POINT ( 'NONE',  ( -0.2368096702743970100, 0.4490000000000001200, 0.03110827456432142100 ) ) ;
#4366 = CARTESIAN_POINT ( 'NONE',  ( -0.2368096702743970100, 0.4500000000000000700, 0.03110827456432142100 ) ) ;
#4367 = CARTESIAN_POINT ( 'NONE',  ( -0.2385041755526166300, 0.4489999999999999000, 0.03327417166680560200 ) ) ;
#4368 = CARTESIAN_POINT ( 'NONE',  ( -0.2385041755526166300, 0.4499999999999998400, 0.03327417166680560200 ) ) ;
#4369 = CARTESIAN_POINT ( 'NONE',  ( -0.2404479974070276600, 0.4489999999999998400, 0.03530798570552406300 ) ) ;
#4370 = CARTESIAN_POINT ( 'NONE',  ( -0.2404479974070276600, 0.4499999999999997900, 0.03530798570552406300 ) ) ;
#4371 = PRODUCT_DEFINITION ( 'UNKNOWN', '', #4746, #2142 ) ;
#4372 = COLOUR_RGB ( '',1.000000000000000000, 1.000000000000000000, 1.000000000000000000 ) ;
#4373 = PRODUCT_RELATED_PRODUCT_CATEGORY ( 'part', '', ( #4745 ) ) ;
#4374 = EDGE_CURVE ( 'NONE', #9064, #5008, #6823, .T. ) ;
#4375 = EDGE_CURVE ( 'NONE', #7872, #6308, #6827, .T. ) ;
#4376 = EDGE_CURVE ( 'NONE', #8723, #5007, #6830, .T. ) ;
#4377 = ADVANCED_FACE ( 'NONE', ( #8259 ), #6826, .F. ) ;
#4378 = ADVANCED_FACE ( 'NONE', ( #8349 ), #2901, .T. ) ;
#4379 = EDGE_CURVE ( 'NONE', #4999, #9064, #6883, .T. ) ;
#4380 = EDGE_CURVE ( 'NONE', #1106, #4977, #6886, .T. ) ;
#4381 = EDGE_CURVE ( 'NONE', #4949, #5030, #6889, .T. ) ;
#4382 = ADVANCED_FACE ( 'NONE', ( #8295 ), #2902, .T. ) ;
#4383 = ADVANCED_FACE ( 'NONE', ( #8328 ), #2908, .T. ) ;
#4384 = ADVANCED_FACE ( 'NONE', ( #8338 ), #2940, .T. ) ;
#4385 = EDGE_CURVE ( 'NONE', #6327, #7860, #6970, .T. ) ;
#4386 = ADVANCED_FACE ( 'NONE', ( #8348 ), #2937, .T. ) ;
#4387 = COLOUR_RGB ( '',1.000000000000000000, 1.000000000000000000, 1.000000000000000000 ) ;
#4388 = CIRCLE ( 'NONE', #2192, 0.02499999999999995600 ) ;
#4389 = COLOUR_RGB ( '',0.2509803921568627400, 0.2509803921568627400, 0.2509803921568627400 ) ;
#4390 = COLOUR_RGB ( '',0.2509803921568627400, 0.2509803921568627400, 0.2509803921568627400 ) ;
#4391 = COLOUR_RGB ( '',0.2509803921568627400, 0.2509803921568627400, 0.2509803921568627400 ) ;
#4392 = COLOUR_RGB ( '',0.2509803921568627400, 0.2509803921568627400, 0.2509803921568627400 ) ;
#4393 = CIRCLE ( 'NONE', #5973, 0.02499999999999995600 ) ;
#4394 = CIRCLE ( 'NONE', #6015, 0.02499999999999995600 ) ;
#4395 = CIRCLE ( 'NONE', #5952, 0.02499999999999995600 ) ;
#4396 = CIRCLE ( 'NONE', #5949, 0.02499999999999995600 ) ;
#4397 = CIRCLE ( 'NONE', #5989, 0.02499999999999995600 ) ;
#4398 = CIRCLE ( 'NONE', #5986, 0.02499999999999995600 ) ;
#4399 = CIRCLE ( 'NONE', #2268, 0.02499999999999995600 ) ;
#4400 = EDGE_CURVE ( 'NONE', #6315, #8723, #2156, .T. ) ;
#4401 = CIRCLE ( 'NONE', #2252, 0.02499999999999995600 ) ;
#4402 = CIRCLE ( 'NONE', #2235, 0.02499999999999995600 ) ;
#4403 = CIRCLE ( 'NONE', #2259, 0.02499999999999995600 ) ;
#4404 = COLOUR_RGB ( '',0.2509803921568627400, 0.2509803921568627400, 0.2509803921568627400 ) ;
#4405 = COLOUR_RGB ( '',0.2509803921568627400, 0.2509803921568627400, 0.2509803921568627400 ) ;
#4406 = COLOUR_RGB ( '',0.2509803921568627400, 0.2509803921568627400, 0.2509803921568627400 ) ;
#4407 = COLOUR_RGB ( '',0.2509803921568627400, 0.2509803921568627400, 0.2509803921568627400 ) ;
#4408 = COLOUR_RGB ( '',0.2509803921568627400, 0.2509803921568627400, 0.2509803921568627400 ) ;
#4409 = EDGE_CURVE ( 'NONE', #7860, #6322, #803, .T. ) ;
#4410 = COLOUR_RGB ( '',0.2509803921568627400, 0.2509803921568627400, 0.2509803921568627400 ) ;
#4411 = EDGE_CURVE ( 'NONE', #8770, #5008, #806, .T. ) ;
#4412 = EDGE_CURVE ( 'NONE', #6322, #9064, #809, .T. ) ;
#4413 = EDGE_CURVE ( 'NONE', #8770, #6331, #812, .T. ) ;
#4414 = EDGE_CURVE ( 'NONE', #6322, #8770, #815, .T. ) ;
#4415 = CIRCLE ( 'NONE', #9039, 0.02499999999999995600 ) ;
#4416 = CIRCLE ( 'NONE', #9059, 0.02499999999999995600 ) ;
#4417 = CIRCLE ( 'NONE', #5962, 0.02499999999999995600 ) ;
#4418 = CIRCLE ( 'NONE', #9051, 0.02499999999999995600 ) ;
#4419 = CIRCLE ( 'NONE', #5961, 0.02500000000000001200 ) ;
#4420 = CIRCLE ( 'NONE', #5958, 0.02499999999999995600 ) ;
#4421 = CIRCLE ( 'NONE', #5964, 0.02499999999999995600 ) ;
#4422 = CIRCLE ( 'NONE', #6003, 0.02499999999999995600 ) ;
#4423 = CIRCLE ( 'NONE', #9036, 0.02499999999999995600 ) ;
#4424 = CIRCLE ( 'NONE', #5970, 0.02499999999999995600 ) ;
#4425 = CIRCLE ( 'NONE', #6004, 0.02499999999999995600 ) ;
#4426 = CIRCLE ( 'NONE', #5977, 0.02499999999999995600 ) ;
#4427 = CIRCLE ( 'NONE', #5953, 0.02499999999999995600 ) ;
#4428 = CIRCLE ( 'NONE', #5979, 0.02499999999999995600 ) ;
#4429 = CIRCLE ( 'NONE', #5976, 0.02499999999999995600 ) ;
#4430 = CIRCLE ( 'NONE', #6008, 0.02499999999999995600 ) ;
#4431 = CIRCLE ( 'NONE', #9053, 0.02499999999999995600 ) ;
#4432 = EDGE_CURVE ( 'NONE', #5007, #5030, #2150, .T. ) ;
#4433 = EDGE_CURVE ( 'NONE', #5014, #8718, #833, .T. ) ;
#4434 = EDGE_CURVE ( 'NONE', #8735, #8705, #836, .T. ) ;
#4435 = EDGE_CURVE ( 'NONE', #4959, #7876, #2147, .T. ) ;
#4436 = EDGE_CURVE ( 'NONE', #9065, #4959, #2151, .T. ) ;
#4437 = EDGE_CURVE ( 'NONE', #4959, #4984, #869, .T. ) ;
#4438 = EDGE_CURVE ( 'NONE', #4974, #7856, #872, .T. ) ;
#4439 = EDGE_CURVE ( 'NONE', #6340, #4997, #875, .T. ) ;
#4440 = EDGE_CURVE ( 'NONE', #5014, #4974, #2154, .T. ) ;
#4441 = EDGE_CURVE ( 'NONE', #5048, #5014, #2153, .T. ) ;
#4442 = EDGE_CURVE ( 'NONE', #4974, #8735, #2155, .T. ) ;
#4443 = EDGE_CURVE ( 'NONE', #9067, #8715, #3805, .T. ) ;
#4444 = EDGE_CURVE ( 'NONE', #7868, #7878, #3806, .T. ) ;
#4445 = ADVANCED_FACE ( 'NONE', ( #8351 ), #2933, .T. ) ;
#4446 = EDGE_CURVE ( 'NONE', #7873, #6311, #3808, .T. ) ;
#4447 = ADVANCED_FACE ( 'NONE', ( #8346 ), #2929, .T. ) ;
#4448 = ADVANCED_FACE ( 'NONE', ( #8297 ), #2905, .T. ) ;
#4449 = ADVANCED_FACE ( 'NONE', ( #8325 ), #2903, .T. ) ;
#4450 = ADVANCED_FACE ( 'NONE', ( #8334 ), #2932, .T. ) ;
#4451 = EDGE_CURVE ( 'NONE', #4997, #1099, #412, .T. ) ;
#4452 = ADVANCED_FACE ( 'NONE', ( #8302 ), #415, .F. ) ;
#4453 = ADVANCED_FACE ( 'NONE', ( #8303 ), #419, .T. ) ;
#4454 = ADVANCED_FACE ( 'NONE', ( #8314 ), #423, .T. ) ;
#4455 = ADVANCED_FACE ( 'NONE', ( #8331 ), #2931, .T. ) ;
#4456 = ADVANCED_FACE ( 'NONE', ( #8321 ), #2906, .T. ) ;
#4457 = ADVANCED_FACE ( 'NONE', ( #8308 ), #495, .T. ) ;
#4458 = EDGE_CURVE ( 'NONE', #4963, #6318, #499, .T. ) ;
#4459 = ADVANCED_FACE ( 'NONE', ( #8335, #8319 ), #502, .T. ) ;
#4460 = EDGE_CURVE ( 'NONE', #7857, #8737, #506, .T. ) ;
#4461 = EDGE_CURVE ( 'NONE', #4963, #7857, #3803, .T. ) ;
#4462 = EDGE_CURVE ( 'NONE', #6321, #5026, #537, .T. ) ;
#4463 = EDGE_CURVE ( 'NONE', #6336, #4963, #4718, .T. ) ;
#4464 = EDGE_CURVE ( 'NONE', #4949, #7859, #3807, .T. ) ;
#4465 = EDGE_CURVE ( 'NONE', #6321, #6336, #4715, .T. ) ;
#4466 = EDGE_CURVE ( 'NONE', #8723, #4949, #4716, .T. ) ;
#4467 = EDGE_CURVE ( 'NONE', #7857, #6321, #7036, .T. ) ;
#4468 = EDGE_CURVE ( 'NONE', #7859, #7863, #2144, .T. ) ;
#4469 = EDGE_CURVE ( 'NONE', #5040, #8761, #2425, .T. ) ;
#4470 = CIRCLE ( 'NONE', #5984, 0.02499999999999995600 ) ;
#4471 = EDGE_CURVE ( 'NONE', #6329, #1096, #2428, .T. ) ;
#4472 = EDGE_CURVE ( 'NONE', #1096, #4951, #2431, .T. ) ;
#4473 = EDGE_CURVE ( 'NONE', #9069, #6329, #2434, .T. ) ;
#4474 = EDGE_CURVE ( 'NONE', #6329, #4990, #2437, .T. ) ;
#4475 = EDGE_CURVE ( 'NONE', #7866, #5037, #2440, .T. ) ;
#4476 = EDGE_CURVE ( 'NONE', #9069, #8746, #2443, .T. ) ;
#4477 = EDGE_CURVE ( 'NONE', #7871, #7866, #2446, .T. ) ;
#4478 = EDGE_CURVE ( 'NONE', #7866, #8725, #2449, .T. ) ;
#4479 = EDGE_CURVE ( 'NONE', #6330, #7871, #2452, .T. ) ;
#4480 = EDGE_CURVE ( 'NONE', #7871, #6346, #2455, .T. ) ;
#4481 = EDGE_CURVE ( 'NONE', #6316, #6330, #2458, .T. ) ;
#4482 = EDGE_CURVE ( 'NONE', #6330, #5000, #2461, .T. ) ;
#4483 = EDGE_CURVE ( 'NONE', #6316, #5012, #2464, .T. ) ;
#4484 = EDGE_CURVE ( 'NONE', #5025, #8727, #2467, .T. ) ;
#4485 = EDGE_CURVE ( 'NONE', #5025, #5044, #2470, .T. ) ;
#4486 = EDGE_CURVE ( 'NONE', #5044, #8768, #2473, .T. ) ;
#4487 = EDGE_CURVE ( 'NONE', #5044, #7861, #2476, .T. ) ;
#4488 = EDGE_CURVE ( 'NONE', #7861, #6316, #2479, .T. ) ;
#4489 = EDGE_CURVE ( 'NONE', #7861, #5047, #2482, .T. ) ;
#4490 = EDGE_CURVE ( 'NONE', #4975, #1105, #2485, .T. ) ;
#4491 = EDGE_CURVE ( 'NONE', #4975, #5025, #2488, .T. ) ;
#4492 = EDGE_CURVE ( 'NONE', #5001, #4975, #2491, .T. ) ;
#4493 = EDGE_CURVE ( 'NONE', #8716, #8718, #3804, .T. ) ;
#4494 = COLOUR_RGB ( '',0.2509803921568627400, 0.2509803921568627400, 0.2509803921568627400 ) ;
#4495 = EDGE_CURVE ( 'NONE', #8713, #8717, #2513, .T. ) ;
#4496 = EDGE_CURVE ( 'NONE', #5001, #5011, #2516, .T. ) ;
#4497 = EDGE_CURVE ( 'NONE', #8713, #5001, #2519, .T. ) ;
#4498 = EDGE_CURVE ( 'NONE', #7855, #5003, #2522, .T. ) ;
#4499 = EDGE_CURVE ( 'NONE', #7855, #8713, #2525, .T. ) ;
#4500 = EDGE_CURVE ( 'NONE', #5037, #7853, #2528, .T. ) ;
#4501 = EDGE_CURVE ( 'NONE', #5037, #7855, #2531, .T. ) ;
#4502 = EDGE_CURVE ( 'NONE', #9066, #5043, #2534, .T. ) ;
#4503 = EDGE_CURVE ( 'NONE', #8751, #9066, #2537, .T. ) ;
#4504 = EDGE_CURVE ( 'NONE', #5043, #4970, #8166, .T. ) ;
#4505 = EDGE_CURVE ( 'NONE', #8747, #9066, #2559, .T. ) ;
#4506 = EDGE_CURVE ( 'NONE', #6333, #8751, #2562, .T. ) ;
#4507 = EDGE_CURVE ( 'NONE', #4970, #5032, #8168, .T. ) ;
#4508 = EDGE_CURVE ( 'NONE', #5049, #5043, #2584, .T. ) ;
#4509 = EDGE_CURVE ( 'NONE', #5032, #8751, #2587, .T. ) ;
#4510 = EDGE_CURVE ( 'NONE', #8711, #4970, #2590, .T. ) ;
#4511 = EDGE_CURVE ( 'NONE', #4983, #6333, #2593, .T. ) ;
#4512 = EDGE_CURVE ( 'NONE', #4983, #5032, #2596, .T. ) ;
#4513 = EDGE_CURVE ( 'NONE', #8747, #5049, #2599, .T. ) ;
#4514 = EDGE_CURVE ( 'NONE', #6333, #8747, #2602, .T. ) ;
#4515 = EDGE_CURVE ( 'NONE', #8711, #4983, #8170, .T. ) ;
#4516 = EDGE_CURVE ( 'NONE', #1108, #8759, #7289, .T. ) ;
#4517 = EDGE_CURVE ( 'NONE', #5049, #8711, #8167, .T. ) ;
#4518 = EDGE_CURVE ( 'NONE', #1096, #5040, #7311, .T. ) ;
#4519 = EDGE_CURVE ( 'NONE', #8706, #1108, #7314, .T. ) ;
#4520 = EDGE_CURVE ( 'NONE', #6342, #6323, #7317, .T. ) ;
#4521 = EDGE_CURVE ( 'NONE', #1108, #8719, #7320, .T. ) ;
#4522 = EDGE_CURVE ( 'NONE', #6335, #8740, #7323, .T. ) ;
#4523 = EDGE_CURVE ( 'NONE', #8706, #4971, #7326, .T. ) ;
#4524 = EDGE_CURVE ( 'NONE', #6342, #6335, #8172, .T. ) ;
#4525 = EDGE_CURVE ( 'NONE', #6345, #4986, #7340, .T. ) ;
#4526 = EDGE_CURVE ( 'NONE', #6345, #6342, #8171, .T. ) ;
#4527 = EDGE_CURVE ( 'NONE', #6332, #6345, #8173, .T. ) ;
#4528 = EDGE_CURVE ( 'NONE', #8769, #8753, #7381, .T. ) ;
#4529 = EDGE_CURVE ( 'NONE', #5039, #8738, #7384, .T. ) ;
#4530 = EDGE_CURVE ( 'NONE', #6332, #9062, #7387, .T. ) ;
#4531 = EDGE_CURVE ( 'NONE', #6335, #8706, #7390, .T. ) ;
#4532 = EDGE_CURVE ( 'NONE', #5039, #8769, #7393, .T. ) ;
#4533 = EDGE_CURVE ( 'NONE', #8719, #5039, #7396, .T. ) ;
#4534 = EDGE_CURVE ( 'NONE', #8769, #6332, #8169, .T. ) ;
#4535 = EDGE_CURVE ( 'NONE', #5051, #4962, #7410, .T. ) ;
#4536 = EDGE_CURVE ( 'NONE', #6310, #7869, #7413, .T. ) ;
#4537 = EDGE_CURVE ( 'NONE', #8719, #6339, #7416, .T. ) ;
#4538 = EDGE_CURVE ( 'NONE', #6310, #1106, #7419, .T. ) ;
#4539 = ADVANCED_FACE ( 'NONE', ( #6635 ), #7409, .T. ) ;
#4540 = ADVANCED_FACE ( 'NONE', ( #6672 ), #7425, .T. ) ;
#4541 = ADVANCED_FACE ( 'NONE', ( #6680 ), #7429, .T. ) ;
#4542 = ADVANCED_FACE ( 'NONE', ( #6646 ), #7433, .T. ) ;
#4543 = ADVANCED_FACE ( 'NONE', ( #6673 ), #7437, .T. ) ;
#4544 = ADVANCED_FACE ( 'NONE', ( #6644 ), #7441, .T. ) ;
#4545 = ADVANCED_FACE ( 'NONE', ( #6664 ), #7445, .T. ) ;
#4546 = ADVANCED_FACE ( 'NONE', ( #6688 ), #7449, .T. ) ;
#4547 = ADVANCED_FACE ( 'NONE', ( #6642 ), #7453, .T. ) ;
#4548 = ADVANCED_FACE ( 'NONE', ( #6667 ), #7466, .F. ) ;
#4549 = ADVANCED_FACE ( 'NONE', ( #6693 ), #7470, .T. ) ;
#4550 = ADVANCED_FACE ( 'NONE', ( #2211 ), #7474, .T. ) ;
#4551 = ADVANCED_FACE ( 'NONE', ( #2222 ), #7478, .T. ) ;
#4552 = ADVANCED_FACE ( 'NONE', ( #2198 ), #7482, .T. ) ;
#4553 = ADVANCED_FACE ( 'NONE', ( #2170 ), #7486, .F. ) ;
#4554 = ADVANCED_FACE ( 'NONE', ( #2177 ), #7490, .T. ) ;
#4555 = EDGE_CURVE ( 'NONE', #7873, #8758, #7494, .T. ) ;
#4556 = ADVANCED_FACE ( 'NONE', ( #2189 ), #7497, .T. ) ;
#4557 = ADVANCED_FACE ( 'NONE', ( #2202 ), #2949, .T. ) ;
#4558 = EDGE_CURVE ( 'NONE', #7863, #8767, #7539, .T. ) ;
#4559 = EDGE_CURVE ( 'NONE', #7863, #6315, #8177, .T. ) ;
#4560 = EDGE_CURVE ( 'NONE', #7876, #8756, #2619, .T. ) ;
#4561 = EDGE_CURVE ( 'NONE', #8704, #4958, #8178, .T. ) ;
#4562 = EDGE_CURVE ( 'NONE', #7856, #8705, #8174, .T. ) ;
#4563 = ADVANCED_FACE ( 'NONE', ( #2232 ), #2659, .T. ) ;
#4564 = ADVANCED_FACE ( 'NONE', ( #2167 ), #2663, .T. ) ;
#4565 = ADVANCED_FACE ( 'NONE', ( #2158 ), #2667, .T. ) ;
#4566 = ADVANCED_FACE ( 'NONE', ( #2204 ), #2952, .T. ) ;
#4567 = ADVANCED_FACE ( 'NONE', ( #2225 ), #2943, .T. ) ;
#4568 = ADVANCED_FACE ( 'NONE', ( #2188 ), #2779, .F. ) ;
#4569 = ADVANCED_FACE ( 'NONE', ( #2164 ), #2942, .T. ) ;
#4570 = ADVANCED_FACE ( 'NONE', ( #2165, #2219 ), #2837, .T. ) ;
#4571 = ADVANCED_FACE ( 'NONE', ( #2220 ), #2950, .T. ) ;
#4572 = ADVANCED_FACE ( 'NONE', ( #2218 ), #2944, .T. ) ;
#4573 = ADVANCED_FACE ( 'NONE', ( #2214 ), #2945, .T. ) ;
#4574 = ADVANCED_FACE ( 'NONE', ( #2221 ), #2938, .T. ) ;
#4575 = ADVANCED_FACE ( 'NONE', ( #2216 ), #2904, .T. ) ;
#4576 = ADVANCED_FACE ( 'NONE', ( #2209 ), #3972, .F. ) ;
#4577 = ADVANCED_FACE ( 'NONE', ( #2229 ), #2951, .T. ) ;
#4578 = EDGE_CURVE ( 'NONE', #7870, #1101, #4006, .T. ) ;
#4579 = EDGE_CURVE ( 'NONE', #4958, #6338, #8175, .T. ) ;
#4580 = EDGE_CURVE ( 'NONE', #1102, #8762, #4028, .T. ) ;
#4581 = ADVANCED_FACE ( 'NONE', ( #2217 ), #2941, .T. ) ;
#4582 = EDGE_CURVE ( 'NONE', #4969, #5023, #4053, .T. ) ;
#4583 = EDGE_CURVE ( 'NONE', #4969, #1102, #4057, .T. ) ;
#4584 = EDGE_CURVE ( 'NONE', #8771, #6334, #4060, .T. ) ;
#4585 = EDGE_CURVE ( 'NONE', #6334, #5004, #4063, .T. ) ;
#4586 = EDGE_CURVE ( 'NONE', #6325, #7867, #4388, .T. ) ;
#4587 = EDGE_CURVE ( 'NONE', #8734, #8731, #4068, .T. ) ;
#4588 = ADVANCED_FACE ( 'NONE', ( #2203 ), #2934, .T. ) ;
#4589 = EDGE_CURVE ( 'NONE', #7876, #7864, #8181, .T. ) ;
#4590 = ADVANCED_FACE ( 'NONE', ( #2193 ), #2948, .T. ) ;
#4591 = ADVANCED_FACE ( 'NONE', ( #2199 ), #2935, .T. ) ;
#4592 = ADVANCED_FACE ( 'NONE', ( #2200 ), #2907, .T. ) ;
#4593 = ADVANCED_FACE ( 'NONE', ( #2196 ), #2939, .T. ) ;
#4594 = ADVANCED_FACE ( 'NONE', ( #2207 ), #2936, .T. ) ;
#4595 = ADVANCED_FACE ( 'NONE', ( #2181 ), #2946, .T. ) ;
#4596 = ADVANCED_FACE ( 'NONE', ( #2206 ), #2947, .T. ) ;
#4597 = ADVANCED_FACE ( 'NONE', ( #2162 ), #8696, .T. ) ;
#4598 = EDGE_CURVE ( 'NONE', #6327, #5046, #1156, .T. ) ;
#4599 = EDGE_CURVE ( 'NONE', #1100, #8732, #1160, .T. ) ;
#4600 = EDGE_CURVE ( 'NONE', #5004, #5033, #1163, .T. ) ;
#4601 = EDGE_CURVE ( 'NONE', #8709, #5007, #8182, .T. ) ;
#4602 = EDGE_CURVE ( 'NONE', #7859, #8765, #1189, .T. ) ;
#4603 = EDGE_CURVE ( 'NONE', #5033, #8750, #1192, .T. ) ;
#4604 = EDGE_CURVE ( 'NONE', #6334, #4960, #1195, .T. ) ;
#4605 = EDGE_CURVE ( 'NONE', #5030, #8765, #8179, .T. ) ;
#4606 = EDGE_CURVE ( 'NONE', #1107, #4965, #8183, .T. ) ;
#4607 = EDGE_CURVE ( 'NONE', #6315, #8709, #1220, .T. ) ;
#4608 = EDGE_CURVE ( 'NONE', #7872, #7873, #8184, .T. ) ;
#4609 = EDGE_CURVE ( 'NONE', #8767, #8709, #8185, .T. ) ;
#4610 = EDGE_CURVE ( 'NONE', #7878, #1100, #2149, .T. ) ;
#4611 = EDGE_CURVE ( 'NONE', #8765, #8767, #7035, .T. ) ;
#4612 = ADVANCED_FACE ( 'NONE', ( #2184 ), #8700, .T. ) ;
#4613 = EDGE_CURVE ( 'NONE', #8739, #6326, #1336, .T. ) ;
#4614 = EDGE_CURVE ( 'NONE', #8739, #6343, #1694, .T. ) ;
#4615 = EDGE_CURVE ( 'NONE', #4944, #8728, #1355, .T. ) ;
#4616 = EDGE_CURVE ( 'NONE', #6312, #4944, #1692, .T. ) ;
#4617 = EDGE_CURVE ( 'NONE', #6312, #8729, #1365, .T. ) ;
#4618 = EDGE_CURVE ( 'NONE', #8734, #7858, #1695, .T. ) ;
#4619 = ADVANCED_FACE ( 'NONE', ( #2183 ), #8692, .T. ) ;
#4620 = ADVANCED_FACE ( 'NONE', ( #2182, #2172 ), #6363, .T. ) ;
#4621 = ADVANCED_FACE ( 'NONE', ( #2227 ), #8697, .T. ) ;
#4622 = EDGE_CURVE ( 'NONE', #4960, #5033, #6421, .T. ) ;
#4623 = EDGE_CURVE ( 'NONE', #8771, #8750, #6425, .T. ) ;
#4624 = EDGE_CURVE ( 'NONE', #8718, #7856, #1696, .T. ) ;
#4625 = EDGE_CURVE ( 'NONE', #4965, #4994, #6443, .T. ) ;
#4626 = EDGE_CURVE ( 'NONE', #1107, #6314, #6446, .T. ) ;
#4627 = EDGE_CURVE ( 'NONE', #4944, #1107, #1693, .T. ) ;
#4628 = EDGE_CURVE ( 'NONE', #7858, #8730, #6460, .T. ) ;
#4629 = EDGE_CURVE ( 'NONE', #7860, #4999, #6463, .T. ) ;
#4630 = CIRCLE ( 'NONE', #5967, 0.02499999999999995600 ) ;
#4631 = EDGE_CURVE ( 'NONE', #7858, #6312, #1697, .T. ) ;
#4632 = EDGE_CURVE ( 'NONE', #6325, #6324, #4695, .T. ) ;
#4633 = EDGE_CURVE ( 'NONE', #1100, #8734, #6483, .T. ) ;
#4634 = EDGE_CURVE ( 'NONE', #5015, #4952, #6486, .T. ) ;
#4635 = EDGE_CURVE ( 'NONE', #9063, #5038, #6489, .T. ) ;
#4636 = EDGE_CURVE ( 'NONE', #4952, #9063, #6492, .T. ) ;
#4637 = EDGE_CURVE ( 'NONE', #6320, #5028, #6495, .T. ) ;
#4638 = EDGE_CURVE ( 'NONE', #1102, #6320, #6498, .T. ) ;
#4639 = EDGE_CURVE ( 'NONE', #5015, #4976, #6501, .T. ) ;
#4640 = EDGE_CURVE ( 'NONE', #6320, #1103, #6504, .T. ) ;
#4641 = EDGE_CURVE ( 'NONE', #4952, #8763, #6507, .T. ) ;
#4642 = EDGE_CURVE ( 'NONE', #5028, #8724, #6510, .T. ) ;
#4643 = EDGE_CURVE ( 'NONE', #8724, #5015, #6513, .T. ) ;
#4644 = EDGE_CURVE ( 'NONE', #9063, #4969, #6516, .T. ) ;
#4645 = EDGE_CURVE ( 'NONE', #5028, #1104, #6519, .T. ) ;
#4646 = EDGE_CURVE ( 'NONE', #6331, #8754, #6522, .T. ) ;
#4647 = EDGE_CURVE ( 'NONE', #8724, #8736, #6525, .T. ) ;
#4648 = EDGE_CURVE ( 'NONE', #5034, #4993, #6528, .T. ) ;
#4649 = EDGE_CURVE ( 'NONE', #6331, #7870, #6531, .T. ) ;
#4650 = EDGE_CURVE ( 'NONE', #7865, #4950, #6534, .T. ) ;
#4651 = EDGE_CURVE ( 'NONE', #7869, #4977, #6537, .T. ) ;
#4652 = EDGE_CURVE ( 'NONE', #5034, #4948, #6540, .T. ) ;
#4653 = EDGE_CURVE ( 'NONE', #7865, #5034, #6543, .T. ) ;
#4654 = ADVANCED_FACE ( 'NONE', ( #9011 ), #8693, .T. ) ;
#4655 = EDGE_CURVE ( 'NONE', #4993, #6340, #6584, .T. ) ;
#4656 = EDGE_CURVE ( 'NONE', #4993, #5051, #6588, .T. ) ;
#4657 = ADVANCED_FACE ( 'NONE', ( #8996, #9030, #9002 ), #6587, .T. ) ;
#4658 = EDGE_CURVE ( 'NONE', #7869, #7865, #6594, .T. ) ;
#4659 = ADVANCED_FACE ( 'NONE', ( #9007 ), #8698, .T. ) ;
#4660 = ADVANCED_FACE ( 'NONE', ( #9000 ), #8691, .T. ) ;
#4661 = ADVANCED_FACE ( 'NONE', ( #7014 ), #8699, .T. ) ;
#4662 = ADVANCED_FACE ( 'NONE', ( #7011 ), #8701, .T. ) ;
#4663 = ADVANCED_FACE ( 'NONE', ( #7009 ), #8690, .T. ) ;
#4664 = EDGE_CURVE ( 'NONE', #7864, #4978, #5482, .T. ) ;
#4665 = ADVANCED_FACE ( 'NONE', ( #6996 ), #8689, .T. ) ;
#4666 = ADVANCED_FACE ( 'NONE', ( #7012 ), #8695, .T. ) ;
#4667 = ADVANCED_FACE ( 'NONE', ( #6997 ), #5570, .F. ) ;
#4668 = COLOUR_RGB ( '',0.2509803921568627400, 0.2509803921568627400, 0.2509803921568627400 ) ;
#4669 = ADVANCED_FACE ( 'NONE', ( #7000 ), #8694, .T. ) ;
#4670 = EDGE_CURVE ( 'NONE', #4965, #8739, #1699, .T. ) ;
#4671 = EDGE_CURVE ( 'NONE', #8750, #4960, #1717, .T. ) ;
#4672 = EDGE_CURVE ( 'NONE', #7878, #8733, #1720, .T. ) ;
#4673 = EDGE_CURVE ( 'NONE', #7870, #6310, #1723, .T. ) ;
#4674 = ADVANCED_FACE ( 'NONE', ( #7001 ), #1716, .F. ) ;
#4675 = EDGE_CURVE ( 'NONE', #6343, #4945, #1738, .T. ) ;
#4676 = EDGE_CURVE ( 'NONE', #5022, #8749, #1742, .T. ) ;
#4677 = EDGE_CURVE ( 'NONE', #9067, #4973, #1745, .T. ) ;
#4678 = EDGE_CURVE ( 'NONE', #8714, #4980, #1701, .T. ) ;
#4679 = EDGE_CURVE ( 'NONE', #5022, #9067, #1702, .T. ) ;
#4680 = EDGE_CURVE ( 'NONE', #6340, #4962, #1774, .T. ) ;
#4681 = EDGE_CURVE ( 'NONE', #7877, #4972, #1777, .T. ) ;
#4682 = EDGE_CURVE ( 'NONE', #4980, #7868, #1703, .T. ) ;
#4683 = EDGE_CURVE ( 'NONE', #8715, #8764, #1795, .T. ) ;
#4684 = EDGE_CURVE ( 'NONE', #4980, #8766, #1798, .T. ) ;
#4685 = EDGE_CURVE ( 'NONE', #7868, #6337, #1801, .T. ) ;
#4686 = EDGE_CURVE ( 'NONE', #6343, #7877, #1705, .T. ) ;
#4687 = EDGE_CURVE ( 'NONE', #7877, #5022, #1819, .T. ) ;
#4688 = EDGE_CURVE ( 'NONE', #5040, #9069, #1822, .T. ) ;
#4689 = EDGE_CURVE ( 'NONE', #8715, #8714, #1706, .T. ) ;
#4690 = COLOUR_RGB ( '',0.2509803921568627400, 0.2509803921568627400, 0.2509803921568627400 ) ;
#4691 = EDGE_CURVE ( 'NONE', #8714, #4995, #1836, .T. ) ;
#4692 = EDGE_CURVE ( 'NONE', #6336, #5005, #1839, .T. ) ;
#4693 = EDGE_CURVE ( 'NONE', #7864, #7862, #1707, .T. ) ;
#4694 = EDGE_CURVE ( 'NONE', #4997, #6327, #1853, .T. ) ;
#4695 = CIRCLE ( 'NONE', #2228, 0.02499999999999995600 ) ;
#4696 = EDGE_CURVE ( 'NONE', #5004, #8771, #1856, .T. ) ;
#4697 = EDGE_CURVE ( 'NONE', #7862, #6317, #1704, .T. ) ;
#4698 = EDGE_CURVE ( 'NONE', #7862, #8755, #1874, .T. ) ;
#4699 = EDGE_CURVE ( 'NONE', #8735, #5048, #1709, .T. ) ;
#4700 = EDGE_CURVE ( 'NONE', #6311, #9065, #1708, .T. ) ;
#4701 = EDGE_CURVE ( 'NONE', #9065, #4964, #1907, .T. ) ;
#4702 = COLOUR_RGB ( '',0.2509803921568627400, 0.2509803921568627400, 0.2509803921568627400 ) ;
#4703 = EDGE_CURVE ( 'NONE', #6311, #6341, #1910, .T. ) ;
#4704 = EDGE_CURVE ( 'NONE', #5048, #8716, #1913, .T. ) ;
#4705 = EDGE_CURVE ( 'NONE', #6317, #7872, #1710, .T. ) ;
#4706 = EDGE_CURVE ( 'NONE', #6317, #4967, #1931, .T. ) ;
#4707 = EDGE_CURVE ( 'NONE', #6338, #8708, #1711, .T. ) ;
#4708 = EDGE_CURVE ( 'NONE', #8708, #8704, #1712, .T. ) ;
#4709 = UNCERTAINTY_MEASURE_WITH_UNIT (LENGTH_MEASURE( 1.000000000000000100E-005 ), #8073, 'distance_accuracy_value', 'NONE');
#4710 = B_SPLINE_CURVE_WITH_KNOTS ( 'NONE', 3,
 ( #109, #110, #111, #112, #113, #114, #115, #116, #117, #118, #119 ),
 .UNSPECIFIED., .F., .F.,
 ( 4, 1, 1, 1, 1, 1, 1, 1, 4 ),
 ( 0.0000000000000000000, 0.05259428152913890600, 0.1249519739750391700, 0.2180938989285931800, 0.3335024107325186800, 0.4687891785044477300, 0.6249375859646005800, 0.8016830479282283100, 1.000000000000000000 ),
 .UNSPECIFIED. ) ;
#4711 = UNCERTAINTY_MEASURE_WITH_UNIT (LENGTH_MEASURE( 1.000000000000000100E-005 ), #8057, 'distance_accuracy_value', 'NONE');
#4712 = B_SPLINE_CURVE_WITH_KNOTS ( 'NONE', 3,
 ( #8006, #8019, #8020, #8021, #8022, #8023, #8024, #8025, #8026, #8027, #8028, #8029, #8030, #8031, #8032, #8033, #8034, #8035, #8036 ),
 .UNSPECIFIED., .F., .F.,
 ( 4, 1, 1, 1, 1, 1, 1, 1, 1, 1, 1, 1, 1, 1, 1, 1, 4 ),
 ( 0.0000000000000000000, 0.07655893299404870100, 0.1491613519791150400, 0.2188268461269949600, 0.2855671390889779600, 0.3503131057192122600, 0.4141251538580793000, 0.4771791613162258400, 0.5403680185081833900, 0.6022023899907486000, 0.6620336537315644200, 0.7199344070495796700, 0.7759074326823267600, 0.8311148643832968500, 0.8866674470119630900, 0.9425523618334881200, 0.9999999999999998900 ),
 .UNSPECIFIED. ) ;
#4713 = B_SPLINE_CURVE_WITH_KNOTS ( 'NONE', 3,
 ( #83, #87, #88, #89, #90, #91, #92, #93, #94, #95, #96 ),
 .UNSPECIFIED., .F., .F.,
 ( 4, 1, 1, 1, 1, 1, 1, 1, 4 ),
 ( 0.0000000000000000000, 0.1072852142689557500, 0.2147458609696403200, 0.3229385595552863300, 0.4341161625174658800, 0.5534123109627939700, 0.6860729848107314200, 0.8342559920595840100, 1.000000000000000000 ),
 .UNSPECIFIED. ) ;
#4714 = B_SPLINE_CURVE_WITH_KNOTS ( 'NONE', 3,
 ( #5846, #5847, #5848, #5849, #5850, #5851, #5852, #5853, #5854, #5855, #5856, #5857, #5858, #5859, #5860 ),
 .UNSPECIFIED., .F., .F.,
 ( 4, 1, 1, 1, 1, 1, 1, 1, 1, 1, 1, 1, 4 ),
 ( 0.0000000000000000000, 0.08378537065371007000, 0.1657798879221419900, 0.2462800078932629300, 0.3274609277363899600, 0.4087969540320683900, 0.4897152412309879200, 0.5713760321300532800, 0.6555233211112770900, 0.7410194827999738700, 0.8265467605037610800, 0.9119888516548340100, 1.000000000000000000 ),
 .UNSPECIFIED. ) ;
#4715 = B_SPLINE_CURVE_WITH_KNOTS ( 'NONE', 3,
 ( #2332, #2333, #2334, #2335, #2336, #2337, #2338, #2339, #2340, #2341, #2342, #2343, #2344, #2345, #2346, #2347, #2348, #2349, #2350, #2351, #2352, #2353, #2354, #2355, #2356, #2357, #2358 ),
 .UNSPECIFIED., .F., .F.,
 ( 4, 1, 1, 1, 1, 1, 1, 1, 1, 1, 1, 1, 1, 1, 1, 1, 1, 1, 1, 1, 1, 1, 1, 1, 4 ),
 ( 0.0000000000000000000, 0.06506328961727918200, 0.1267731664665229000, 0.1855157632260790700, 0.2407646791677149600, 0.2929797960235977500, 0.3422503727797671100, 0.3889192861856600200, 0.4327756640583101400, 0.4746284326311174300, 0.5147746906379534500, 0.5536058934984422500, 0.5914264064311723900, 0.6280281199460666700, 0.6638036341103206200, 0.6989843361316641100, 0.7335914893067050400, 0.7676284691511391400, 0.8012083477865921100, 0.8342638397266226600, 0.8669806947287757000, 0.8997197415181597000, 0.9327019124985370700, 0.9661758834327492900, 1.000000000000000000 ),
 .UNSPECIFIED. ) ;
#4716 = B_SPLINE_CURVE_WITH_KNOTS ( 'NONE', 3,
 ( #2359, #2360, #2361, #2362, #2363, #2364, #2365, #2366, #2367, #2368, #2369, #2370, #2371, #2372, #2373 ),
 .UNSPECIFIED., .F., .F.,
 ( 4, 1, 1, 1, 1, 1, 1, 1, 1, 1, 1, 1, 4 ),
 ( 0.0000000000000000000, 0.1128134007444597900, 0.2253938839207306500, 0.3395948145626997400, 0.4596754102248651900, 0.5217351900879325700, 0.5839258387389156800, 0.6481741447653687200, 0.7138810381130672500, 0.7810044549073905700, 0.8514509275565548300, 0.9240506926641785000, 1.000000000000000000 ),
 .UNSPECIFIED. ) ;
#4717 = B_SPLINE_CURVE_WITH_KNOTS ( 'NONE', 3,
 ( #46, #47, #48, #49, #50, #51, #52 ),
 .UNSPECIFIED., .F., .F.,
 ( 4, 1, 1, 1, 4 ),
 ( 0.0000000000000000000, 0.2347233736739018400, 0.4771583189289875800, 0.7285562842030534100, 1.000000000000000000 ),
 .UNSPECIFIED. ) ;
#4718 = B_SPLINE_CURVE_WITH_KNOTS ( 'NONE', 3,
 ( #536, #540, #541, #542, #543, #544, #545, #546, #547, #548, #549, #550, #551, #552, #553, #554, #555, #556, #557, #558, #559, #560, #561, #562, #563, #564, #565 ),
 .UNSPECIFIED., .F., .F.,
 ( 4, 1, 1, 1, 1, 1, 1, 1, 1, 1, 1, 1, 1, 1, 1, 1, 1, 1, 1, 1, 1, 1, 1, 1, 4 ),
 ( 0.0000000000000000000, 0.03378714634699098200, 0.06662165772429337600, 0.09928487809597198700, 0.1313611650426503600, 0.1635851875953421900, 0.1961039269870678300, 0.2289022543238162800, 0.2621580559050067400, 0.2959912222583152600, 0.3302178457247991200, 0.3650598258919537400, 0.4009507373401067200, 0.4376203820767373700, 0.4757075294370918800, 0.5153806916250481800, 0.5564135414931640200, 0.5997648298727305000, 0.6464241555840869500, 0.6964314445175663300, 0.7497815178015573300, 0.8065733069755322000, 0.8674355315653993200, 0.9318867532508740000, 1.000000000000000000 ),
 .UNSPECIFIED. ) ;
#4719 = B_SPLINE_CURVE_WITH_KNOTS ( 'NONE', 3,
 ( #8549, #8550, #8551, #8552, #8553, #8554, #8555, #8556, #8557, #8558, #8559 ),
 .UNSPECIFIED., .F., .F.,
 ( 4, 1, 1, 1, 1, 1, 1, 1, 4 ),
 ( 0.0000000000000000000, 0.07517311737622181500, 0.1647462575118008600, 0.2680168809877799300, 0.3859118756529562000, 0.5177894792733965800, 0.6636909770022824100, 0.8244132205366416800, 0.9999999999999998900 ),
 .UNSPECIFIED. ) ;
#4720 = B_SPLINE_CURVE_WITH_KNOTS ( 'NONE', 3,
 ( #5762, #5763, #5764, #5765, #5766, #5767, #5768, #5769, #5770, #5771, #5772, #5773, #5774, #5775, #5776, #5777, #5778, #5779, #5780 ),
 .UNSPECIFIED., .F., .F.,
 ( 4, 1, 1, 1, 1, 1, 1, 1, 1, 1, 1, 1, 1, 1, 1, 1, 4 ),
 ( 0.0000000000000000000, 0.06248133863520398400, 0.1234903826872901100, 0.1834110942063110500, 0.2431532209997801800, 0.3021267353720879500, 0.3617096708329055100, 0.4218422916948798600, 0.4829319014466685300, 0.5445522544313238200, 0.6056807199653579900, 0.6676797383436876600, 0.7299843875380631600, 0.7945509212861291400, 0.8603456197120826800, 0.9289073562657087500, 1.000000000000000000 ),
 .UNSPECIFIED. ) ;
#4721 = UNCERTAINTY_MEASURE_WITH_UNIT (LENGTH_MEASURE( 1.000000000000000100E-005 ), #5684, 'distance_accuracy_value', 'NONE');
#4722 = B_SPLINE_CURVE_WITH_KNOTS ( 'NONE', 3,
 ( #182, #183, #184, #185, #186, #187, #188, #189, #190, #191, #192 ),
 .UNSPECIFIED., .F., .F.,
 ( 4, 1, 1, 1, 1, 1, 1, 1, 4 ),
 ( 0.0000000000000000000, 0.1590042985173780700, 0.3046460998968149000, 0.4385469045795922200, 0.5623222987759273200, 0.6774325425257306000, 0.7868973929387551600, 0.8936108891042671100, 1.000000000000000000 ),
 .UNSPECIFIED. ) ;
#4723 = UNCERTAINTY_MEASURE_WITH_UNIT (LENGTH_MEASURE( 1.000000000000000100E-005 ), #8654, 'distance_accuracy_value', 'NONE');
#4724 = B_SPLINE_CURVE_WITH_KNOTS ( 'NONE', 3,
 ( #4226, #4227, #4228, #4229, #4230, #4231, #4232, #4233, #4234, #4235, #4236, #4237, #4238, #4239, #4240, #4241, #4242, #4243, #4244 ),
 .UNSPECIFIED., .F., .F.,
 ( 4, 1, 1, 1, 1, 1, 1, 1, 1, 1, 1, 1, 1, 1, 1, 1, 4 ),
 ( 0.0000000000000000000, 0.07855643335270201500, 0.1528628401420925300, 0.2235596934382873000, 0.2903749439782083400, 0.3554030728222032900, 0.4182911570440928700, 0.4803885637756447600, 0.5430726152062792500, 0.6049239444620948500, 0.6643983091132995600, 0.7219425547367024400, 0.7783748910546740600, 0.8338299406509401800, 0.8888612363188848100, 0.9440889395778864200, 1.000000000000000000 ),
 .UNSPECIFIED. ) ;
#4725 = UNCERTAINTY_MEASURE_WITH_UNIT (LENGTH_MEASURE( 1.000000000000000100E-005 ), #213, 'distance_accuracy_value', 'NONE');
#4726 = B_SPLINE_CURVE_WITH_KNOTS ( 'NONE', 3,
 ( #5694, #5695, #5696, #5697, #5698, #5699, #5700, #5701, #5702, #5703, #5704 ),
 .UNSPECIFIED., .F., .F.,
 ( 4, 1, 1, 1, 1, 1, 1, 1, 4 ),
 ( 0.0000000000000000000, 0.1192834503733710400, 0.2370928820686316600, 0.3547960442151290600, 0.4745763009408504000, 0.5974600658149749100, 0.7249261546156124900, 0.8588831991927644600, 1.000000000000000000 ),
 .UNSPECIFIED. ) ;
#4727 = UNCERTAINTY_MEASURE_WITH_UNIT (LENGTH_MEASURE( 1.000000000000000100E-005 ), #8511, 'distance_accuracy_value', 'NONE');
#4728 = B_SPLINE_CURVE_WITH_KNOTS ( 'NONE', 3,
 ( #4181, #4182, #4183, #4184, #4185, #4186, #4187, #4188, #4189, #4190, #4191, #4192, #4193, #4194, #4195 ),
 .UNSPECIFIED., .F., .F.,
 ( 4, 1, 1, 1, 1, 1, 1, 1, 1, 1, 1, 1, 4 ),
 ( 0.0000000000000000000, 0.09126360489662675700, 0.1809303110850822800, 0.2700882198317243700, 0.3601561333877274000, 0.4483425324981543700, 0.5326658421383297900, 0.6138337041070488500, 0.6939815272835588900, 0.7727159770890044100, 0.8493351720622468500, 0.9239673265752322800, 1.000000000000000000 ),
 .UNSPECIFIED. ) ;
#4729 = B_SPLINE_CURVE_WITH_KNOTS ( 'NONE', 3,
 ( #5828, #5829, #5830, #5831, #5832, #5833, #5834, #5835, #5836, #5837, #5838, #5839, #5840, #5841, #5842 ),
 .UNSPECIFIED., .F., .F.,
 ( 4, 1, 1, 1, 1, 1, 1, 1, 1, 1, 1, 1, 4 ),
 ( 0.0000000000000000000, 0.1072327993600890300, 0.2132518127818481500, 0.3188304473075868100, 0.4267935306342754400, 0.4836459507827192700, 0.5436038220211422100, 0.6083076495640835600, 0.6771267602600408200, 0.7506856360204964300, 0.8287134184432878300, 0.9121903482234528000, 1.000000000000000000 ),
 .UNSPECIFIED. ) ;
#4730 = B_SPLINE_CURVE_WITH_KNOTS ( 'NONE', 3,
 ( #31, #32, #33, #34, #35, #36, #37, #38, #39, #40, #41 ),
 .UNSPECIFIED., .F., .F.,
 ( 4, 1, 1, 1, 1, 1, 1, 1, 4 ),
 ( 0.0000000000000000000, 0.1281581855276745200, 0.2536731361531690500, 0.3773253059734901800, 0.4993845547646073000, 0.6229183680423474600, 0.7458393931045773600, 0.8713952850140301900, 1.000000000000000000 ),
 .UNSPECIFIED. ) ;
#4731 = UNCERTAINTY_MEASURE_WITH_UNIT (LENGTH_MEASURE( 1.000000000000000100E-005 ), #5712, 'distance_accuracy_value', 'NONE');
#4732 = B_SPLINE_CURVE_WITH_KNOTS ( 'NONE', 3,
 ( #64, #65, #66, #67, #68, #69, #70, #71, #72, #73, #74, #75, #76, #77, #78, #79, #80, #81, #82 ),
 .UNSPECIFIED., .F., .F.,
 ( 4, 1, 1, 1, 1, 1, 1, 1, 1, 1, 1, 1, 1, 1, 1, 1, 4 ),
 ( 0.0000000000000000000, 0.06148425519689049200, 0.1217745277022103000, 0.1809195598139317900, 0.2402561150782713300, 0.3001144444023515200, 0.3611459476126114300, 0.4235005824125856500, 0.4886693612807190300, 0.5539541046535619900, 0.6175812610152613400, 0.6802384268167388500, 0.7421873887724537200, 0.8046632117692934500, 0.8682589893126624300, 0.9330202571803759600, 1.000000000000000000 ),
 .UNSPECIFIED. ) ;
#4733 = UNCERTAINTY_MEASURE_WITH_UNIT (LENGTH_MEASURE( 1.000000000000000100E-005 ), #8587, 'distance_accuracy_value', 'NONE');
#4734 = B_SPLINE_CURVE_WITH_KNOTS ( 'NONE', 3,
 ( #8163, #8164, #8165, #1, #2, #3, #4, #5, #6, #7, #8 ),
 .UNSPECIFIED., .F., .F.,
 ( 4, 1, 1, 1, 1, 1, 1, 1, 4 ),
 ( 0.0000000000000000000, 0.1219040408698847900, 0.2394126076020048600, 0.3554101042801775000, 0.4720907288033022200, 0.5928589821563575700, 0.7187034677136827600, 0.8548923829515245900, 0.9999999999999998900 ),
 .UNSPECIFIED. ) ;
#4735 = B_SPLINE_CURVE_WITH_KNOTS ( 'NONE', 3,
 ( #171, #172, #173, #174, #175, #176, #177, #178, #179, #180, #181 ),
 .UNSPECIFIED., .F., .F.,
 ( 4, 1, 1, 1, 1, 1, 1, 1, 4 ),
 ( 0.0000000000000000000, 0.09027921465001524600, 0.1895299184469586300, 0.2991978724002880000, 0.4189258867738192600, 0.5483762854012466100, 0.6881363695386799600, 0.8390835016589195400, 1.000000000000000000 ),
 .UNSPECIFIED. ) ;
#4736 = B_SPLINE_CURVE_WITH_KNOTS ( 'NONE', 3,
 ( #53, #54, #55, #56, #57, #58, #59, #60, #61, #62, #63 ),
 .UNSPECIFIED., .F., .F.,
 ( 4, 1, 1, 1, 1, 1, 1, 1, 4 ),
 ( 0.0000000000000000000, 0.1430730837303624000, 0.2759029640930086800, 0.4023708562739966600, 0.5284136450935937900, 0.6503563791869497700, 0.7658950861246937000, 0.8807741308440210100, 0.9999999999999998900 ),
 .UNSPECIFIED. ) ;
#4737 = B_SPLINE_CURVE_WITH_KNOTS ( 'NONE', 3,
 ( #8464, #8465, #8466, #8467, #8468, #8469, #8470, #8471, #8472, #8473, #8474 ),
 .UNSPECIFIED., .F., .F.,
 ( 4, 1, 1, 1, 1, 1, 1, 1, 4 ),
 ( 0.0000000000000000000, 0.1815353013762854000, 0.3470816724816273000, 0.4955678164315521800, 0.6283573018772145000, 0.7455196699921536900, 0.8458307507576501300, 0.9307818073847571300, 0.9999999999999998900 ),
 .UNSPECIFIED. ) ;
#4738 = B_SPLINE_CURVE_WITH_KNOTS ( 'NONE', 3,
 ( #8519, #8520, #8521, #8522, #8523, #8524, #8525, #8526, #8527, #8528, #8529 ),
 .UNSPECIFIED., .F., .F.,
 ( 4, 1, 1, 1, 1, 1, 1, 1, 4 ),
 ( 0.0000000000000000000, 0.1769557521312508400, 0.3390550796425817500, 0.4863182249420763800, 0.6187809228353765600, 0.7356188277673806300, 0.8387424767201110400, 0.9264570678763173200, 1.000000000000000000 ),
 .UNSPECIFIED. ) ;
#4739 = B_SPLINE_CURVE_WITH_KNOTS ( 'NONE', 3,
 ( #8478, #8479, #8480, #8481, #8482, #8483, #8484, #8485, #8486, #8487, #8488, #8489, #8490, #8491, #8492, #8493, #8494, #8495, #8496 ),
 .UNSPECIFIED., .F., .F.,
 ( 4, 1, 1, 1, 1, 1, 1, 1, 1, 1, 1, 1, 1, 1, 1, 1, 4 ),
 ( 0.0000000000000000000, 0.07952482958501362600, 0.1550999763495375900, 0.2272198200732694900, 0.2959105041914709700, 0.3620558809471792800, 0.4255201169126362500, 0.4858127192253079400, 0.5444947060018102700, 0.6014596357222259400, 0.6578405937966483900, 0.7139744721931383700, 0.7694679515974517400, 0.8261299671813289200, 0.8828853593090689700, 0.9407008816662020300, 1.000000000000000000 ),
 .UNSPECIFIED. ) ;
#4740 = B_SPLINE_CURVE_WITH_KNOTS ( 'NONE', 3,
 ( #244, #248, #249, #250, #251, #252, #253, #254, #255, #256, #257 ),
 .UNSPECIFIED., .F., .F.,
 ( 4, 1, 1, 1, 1, 1, 1, 1, 4 ),
 ( 0.0000000000000000000, 0.1335067689985166800, 0.2625589787303703200, 0.3882644471488779800, 0.5126673546814279900, 0.6337222699657596400, 0.7553938601370940900, 0.8775529450912779000, 1.000000000000000000 ),
 .UNSPECIFIED. ) ;
#4741 = UNCERTAINTY_MEASURE_WITH_UNIT (LENGTH_MEASURE( 1.000000000000000100E-005 ), #8157, 'distance_accuracy_value', 'NONE');
#4742 = B_SPLINE_CURVE_WITH_KNOTS ( 'NONE', 3,
 ( #8530, #8531, #8532, #8533, #8534, #8535, #8536, #8537, #8538, #8539, #8540, #8541, #8542, #8543, #8544 ),
 .UNSPECIFIED., .F., .F.,
 ( 4, 1, 1, 1, 1, 1, 1, 1, 1, 1, 1, 1, 4 ),
 ( 0.0000000000000000000, 0.09697231038151706000, 0.1877734389628689900, 0.2723961390136935800, 0.3513209973752892700, 0.4243347744514675000, 0.4919087840005274000, 0.5542332197968009600, 0.6112676582441553000, 0.7163478449915540200, 0.8145400858216160800, 0.9084954561491855900, 1.000000000000000000 ),
 .UNSPECIFIED. ) ;
#4743 = APPLICATION_CONTEXT ( 'automotive_design' ) ;
#4744 = APPLICATION_CONTEXT ( 'automotive_design' ) ;
#4745 = PRODUCT ( 'ASMPH-0806', 'ASMPH-0806', '', ( #3200 ) ) ;
#4746 = PRODUCT_DEFINITION_FORMATION_WITH_SPECIFIED_SOURCE ( 'ANY', '', #4745, .NOT_KNOWN. ) ;
#4747 = ORIENTED_EDGE ( 'NONE', *, *, #2039, .T. ) ;
#4748 = ORIENTED_EDGE ( 'NONE', *, *, #576, .T. ) ;
#4749 = ORIENTED_EDGE ( 'NONE', *, *, #695, .T. ) ;
#4750 = ORIENTED_EDGE ( 'NONE', *, *, #2050, .T. ) ;
#4751 = ORIENTED_EDGE ( 'NONE', *, *, #634, .F. ) ;
#4752 = ORIENTED_EDGE ( 'NONE', *, *, #2105, .T. ) ;
#4753 = ORIENTED_EDGE ( 'NONE', *, *, #570, .T. ) ;
#4754 = ORIENTED_EDGE ( 'NONE', *, *, #744, .F. ) ;
#4755 = ORIENTED_EDGE ( 'NONE', *, *, #618, .T. ) ;
#4756 = ORIENTED_EDGE ( 'NONE', *, *, #684, .T. ) ;
#4757 = ORIENTED_EDGE ( 'NONE', *, *, #645, .T. ) ;
#4758 = ORIENTED_EDGE ( 'NONE', *, *, #614, .F. ) ;
#4759 = ORIENTED_EDGE ( 'NONE', *, *, #741, .T. ) ;
#4760 = ORIENTED_EDGE ( 'NONE', *, *, #674, .F. ) ;
#4761 = ORIENTED_EDGE ( 'NONE', *, *, #578, .T. ) ;
#4762 = ORIENTED_EDGE ( 'NONE', *, *, #739, .F. ) ;
#4763 = ORIENTED_EDGE ( 'NONE', *, *, #741, .F. ) ;
#4764 = ORIENTED_EDGE ( 'NONE', *, *, #636, .F. ) ;
#4765 = ORIENTED_EDGE ( 'NONE', *, *, #685, .F. ) ;
#4766 = ORIENTED_EDGE ( 'NONE', *, *, #597, .F. ) ;
#4767 = ORIENTED_EDGE ( 'NONE', *, *, #646, .F. ) ;
#4768 = ORIENTED_EDGE ( 'NONE', *, *, #662, .T. ) ;
#4769 = ORIENTED_EDGE ( 'NONE', *, *, #676, .T. ) ;
#4770 = ORIENTED_EDGE ( 'NONE', *, *, #2055, .T. ) ;
#4771 = ORIENTED_EDGE ( 'NONE', *, *, #620, .T. ) ;
#4772 = ORIENTED_EDGE ( 'NONE', *, *, #569, .F. ) ;
#4773 = ORIENTED_EDGE ( 'NONE', *, *, #697, .T. ) ;
#4774 = ORIENTED_EDGE ( 'NONE', *, *, #686, .F. ) ;
#4775 = ORIENTED_EDGE ( 'NONE', *, *, #650, .F. ) ;
#4776 = ORIENTED_EDGE ( 'NONE', *, *, #674, .T. ) ;
#4777 = ORIENTED_EDGE ( 'NONE', *, *, #716, .F. ) ;
#4778 = ORIENTED_EDGE ( 'NONE', *, *, #662, .F. ) ;
#4779 = ORIENTED_EDGE ( 'NONE', *, *, #575, .T. ) ;
#4780 = ORIENTED_EDGE ( 'NONE', *, *, #2112, .T. ) ;
#4781 = ORIENTED_EDGE ( 'NONE', *, *, #734, .T. ) ;
#4782 = ORIENTED_EDGE ( 'NONE', *, *, #739, .T. ) ;
#4783 = ORIENTED_EDGE ( 'NONE', *, *, #629, .T. ) ;
#4784 = ORIENTED_EDGE ( 'NONE', *, *, #653, .F. ) ;
#4785 = ORIENTED_EDGE ( 'NONE', *, *, #659, .T. ) ;
#4786 = ORIENTED_EDGE ( 'NONE', *, *, #735, .T. ) ;
#4787 = ORIENTED_EDGE ( 'NONE', *, *, #649, .T. ) ;
#4788 = ORIENTED_EDGE ( 'NONE', *, *, #700, .T. ) ;
#4789 = ORIENTED_EDGE ( 'NONE', *, *, #2038, .T. ) ;
#4790 = ORIENTED_EDGE ( 'NONE', *, *, #675, .T. ) ;
#4791 = ORIENTED_EDGE ( 'NONE', *, *, #681, .T. ) ;
#4792 = ORIENTED_EDGE ( 'NONE', *, *, #704, .T. ) ;
#4793 = ORIENTED_EDGE ( 'NONE', *, *, #644, .T. ) ;
#4794 = ORIENTED_EDGE ( 'NONE', *, *, #642, .T. ) ;
#4795 = ORIENTED_EDGE ( 'NONE', *, *, #623, .F. ) ;
#4796 = ORIENTED_EDGE ( 'NONE', *, *, #2031, .T. ) ;
#4797 = ORIENTED_EDGE ( 'NONE', *, *, #673, .F. ) ;
#4798 = ORIENTED_EDGE ( 'NONE', *, *, #2131, .F. ) ;
#4799 = ORIENTED_EDGE ( 'NONE', *, *, #2033, .T. ) ;
#4800 = ORIENTED_EDGE ( 'NONE', *, *, #2133, .T. ) ;
#4801 = ORIENTED_EDGE ( 'NONE', *, *, #2013, .T. ) ;
#4802 = ORIENTED_EDGE ( 'NONE', *, *, #736, .F. ) ;
#4803 = ORIENTED_EDGE ( 'NONE', *, *, #2016, .T. ) ;
#4804 = ORIENTED_EDGE ( 'NONE', *, *, #744, .T. ) ;
#4805 = ORIENTED_EDGE ( 'NONE', *, *, #2020, .T. ) ;
#4806 = ORIENTED_EDGE ( 'NONE', *, *, #700, .F. ) ;
#4807 = ORIENTED_EDGE ( 'NONE', *, *, #2083, .T. ) ;
#4808 = ORIENTED_EDGE ( 'NONE', *, *, #643, .T. ) ;
#4809 = ORIENTED_EDGE ( 'NONE', *, *, #681, .F. ) ;
#4810 = ORIENTED_EDGE ( 'NONE', *, *, #2012, .T. ) ;
#4811 = ORIENTED_EDGE ( 'NONE', *, *, #2033, .F. ) ;
#4812 = ORIENTED_EDGE ( 'NONE', *, *, #2116, .F. ) ;
#4813 = ORIENTED_EDGE ( 'NONE', *, *, #2116, .T. ) ;
#4814 = ORIENTED_EDGE ( 'NONE', *, *, #651, .T. ) ;
#4815 = ORIENTED_EDGE ( 'NONE', *, *, #2129, .T. ) ;
#4816 = ORIENTED_EDGE ( 'NONE', *, *, #740, .T. ) ;
#4817 = ORIENTED_EDGE ( 'NONE', *, *, #735, .F. ) ;
#4818 = ORIENTED_EDGE ( 'NONE', *, *, #2058, .T. ) ;
#4819 = ORIENTED_EDGE ( 'NONE', *, *, #2052, .T. ) ;
#4820 = ORIENTED_EDGE ( 'NONE', *, *, #666, .F. ) ;
#4821 = ORIENTED_EDGE ( 'NONE', *, *, #614, .T. ) ;
#4822 = ORIENTED_EDGE ( 'NONE', *, *, #2015, .T. ) ;
#4823 = ORIENTED_EDGE ( 'NONE', *, *, #733, .F. ) ;
#4824 = ORIENTED_EDGE ( 'NONE', *, *, #2030, .T. ) ;
#4825 = ORIENTED_EDGE ( 'NONE', *, *, #680, .T. ) ;
#4826 = ORIENTED_EDGE ( 'NONE', *, *, #620, .F. ) ;
#4827 = ORIENTED_EDGE ( 'NONE', *, *, #2005, .T. ) ;
#4828 = ORIENTED_EDGE ( 'NONE', *, *, #737, .T. ) ;
#4829 = ORIENTED_EDGE ( 'NONE', *, *, #2120, .T. ) ;
#4830 = ORIENTED_EDGE ( 'NONE', *, *, #639, .T. ) ;
#4831 = ORIENTED_EDGE ( 'NONE', *, *, #2118, .T. ) ;
#4832 = ORIENTED_EDGE ( 'NONE', *, *, #2054, .T. ) ;
#4833 = ORIENTED_EDGE ( 'NONE', *, *, #2076, .T. ) ;
#4834 = ORIENTED_EDGE ( 'NONE', *, *, #2070, .T. ) ;
#4835 = ORIENTED_EDGE ( 'NONE', *, *, #597, .T. ) ;
#4836 = ORIENTED_EDGE ( 'NONE', *, *, #660, .F. ) ;
#4837 = ORIENTED_EDGE ( 'NONE', *, *, #703, .T. ) ;
#4838 = EDGE_LOOP ( 'NONE', ( #8808, #8805, #8806, #8795 ) ) ;
#4839 = ORIENTED_EDGE ( 'NONE', *, *, #660, .T. ) ;
#4840 = ORIENTED_EDGE ( 'NONE', *, *, #675, .F. ) ;
#4841 = EDGE_LOOP ( 'NONE', ( #8885, #8895, #8906, #8915 ) ) ;
#4842 = ORIENTED_EDGE ( 'NONE', *, *, #642, .F. ) ;
#4843 = ORIENTED_EDGE ( 'NONE', *, *, #2035, .T. ) ;
#4844 = ORIENTED_EDGE ( 'NONE', *, *, #2126, .T. ) ;
#4845 = ORIENTED_EDGE ( 'NONE', *, *, #713, .T. ) ;
#4846 = ORIENTED_EDGE ( 'NONE', *, *, #730, .T. ) ;
#4847 = ORIENTED_EDGE ( 'NONE', *, *, #594, .T. ) ;
#4848 = ORIENTED_EDGE ( 'NONE', *, *, #692, .F. ) ;
#4849 = ORIENTED_EDGE ( 'NONE', *, *, #636, .T. ) ;
#4850 = ORIENTED_EDGE ( 'NONE', *, *, #693, .F. ) ;
#4851 = ORIENTED_EDGE ( 'NONE', *, *, #619, .F. ) ;
#4852 = ORIENTED_EDGE ( 'NONE', *, *, #712, .T. ) ;
#4853 = ORIENTED_EDGE ( 'NONE', *, *, #716, .T. ) ;
#4854 = ORIENTED_EDGE ( 'NONE', *, *, #729, .T. ) ;
#4855 = ORIENTED_EDGE ( 'NONE', *, *, #598, .F. ) ;
#4856 = ORIENTED_EDGE ( 'NONE', *, *, #665, .F. ) ;
#4857 = ORIENTED_EDGE ( 'NONE', *, *, #634, .T. ) ;
#4858 = ORIENTED_EDGE ( 'NONE', *, *, #656, .F. ) ;
#4859 = ORIENTED_EDGE ( 'NONE', *, *, #571, .F. ) ;
#4860 = ORIENTED_EDGE ( 'NONE', *, *, #639, .F. ) ;
#4861 = ORIENTED_EDGE ( 'NONE', *, *, #637, .F. ) ;
#4862 = ORIENTED_EDGE ( 'NONE', *, *, #640, .F. ) ;
#4863 = ORIENTED_EDGE ( 'NONE', *, *, #585, .T. ) ;
#4864 = ORIENTED_EDGE ( 'NONE', *, *, #743, .F. ) ;
#4865 = ORIENTED_EDGE ( 'NONE', *, *, #742, .F. ) ;
#4866 = ORIENTED_EDGE ( 'NONE', *, *, #698, .F. ) ;
#4867 = ORIENTED_EDGE ( 'NONE', *, *, #691, .T. ) ;
#4868 = ORIENTED_EDGE ( 'NONE', *, *, #587, .T. ) ;
#4869 = ORIENTED_EDGE ( 'NONE', *, *, #585, .F. ) ;
#4870 = ORIENTED_EDGE ( 'NONE', *, *, #698, .T. ) ;
#4871 = ORIENTED_EDGE ( 'NONE', *, *, #665, .T. ) ;
#4872 = ORIENTED_EDGE ( 'NONE', *, *, #709, .F. ) ;
#4873 = ORIENTED_EDGE ( 'NONE', *, *, #709, .T. ) ;
#4874 = ORIENTED_EDGE ( 'NONE', *, *, #656, .T. ) ;
#4875 = ORIENTED_EDGE ( 'NONE', *, *, #4673, .T. ) ;
#4876 = ORIENTED_EDGE ( 'NONE', *, *, #734, .F. ) ;
#4877 = ORIENTED_EDGE ( 'NONE', *, *, #703, .F. ) ;
#4878 = ORIENTED_EDGE ( 'NONE', *, *, #637, .T. ) ;
#4879 = ORIENTED_EDGE ( 'NONE', *, *, #743, .T. ) ;
#4880 = ORIENTED_EDGE ( 'NONE', *, *, #693, .T. ) ;
#4881 = ORIENTED_EDGE ( 'NONE', *, *, #712, .F. ) ;
#4882 = ORIENTED_EDGE ( 'NONE', *, *, #619, .T. ) ;
#4883 = ORIENTED_EDGE ( 'NONE', *, *, #672, .T. ) ;
#4884 = ORIENTED_EDGE ( 'NONE', *, *, #2091, .T. ) ;
#4885 = ORIENTED_EDGE ( 'NONE', *, *, #672, .F. ) ;
#4886 = ORIENTED_EDGE ( 'NONE', *, *, #646, .T. ) ;
#4887 = ORIENTED_EDGE ( 'NONE', *, *, #666, .T. ) ;
#4888 = ORIENTED_EDGE ( 'NONE', *, *, #626, .F. ) ;
#4889 = ORIENTED_EDGE ( 'NONE', *, *, #648, .T. ) ;
#4890 = ORIENTED_EDGE ( 'NONE', *, *, #702, .T. ) ;
#4891 = ORIENTED_EDGE ( 'NONE', *, *, #702, .F. ) ;
#4892 = ORIENTED_EDGE ( 'NONE', *, *, #650, .T. ) ;
#4893 = ORIENTED_EDGE ( 'NONE', *, *, #726, .T. ) ;
#4894 = ORIENTED_EDGE ( 'NONE', *, *, #587, .F. ) ;
#4895 = ORIENTED_EDGE ( 'NONE', *, *, #2040, .T. ) ;
#4896 = ORIENTED_EDGE ( 'NONE', *, *, #676, .F. ) ;
#4897 = ORIENTED_EDGE ( 'NONE', *, *, #627, .T. ) ;
#4898 = ORIENTED_EDGE ( 'NONE', *, *, #715, .F. ) ;
#4899 = ORIENTED_EDGE ( 'NONE', *, *, #618, .F. ) ;
#4900 = ORIENTED_EDGE ( 'NONE', *, *, #2048, .T. ) ;
#4901 = ORIENTED_EDGE ( 'NONE', *, *, #2085, .T. ) ;
#4902 = ORIENTED_EDGE ( 'NONE', *, *, #643, .F. ) ;
#4903 = ORIENTED_EDGE ( 'NONE', *, *, #607, .F. ) ;
#4904 = ORIENTED_EDGE ( 'NONE', *, *, #658, .F. ) ;
#4905 = ORIENTED_EDGE ( 'NONE', *, *, #736, .T. ) ;
#4906 = EDGE_LOOP ( 'NONE', ( #8865, #8878, #8920, #8879 ) ) ;
#4907 = ORIENTED_EDGE ( 'NONE', *, *, #571, .T. ) ;
#4908 = ORIENTED_EDGE ( 'NONE', *, *, #740, .F. ) ;
#4909 = ORIENTED_EDGE ( 'NONE', *, *, #682, .F. ) ;
#4910 = ORIENTED_EDGE ( 'NONE', *, *, #697, .F. ) ;
#4911 = ORIENTED_EDGE ( 'NONE', *, *, #685, .T. ) ;
#4912 = ORIENTED_EDGE ( 'NONE', *, *, #568, .F. ) ;
#4913 = ORIENTED_EDGE ( 'NONE', *, *, #2008, .T. ) ;
#4914 = ORIENTED_EDGE ( 'NONE', *, *, #2131, .T. ) ;
#4915 = ORIENTED_EDGE ( 'NONE', *, *, #569, .T. ) ;
#4916 = ORIENTED_EDGE ( 'NONE', *, *, #692, .T. ) ;
#4917 = ORIENTED_EDGE ( 'NONE', *, *, #601, .T. ) ;
#4918 = ORIENTED_EDGE ( 'NONE', *, *, #568, .T. ) ;
#4919 = ORIENTED_EDGE ( 'NONE', *, *, #704, .F. ) ;
#4920 = ORIENTED_EDGE ( 'NONE', *, *, #576, .F. ) ;
#4921 = ORIENTED_EDGE ( 'NONE', *, *, #670, .T. ) ;
#4922 = ORIENTED_EDGE ( 'NONE', *, *, #746, .T. ) ;
#4923 = ORIENTED_EDGE ( 'NONE', *, *, #653, .T. ) ;
#4924 = ORIENTED_EDGE ( 'NONE', *, *, #2056, .T. ) ;
#4925 = ORIENTED_EDGE ( 'NONE', *, *, #733, .T. ) ;
#4926 = ORIENTED_EDGE ( 'NONE', *, *, #2010, .T. ) ;
#4927 = ORIENTED_EDGE ( 'NONE', *, *, #2087, .T. ) ;
#4928 = ORIENTED_EDGE ( 'NONE', *, *, #598, .T. ) ;
#4929 = ORIENTED_EDGE ( 'NONE', *, *, #651, .F. ) ;
#4930 = ORIENTED_EDGE ( 'NONE', *, *, #658, .T. ) ;
#4931 = ORIENTED_EDGE ( 'NONE', *, *, #2063, .T. ) ;
#4932 = ORIENTED_EDGE ( 'NONE', *, *, #2014, .T. ) ;
#4933 = ORIENTED_EDGE ( 'NONE', *, *, #596, .T. ) ;
#4934 = ORIENTED_EDGE ( 'NONE', *, *, #626, .T. ) ;
#4935 = ORIENTED_EDGE ( 'NONE', *, *, #570, .F. ) ;
#4936 = ORIENTED_EDGE ( 'NONE', *, *, #737, .F. ) ;
#4937 = ORIENTED_EDGE ( 'NONE', *, *, #623, .T. ) ;
#4938 = ORIENTED_EDGE ( 'NONE', *, *, #686, .T. ) ;
#4939 = ORIENTED_EDGE ( 'NONE', *, *, #611, .T. ) ;
#4940 = ORIENTED_EDGE ( 'NONE', *, *, #682, .T. ) ;
#4941 = ORIENTED_EDGE ( 'NONE', *, *, #715, .T. ) ;
#4942 = ORIENTED_EDGE ( 'NONE', *, *, #607, .T. ) ;
#4943 = ORIENTED_EDGE ( 'NONE', *, *, #601, .F. ) ;
#4944 = VERTEX_POINT ( 'NONE', #1967 ) ;
#4945 = VERTEX_POINT ( 'NONE', #1968 ) ;
#4946 = VERTEX_POINT ( 'NONE', #1969 ) ;
#4947 = VERTEX_POINT ( 'NONE', #1970 ) ;
#4948 = VERTEX_POINT ( 'NONE', #1971 ) ;
#4949 = VERTEX_POINT ( 'NONE', #1972 ) ;
#4950 = VERTEX_POINT ( 'NONE', #1973 ) ;
#4951 = VERTEX_POINT ( 'NONE', #1974 ) ;
#4952 = VERTEX_POINT ( 'NONE', #1975 ) ;
#4953 = VERTEX_POINT ( 'NONE', #1976 ) ;
#4954 = VERTEX_POINT ( 'NONE', #1977 ) ;
#4955 = VERTEX_POINT ( 'NONE', #1978 ) ;
#4956 = VERTEX_POINT ( 'NONE', #1979 ) ;
#4957 = VERTEX_POINT ( 'NONE', #1980 ) ;
#4958 = VERTEX_POINT ( 'NONE', #1981 ) ;
#4959 = VERTEX_POINT ( 'NONE', #1982 ) ;
#4960 = VERTEX_POINT ( 'NONE', #1983 ) ;
#4961 = VERTEX_POINT ( 'NONE', #1984 ) ;
#4962 = VERTEX_POINT ( 'NONE', #1985 ) ;
#4963 = VERTEX_POINT ( 'NONE', #1986 ) ;
#4964 = VERTEX_POINT ( 'NONE', #1987 ) ;
#4965 = VERTEX_POINT ( 'NONE', #1988 ) ;
#4966 = VERTEX_POINT ( 'NONE', #1989 ) ;
#4967 = VERTEX_POINT ( 'NONE', #1990 ) ;
#4968 = VERTEX_POINT ( 'NONE', #1991 ) ;
#4969 = VERTEX_POINT ( 'NONE', #1992 ) ;
#4970 = VERTEX_POINT ( 'NONE', #1993 ) ;
#4971 = VERTEX_POINT ( 'NONE', #1994 ) ;
#4972 = VERTEX_POINT ( 'NONE', #1995 ) ;
#4973 = VERTEX_POINT ( 'NONE', #1996 ) ;
#4974 = VERTEX_POINT ( 'NONE', #1997 ) ;
#4975 = VERTEX_POINT ( 'NONE', #1998 ) ;
#4976 = VERTEX_POINT ( 'NONE', #2953 ) ;
#4977 = VERTEX_POINT ( 'NONE', #2954 ) ;
#4978 = VERTEX_POINT ( 'NONE', #2955 ) ;
#4979 = VERTEX_POINT ( 'NONE', #2956 ) ;
#4980 = VERTEX_POINT ( 'NONE', #2957 ) ;
#4981 = VERTEX_POINT ( 'NONE', #2958 ) ;
#4982 = VERTEX_POINT ( 'NONE', #2959 ) ;
#4983 = VERTEX_POINT ( 'NONE', #2960 ) ;
#4984 = VERTEX_POINT ( 'NONE', #2961 ) ;
#4985 = VERTEX_POINT ( 'NONE', #2962 ) ;
#4986 = VERTEX_POINT ( 'NONE', #2963 ) ;
#4987 = VERTEX_POINT ( 'NONE', #2964 ) ;
#4988 = VERTEX_POINT ( 'NONE', #2965 ) ;
#4989 = VERTEX_POINT ( 'NONE', #2966 ) ;
#4990 = VERTEX_POINT ( 'NONE', #2967 ) ;
#4991 = VERTEX_POINT ( 'NONE', #2968 ) ;
#4992 = VERTEX_POINT ( 'NONE', #2969 ) ;
#4993 = VERTEX_POINT ( 'NONE', #2970 ) ;
#4994 = VERTEX_POINT ( 'NONE', #2971 ) ;
#4995 = VERTEX_POINT ( 'NONE', #2972 ) ;
#4996 = VERTEX_POINT ( 'NONE', #2973 ) ;
#4997 = VERTEX_POINT ( 'NONE', #2974 ) ;
#4998 = ORIENTED_EDGE ( 'NONE', *, *, #4678, .T. ) ;
#4999 = VERTEX_POINT ( 'NONE', #2975 ) ;
#5000 = VERTEX_POINT ( 'NONE', #2976 ) ;
#5001 = VERTEX_POINT ( 'NONE', #2977 ) ;
#5002 = VERTEX_POINT ( 'NONE', #2978 ) ;
#5003 = VERTEX_POINT ( 'NONE', #2979 ) ;
#5004 = VERTEX_POINT ( 'NONE', #2980 ) ;
#5005 = VERTEX_POINT ( 'NONE', #2981 ) ;
#5006 = ORIENTED_EDGE ( 'NONE', *, *, #4676, .F. ) ;
#5007 = VERTEX_POINT ( 'NONE', #2982 ) ;
#5008 = VERTEX_POINT ( 'NONE', #2983 ) ;
#5009 = ORIENTED_EDGE ( 'NONE', *, *, #4443, .T. ) ;
#5010 = VERTEX_POINT ( 'NONE', #2984 ) ;
#5011 = VERTEX_POINT ( 'NONE', #2985 ) ;
#5012 = VERTEX_POINT ( 'NONE', #2986 ) ;
#5013 = VERTEX_POINT ( 'NONE', #2987 ) ;
#5014 = VERTEX_POINT ( 'NONE', #2988 ) ;
#5015 = VERTEX_POINT ( 'NONE', #2989 ) ;
#5016 = VERTEX_POINT ( 'NONE', #2990 ) ;
#5017 = ORIENTED_EDGE ( 'NONE', *, *, #4675, .F. ) ;
#5018 = ORIENTED_EDGE ( 'NONE', *, *, #4681, .F. ) ;
#5019 = ORIENTED_EDGE ( 'NONE', *, *, #4613, .F. ) ;
#5020 = VERTEX_POINT ( 'NONE', #2991 ) ;
#5021 = ORIENTED_EDGE ( 'NONE', *, *, #4683, .T. ) ;
#5022 = VERTEX_POINT ( 'NONE', #2992 ) ;
#5023 = VERTEX_POINT ( 'NONE', #2993 ) ;
#5024 = VERTEX_POINT ( 'NONE', #2994 ) ;
#5025 = VERTEX_POINT ( 'NONE', #2995 ) ;
#5026 = VERTEX_POINT ( 'NONE', #2996 ) ;
#5027 = VERTEX_POINT ( 'NONE', #2997 ) ;
#5028 = VERTEX_POINT ( 'NONE', #2998 ) ;
#5029 = VERTEX_POINT ( 'NONE', #2999 ) ;
#5030 = VERTEX_POINT ( 'NONE', #3000 ) ;
#5031 = VERTEX_POINT ( 'NONE', #3001 ) ;
#5032 = VERTEX_POINT ( 'NONE', #3002 ) ;
#5033 = VERTEX_POINT ( 'NONE', #3003 ) ;
#5034 = VERTEX_POINT ( 'NONE', #3004 ) ;
#5035 = ORIENTED_EDGE ( 'NONE', *, *, #2133, .F. ) ;
#5036 = ORIENTED_EDGE ( 'NONE', *, *, #4677, .F. ) ;
#5037 = VERTEX_POINT ( 'NONE', #3005 ) ;
#5038 = VERTEX_POINT ( 'NONE', #3006 ) ;
#5039 = VERTEX_POINT ( 'NONE', #3007 ) ;
#5040 = VERTEX_POINT ( 'NONE', #3008 ) ;
#5041 = ORIENTED_EDGE ( 'NONE', *, *, #2054, .F. ) ;
#5042 = VERTEX_POINT ( 'NONE', #3009 ) ;
#5043 = VERTEX_POINT ( 'NONE', #3010 ) ;
#5044 = VERTEX_POINT ( 'NONE', #3011 ) ;
#5045 = VERTEX_POINT ( 'NONE', #3012 ) ;
#5046 = VERTEX_POINT ( 'NONE', #3013 ) ;
#5047 = VERTEX_POINT ( 'NONE', #3014 ) ;
#5048 = VERTEX_POINT ( 'NONE', #3015 ) ;
#5049 = VERTEX_POINT ( 'NONE', #3016 ) ;
#5050 = VERTEX_POINT ( 'NONE', #3017 ) ;
#5051 = VERTEX_POINT ( 'NONE', #3018 ) ;
#5052 = ORIENTED_EDGE ( 'NONE', *, *, #4681, .T. ) ;
#5053 = ORIENTED_EDGE ( 'NONE', *, *, #4686, .T. ) ;
#5054 = CARTESIAN_POINT ( 'NONE',  ( 0.2198814141738066900, 0.4499999999999999600, -0.05419720553631023100 ) ) ;
#5055 = CARTESIAN_POINT ( 'NONE',  ( 0.2227557940829704200, 0.4489999999999997300, -0.05646324789302650800 ) ) ;
#5056 = CARTESIAN_POINT ( 'NONE',  ( 0.2227557940829704200, 0.4499999999999997300, -0.05646324789302650800 ) ) ;
#5057 = CARTESIAN_POINT ( 'NONE',  ( 0.2259745902830697400, 0.4489999999999999000, -0.05836542425726771300 ) ) ;
#5058 = CARTESIAN_POINT ( 'NONE',  ( 0.2259745902830697400, 0.4499999999999999000, -0.05836542425726771300 ) ) ;
#5059 = CARTESIAN_POINT ( 'NONE',  ( 0.2294384827326034200, 0.4489999999999999000, -0.05991352879405255300 ) ) ;
#5060 = CARTESIAN_POINT ( 'NONE',  ( 0.2294384827326034200, 0.4499999999999999000, -0.05991352879405255300 ) ) ;
#5061 = CARTESIAN_POINT ( 'NONE',  ( 0.2330932177007007700, 0.4489999999999999500, -0.06098148373172993000 ) ) ;
#5062 = CARTESIAN_POINT ( 'NONE',  ( 0.2330932177007007700, 0.4499999999999999600, -0.06098148373172993000 ) ) ;
#5063 = CARTESIAN_POINT ( 'NONE',  ( 0.2368751175052256400, 0.4489999999999997900, -0.06167965849480033100 ) ) ;
#5064 = CARTESIAN_POINT ( 'NONE',  ( 0.2368751175052256400, 0.4499999999999997900, -0.06167965849480033100 ) ) ;
#5065 = CARTESIAN_POINT ( 'NONE',  ( 0.2394493380580416100, 0.4489999999999998400, -0.06175870577019402400 ) ) ;
#5066 = CARTESIAN_POINT ( 'NONE',  ( 0.2394493380580416100, 0.4499999999999998400, -0.06175870577019402400 ) ) ;
#5067 = CARTESIAN_POINT ( 'NONE',  ( 0.2407545606898789100, 0.4489999999999999000, -0.06179878558880790700 ) ) ;
#5068 = CARTESIAN_POINT ( 'NONE',  ( 0.2407545606898789100, 0.4499999999999999000, -0.06179878558880790700 ) ) ;
#5069 = CARTESIAN_POINT ( 'NONE',  ( 0.2063194645360327500, 0.4489999999999998400, 0.01246002851375621600 ) ) ;
#5070 = CARTESIAN_POINT ( 'NONE',  ( 0.2063359754225688500, 0.4489999999999998400, 0.01175833731270436500 ) ) ;
#5071 = CARTESIAN_POINT ( 'NONE',  ( 0.2063686067620492700, 0.4489999999999997900, 0.01037154783039253100 ) ) ;
#5072 = CARTESIAN_POINT ( 'NONE',  ( 0.2065944595686478000, 0.4489999999999998400, 0.008322709879384817800 ) ) ;
#5073 = CARTESIAN_POINT ( 'NONE',  ( 0.2069575584630289100, 0.4489999999999999500, 0.006328534600118401400 ) ) ;
#5074 = CARTESIAN_POINT ( 'NONE',  ( 0.2074506857999864100, 0.4489999999999997900, 0.004381656209334846600 ) ) ;
#5075 = CARTESIAN_POINT ( 'NONE',  ( 0.2081190008419375500, 0.4489999999999999000, 0.002496248423030903200 ) ) ;
#5076 = CARTESIAN_POINT ( 'NONE',  ( 0.2089259189317802500, 0.4489999999999998400, 0.0006633777464763318500 ) ) ;
#5077 = CARTESIAN_POINT ( 'NONE',  ( 0.2098668318596962100, 0.4489999999999997300, -0.001119025080498578100 ) ) ;
#5078 = CARTESIAN_POINT ( 'NONE',  ( 0.2109548651468963800, 0.4489999999999998400, -0.002860707396753169000 ) ) ;
#5079 = CARTESIAN_POINT ( 'NONE',  ( 0.2122206372612179300, 0.4489999999999997900, -0.004537264889020634100 ) ) ;
#5080 = CARTESIAN_POINT ( 'NONE',  ( 0.2136538843979863300, 0.4489999999999999000, -0.006177150449299617700 ) ) ;
#5081 = CARTESIAN_POINT ( 'NONE',  ( 0.2152832520741321500, 0.4489999999999998400, -0.007754918081792647700 ) ) ;
#5082 = CARTESIAN_POINT ( 'NONE',  ( 0.2170906137570052500, 0.4489999999999998400, -0.009289844507983390000 ) ) ;
#5083 = CARTESIAN_POINT ( 'NONE',  ( 0.2190553148845909300, 0.4489999999999999000, -0.01080915804568844700 ) ) ;
#5084 = CARTESIAN_POINT ( 'NONE',  ( 0.2212283871841686500, 0.4489999999999997900, -0.01223075029172347400 ) ) ;
#5085 = CARTESIAN_POINT ( 'NONE',  ( 0.2235522234067620100, 0.4489999999999999500, -0.01365526357066634800 ) ) ;
#5086 = CARTESIAN_POINT ( 'NONE',  ( 0.2252038064241149400, 0.4489999999999999000, -0.01450693001168708300 ) ) ;
#5087 = CARTESIAN_POINT ( 'NONE',  ( 0.2260510350488532700, 0.4489999999999998400, -0.01494381764008994100 ) ) ;
#5088 = CARTESIAN_POINT ( 'NONE',  ( 0.2549372529975711400, 0.4489999999999998400, -0.01494381764008994100 ) ) ;
#5089 = CARTESIAN_POINT ( 'NONE',  ( 0.2549372529975711400, 0.4499999999999999600, -0.01494381764008994100 ) ) ;
#5090 = CARTESIAN_POINT ( 'NONE',  ( 0.2557557829161402600, 0.4489999999999999000, -0.01451701889841476600 ) ) ;
#5091 = CARTESIAN_POINT ( 'NONE',  ( 0.2557557829161402600, 0.4500000000000000100, -0.01451701889841476600 ) ) ;
#5092 = CARTESIAN_POINT ( 'NONE',  ( 0.2573521896192284600, 0.4489999999999999500, -0.01368461881550648400 ) ) ;
#5093 = CARTESIAN_POINT ( 'NONE',  ( 0.2573521896192284600, 0.4500000000000000700, -0.01368461881550648400 ) ) ;
#5094 = CARTESIAN_POINT ( 'NONE',  ( 0.2596258241395196200, 0.4489999999999997900, -0.01234430945298177000 ) ) ;
#5095 = CARTESIAN_POINT ( 'NONE',  ( 0.2596258241395196200, 0.4499999999999999000, -0.01234430945298177000 ) ) ;
#5096 = CARTESIAN_POINT ( 'NONE',  ( 0.2617036813181118400, 0.4489999999999998400, -0.01093171045679555500 ) ) ;
#5097 = CARTESIAN_POINT ( 'NONE',  ( 0.2617036813181118400, 0.4499999999999999600, -0.01093171045679555500 ) ) ;
#5098 = CARTESIAN_POINT ( 'NONE',  ( 0.2636434116549087300, 0.4489999999999999500, -0.009513543045007929000 ) ) ;
#5099 = CARTESIAN_POINT ( 'NONE',  ( 0.2636434116549087300, 0.4500000000000000700, -0.009513543045007929000 ) ) ;
#5100 = CARTESIAN_POINT ( 'NONE',  ( 0.2654109359636717100, 0.4489999999999997900, -0.008035495862183800200 ) ) ;
#5101 = CARTESIAN_POINT ( 'NONE',  ( 0.2654109359636717100, 0.4499999999999999000, -0.008035495862183800200 ) ) ;
#5102 = CARTESIAN_POINT ( 'NONE',  ( 0.2669864906167954100, 0.4489999999999999500, -0.006491691399097890100 ) ) ;
#5103 = CARTESIAN_POINT ( 'NONE',  ( 0.2669864906167954100, 0.4500000000000000700, -0.006491691399097890100 ) ) ;
#5104 = CARTESIAN_POINT ( 'NONE',  ( 0.2684089940430203200, 0.4489999999999997900, -0.004920664390683882800 ) ) ;
#5105 = CARTESIAN_POINT ( 'NONE',  ( 0.2684089940430203200, 0.4499999999999999000, -0.004920664390683882800 ) ) ;
#5106 = CARTESIAN_POINT ( 'NONE',  ( 0.2696497592998594000, 0.4489999999999997900, -0.003295811814547628200 ) ) ;
#5107 = CARTESIAN_POINT ( 'NONE',  ( 0.2696497592998594000, 0.4499999999999999000, -0.003295811814547628200 ) ) ;
#5108 = CARTESIAN_POINT ( 'NONE',  ( 0.2707410974918339500, 0.4489999999999997300, -0.001621450411857620900 ) ) ;
#5109 = CARTESIAN_POINT ( 'NONE',  ( 0.2707410974918339500, 0.4499999999999998400, -0.001621450411857620900 ) ) ;
#5110 = CARTESIAN_POINT ( 'NONE',  ( 0.2716843013547927700, 0.4489999999999998400, 0.0001068145322079198100 ) ) ;
#5111 = CARTESIAN_POINT ( 'NONE',  ( 0.2716843013547927700, 0.4499999999999999600, 0.0001068145322079198100 ) ) ;
#5112 = CARTESIAN_POINT ( 'NONE',  ( 0.2724905071500125000, 0.4489999999999997900, 0.001885195497082917500 ) ) ;
#5113 = CARTESIAN_POINT ( 'NONE',  ( 0.2724905071500125000, 0.4499999999999999000, 0.001885195497082917500 ) ) ;
#5114 = CARTESIAN_POINT ( 'NONE',  ( 0.2731294482564990400, 0.4489999999999996800, 0.003733104923813612500 ) ) ;
#5115 = CARTESIAN_POINT ( 'NONE',  ( 0.2731294482564990400, 0.4499999999999997900, 0.003733104923813612500 ) ) ;
#5116 = CARTESIAN_POINT ( 'NONE',  ( 0.2736557851619517100, 0.4490000000000000100, 0.005623398114045007800 ) ) ;
#5117 = CARTESIAN_POINT ( 'NONE',  ( 0.2736557851619517100, 0.4500000000000001200, 0.005623398114045007800 ) ) ;
#5118 = CARTESIAN_POINT ( 'NONE',  ( 0.2740179453060037600, 0.4489999999999997900, 0.007580483309822920600 ) ) ;
#5119 = CARTESIAN_POINT ( 'NONE',  ( 0.2740179453060037600, 0.4499999999999999000, 0.007580483309822920600 ) ) ;
#5120 = CARTESIAN_POINT ( 'NONE',  ( 0.2742127143865051900, 0.4489999999999999000, 0.009591464478266682400 ) ) ;
#5121 = CARTESIAN_POINT ( 'NONE',  ( 0.2742127143865051900, 0.4500000000000000100, 0.009591464478266682400 ) ) ;
#5122 = CARTESIAN_POINT ( 'NONE',  ( 0.2742495376276840000, 0.4489999999999999500, 0.01095055881209064000 ) ) ;
#5123 = CARTESIAN_POINT ( 'NONE',  ( 0.2742495376276840000, 0.4500000000000000700, 0.01095055881209064000 ) ) ;
#5124 = CARTESIAN_POINT ( 'NONE',  ( 0.2742681824847507100, 0.4489999999999999000, 0.01163871441119211500 ) ) ;
#5125 = CARTESIAN_POINT ( 'NONE',  ( 0.2742681824847507100, 0.4500000000000000100, 0.01163871441119211500 ) ) ;
#5126 = CARTESIAN_POINT ( 'NONE',  ( 0.2666960671001353300, 0.4489999999999998400, 0.03235185543683313800 ) ) ;
#5127 = CARTESIAN_POINT ( 'NONE',  ( 0.2666960671001353300, 0.4499999999999999000, 0.03235185543683313800 ) ) ;
#5128 = CARTESIAN_POINT ( 'NONE',  ( 0.2659007392628694500, 0.4489999999999998400, 0.03322596327085814600 ) ) ;
#5129 = CARTESIAN_POINT ( 'NONE',  ( 0.2659007392628694500, 0.4499999999999999000, 0.03322596327085814600 ) ) ;
#5130 = CARTESIAN_POINT ( 'NONE',  ( 0.2643199116749975200, 0.4489999999999997900, 0.03496337734597970700 ) ) ;
#5131 = CARTESIAN_POINT ( 'NONE',  ( 0.2643199116749975200, 0.4499999999999998400, 0.03496337734597970700 ) ) ;
#5132 = CARTESIAN_POINT ( 'NONE',  ( 0.2616118280288215500, 0.4489999999999999000, 0.03721911477429078200 ) ) ;
#5133 = CARTESIAN_POINT ( 'NONE',  ( 0.2616118280288215500, 0.4499999999999999600, 0.03721911477429078200 ) ) ;
#5134 = CARTESIAN_POINT ( 'NONE',  ( 0.2586397742055090400, 0.4489999999999998400, 0.03911481174838198100 ) ) ;
#5135 = CARTESIAN_POINT ( 'NONE',  ( 0.2586397742055090400, 0.4499999999999999000, 0.03911481174838198100 ) ) ;
#5136 = CARTESIAN_POINT ( 'NONE',  ( 0.2554152504158316800, 0.4489999999999998400, 0.04065972302120549700 ) ) ;
#5137 = CARTESIAN_POINT ( 'NONE',  ( 0.2554152504158316800, 0.4499999999999999000, 0.04065972302120549700 ) ) ;
#5138 = CARTESIAN_POINT ( 'NONE',  ( 0.2519468760899528100, 0.4489999999999997900, 0.04186217613334652900 ) ) ;
#5139 = CARTESIAN_POINT ( 'NONE',  ( 0.2519468760899528100, 0.4499999999999998400, 0.04186217613334652900 ) ) ;
#5140 = CARTESIAN_POINT ( 'NONE',  ( 0.2482353902439438400, 0.4489999999999999500, 0.04272624807372767800 ) ) ;
#5141 = CARTESIAN_POINT ( 'NONE',  ( 0.2482353902439438400, 0.4500000000000000100, 0.04272624807372767800 ) ) ;
#5142 = CARTESIAN_POINT ( 'NONE',  ( 0.2442735573034155200, 0.4489999999999997300, 0.04322117462277233500 ) ) ;
#5143 = CARTESIAN_POINT ( 'NONE',  ( 0.2442735573034155200, 0.4499999999999997900, 0.04322117462277233500 ) ) ;
#5144 = CARTESIAN_POINT ( 'NONE',  ( 0.2415505438429661800, 0.4489999999999998400, 0.04329271718561412300 ) ) ;
#5145 = CARTESIAN_POINT ( 'NONE',  ( 0.2415505438429661800, 0.4499999999999999000, 0.04329271718561412300 ) ) ;
#5146 = CARTESIAN_POINT ( 'NONE',  ( 0.2401535991514172900, 0.4489999999999998400, 0.04332941953939724300 ) ) ;
#5147 = CARTESIAN_POINT ( 'NONE',  ( 0.2401535991514172900, 0.4499999999999999000, 0.04332941953939724300 ) ) ;
#5148 = CARTESIAN_POINT ( 'NONE',  ( 0.2260510350488532900, 0.4489999999999999000, -0.01494381764008994300 ) ) ;
#5149 = CARTESIAN_POINT ( 'NONE',  ( 0.2260510350488532900, 0.4499999999999999000, -0.01494381764008994300 ) ) ;
#5150 = CARTESIAN_POINT ( 'NONE',  ( 0.2248912814867839700, 0.4489999999999999000, -0.01557623960065551400 ) ) ;
#5151 = CARTESIAN_POINT ( 'NONE',  ( 0.2248912814867839700, 0.4499999999999999000, -0.01557623960065551400 ) ) ;
#5152 = CARTESIAN_POINT ( 'NONE',  ( 0.2226456739761789300, 0.4489999999999997300, -0.01680078553089919500 ) ) ;
#5153 = CARTESIAN_POINT ( 'NONE',  ( 0.2226456739761789300, 0.4499999999999997300, -0.01680078553089919500 ) ) ;
#5154 = CARTESIAN_POINT ( 'NONE',  ( 0.2196722613723951200, 0.4489999999999999500, -0.01905069427641672600 ) ) ;
#5155 = CARTESIAN_POINT ( 'NONE',  ( 0.2196722613723951200, 0.4499999999999999600, -0.01905069427641672600 ) ) ;
#5156 = CARTESIAN_POINT ( 'NONE',  ( 0.2171182435594159200, 0.4489999999999997900, -0.02148748898542278800 ) ) ;
#5157 = CARTESIAN_POINT ( 'NONE',  ( 0.2171182435594159200, 0.4499999999999997900, -0.02148748898542278800 ) ) ;
#5158 = CARTESIAN_POINT ( 'NONE',  ( 0.2150538230561215600, 0.4489999999999997300, -0.02416262598037916700 ) ) ;
#5159 = CARTESIAN_POINT ( 'NONE',  ( 0.2150538230561215600, 0.4499999999999997300, -0.02416262598037916700 ) ) ;
#5160 = CARTESIAN_POINT ( 'NONE',  ( 0.2134289022540601700, 0.4489999999999999000, -0.02699253667477763800 ) ) ;
#5161 = CARTESIAN_POINT ( 'NONE',  ( 0.2134289022540601700, 0.4499999999999999000, -0.02699253667477763800 ) ) ;
#5162 = CARTESIAN_POINT ( 'NONE',  ( 0.2123140849812963100, 0.4489999999999998400, -0.02995951531418756400 ) ) ;
#5163 = CARTESIAN_POINT ( 'NONE',  ( 0.2123140849812963100, 0.4499999999999998400, -0.02995951531418756400 ) ) ;
#5164 = CARTESIAN_POINT ( 'NONE',  ( 0.2115598997240365800, 0.4489999999999997900, -0.03300854712862685800 ) ) ;
#5165 = CARTESIAN_POINT ( 'NONE',  ( 0.2115598997240365800, 0.4499999999999997900, -0.03300854712862685800 ) ) ;
#5166 = CARTESIAN_POINT ( 'NONE',  ( 0.2114851903771445300, 0.4489999999999997900, -0.03509158131656263400 ) ) ;
#5167 = CARTESIAN_POINT ( 'NONE',  ( 0.2114851903771445300, 0.4499999999999997900, -0.03509158131656263400 ) ) ;
#5168 = CARTESIAN_POINT ( 'NONE',  ( 0.2114476696642378600, 0.4489999999999999000, -0.03613772789650020900 ) ) ;
#5169 = CARTESIAN_POINT ( 'NONE',  ( 0.2114476696642378600, 0.4499999999999999000, -0.03613772789650020900 ) ) ;
#5170 = CARTESIAN_POINT ( 'NONE',  ( 0.2407545606898788800, 0.4489999999999998400, -0.06179878558880789300 ) ) ;
#5171 = CARTESIAN_POINT ( 'NONE',  ( 0.2407545606898788800, 0.4499999999999999600, -0.06179878558880789300 ) ) ;
#5172 = CARTESIAN_POINT ( 'NONE',  ( 0.2420260982610514500, 0.4489999999999997900, -0.06175746149995217000 ) ) ;
#5173 = CARTESIAN_POINT ( 'NONE',  ( 0.2420260982610514500, 0.4499999999999999000, -0.06175746149995217000 ) ) ;
#5174 = CARTESIAN_POINT ( 'NONE',  ( 0.2445334254939784400, 0.4489999999999997900, -0.06167597510449451100 ) ) ;
#5175 = CARTESIAN_POINT ( 'NONE',  ( 0.2445334254939784400, 0.4499999999999999000, -0.06167597510449451100 ) ) ;
#5176 = CARTESIAN_POINT ( 'NONE',  ( 0.2482189862819417200, 0.4489999999999999500, -0.06099635001700993300 ) ) ;
#5177 = CARTESIAN_POINT ( 'NONE',  ( 0.2482189862819417200, 0.4500000000000000700, -0.06099635001700993300 ) ) ;
#5178 = CARTESIAN_POINT ( 'NONE',  ( 0.2517454113515393300, 0.4489999999999997300, -0.05986122088140585800 ) ) ;
#5179 = CARTESIAN_POINT ( 'NONE',  ( 0.2517454113515393300, 0.4499999999999998400, -0.05986122088140585800 ) ) ;
#5180 = CARTESIAN_POINT ( 'NONE',  ( 0.2551005398924098300, 0.4489999999999996800, -0.05832130021485792300 ) ) ;
#5181 = CARTESIAN_POINT ( 'NONE',  ( 0.2551005398924098300, 0.4499999999999997900, -0.05832130021485792300 ) ) ;
#5182 = CARTESIAN_POINT ( 'NONE',  ( 0.2582243075344068400, 0.4490000000000000100, -0.05642453047751230800 ) ) ;
#5183 = CARTESIAN_POINT ( 'NONE',  ( 0.2582243075344068400, 0.4500000000000001200, -0.05642453047751230800 ) ) ;
#5184 = CARTESIAN_POINT ( 'NONE',  ( 0.2609843735130851200, 0.4489999999999997900, -0.05412736264690434100 ) ) ;
#5185 = CARTESIAN_POINT ( 'NONE',  ( 0.2609843735130851200, 0.4499999999999999000, -0.05412736264690434100 ) ) ;
#5186 = CARTESIAN_POINT ( 'NONE',  ( 0.2634224472835252600, 0.4489999999999997900, -0.05155188976916692100 ) ) ;
#5187 = CARTESIAN_POINT ( 'NONE',  ( 0.2634224472835252600, 0.4499999999999999000, -0.05155188976916692100 ) ) ;
#5188 = CARTESIAN_POINT ( 'NONE',  ( 0.2654391442623359500, 0.4489999999999997900, -0.04866847253163526100 ) ) ;
#5189 = CARTESIAN_POINT ( 'NONE',  ( 0.2654391442623359500, 0.4499999999999999000, -0.04866847253163526100 ) ) ;
#5190 = CARTESIAN_POINT ( 'NONE',  ( 0.2671009411028657500, 0.4489999999999998400, -0.04562035271348031900 ) ) ;
#5191 = CARTESIAN_POINT ( 'NONE',  ( 0.2671009411028657500, 0.4499999999999999600, -0.04562035271348031900 ) ) ;
#5192 = CARTESIAN_POINT ( 'NONE',  ( 0.2682581097061985100, 0.4489999999999997900, -0.04243113783082529800 ) ) ;
#5193 = CARTESIAN_POINT ( 'NONE',  ( 0.2682581097061985100, 0.4499999999999999000, -0.04243113783082529800 ) ) ;
#5194 = CARTESIAN_POINT ( 'NONE',  ( 0.2689995946768382100, 0.4489999999999999000, -0.03916973614906871900 ) ) ;
#5195 = CARTESIAN_POINT ( 'NONE',  ( 0.2689995946768382100, 0.4500000000000000100, -0.03916973614906871900 ) ) ;
#5196 = CARTESIAN_POINT ( 'NONE',  ( 0.2690931193674241400, 0.4489999999999998400, -0.03696293603745596400 ) ) ;
#5197 = CARTESIAN_POINT ( 'NONE',  ( 0.2690931193674241400, 0.4499999999999999600, -0.03696293603745596400 ) ) ;
#5198 = CARTESIAN_POINT ( 'NONE',  ( 0.2691399773565456000, 0.4489999999999998400, -0.03585727917855148500 ) ) ;
#5199 = CARTESIAN_POINT ( 'NONE',  ( 0.2691399773565456000, 0.4499999999999999600, -0.03585727917855148500 ) ) ;
#5200 = CARTESIAN_POINT ( 'NONE',  ( 0.3511912594078276400, 0.4489999999999998400, -0.009194618922141226100 ) ) ;
#5201 = CARTESIAN_POINT ( 'NONE',  ( 0.3511912594078276400, 0.4499999999999997900, -0.009194618922141226100 ) ) ;
#5202 = CARTESIAN_POINT ( 'NONE',  ( 0.3511726427065726100, 0.4489999999999997900, -0.007665364409543936100 ) ) ;
#5203 = CARTESIAN_POINT ( 'NONE',  ( 0.3511726427065726100, 0.4499999999999997300, -0.007665364409543936100 ) ) ;
#5204 = CARTESIAN_POINT ( 'NONE',  ( 0.3511363688233869500, 0.4489999999999997900, -0.004685674356434618700 ) ) ;
#5205 = CARTESIAN_POINT ( 'NONE',  ( 0.3511363688233869500, 0.4499999999999997300, -0.004685674356434618700 ) ) ;
#5206 = CARTESIAN_POINT ( 'NONE',  ( 0.3509484057728808900, 0.4489999999999998400, -0.0003276464901549244200 ) ) ;
#5207 = CARTESIAN_POINT ( 'NONE',  ( 0.3509484057728808900, 0.4499999999999997900, -0.0003276464901549244200 ) ) ;
#5208 = CARTESIAN_POINT ( 'NONE',  ( 0.3505781591677743500, 0.4489999999999999500, 0.003786583318375398600 ) ) ;
#5209 = CARTESIAN_POINT ( 'NONE',  ( 0.3505781591677743500, 0.4499999999999999000, 0.003786583318375398600 ) ) ;
#5210 = CARTESIAN_POINT ( 'NONE',  ( 0.3501150166446663800, 0.4489999999999997300, 0.007666882245767340400 ) ) ;
#5211 = CARTESIAN_POINT ( 'NONE',  ( 0.3501150166446663800, 0.4499999999999996800, 0.007666882245767340400 ) ) ;
#5212 = CARTESIAN_POINT ( 'NONE',  ( 0.3494735605597115200, 0.4489999999999999500, 0.01129709992670901100 ) ) ;
#5213 = CARTESIAN_POINT ( 'NONE',  ( 0.3494735605597115200, 0.4499999999999999000, 0.01129709992670901100 ) ) ;
#5214 = CARTESIAN_POINT ( 'NONE',  ( 0.3486848415239604500, 0.4489999999999998400, 0.01468979845436354900 ) ) ;
#5215 = CARTESIAN_POINT ( 'NONE',  ( 0.3486848415239604500, 0.4499999999999997900, 0.01468979845436354900 ) ) ;
#5216 = CARTESIAN_POINT ( 'NONE',  ( 0.3478091180147672200, 0.4489999999999998400, 0.01785962907337576900 ) ) ;
#5217 = CARTESIAN_POINT ( 'NONE',  ( 0.3478091180147672200, 0.4499999999999997900, 0.01785962907337576900 ) ) ;
#5218 = CARTESIAN_POINT ( 'NONE',  ( 0.3467281238973441400, 0.4489999999999997300, 0.02078062369080304100 ) ) ;
#5219 = CARTESIAN_POINT ( 'NONE',  ( 0.3467281238973441400, 0.4499999999999996800, 0.02078062369080304100 ) ) ;
#5220 = CARTESIAN_POINT ( 'NONE',  ( 0.3455449607445662500, 0.4489999999999999500, 0.02349353005836853400 ) ) ;
#5221 = CARTESIAN_POINT ( 'NONE',  ( 0.3455449607445662500, 0.4499999999999999000, 0.02349353005836853400 ) ) ;
#5222 = CARTESIAN_POINT ( 'NONE',  ( 0.3442576694252695300, 0.4489999999999997300, 0.02602687715350275900 ) ) ;
#5223 = CARTESIAN_POINT ( 'NONE',  ( 0.3442576694252695300, 0.4499999999999996800, 0.02602687715350275900 ) ) ;
#5224 = CARTESIAN_POINT ( 'NONE',  ( 0.3428785315371074000, 0.4489999999999999500, 0.02840305694434953900 ) ) ;
#5225 = CARTESIAN_POINT ( 'NONE',  ( 0.3428785315371074000, 0.4499999999999999000, 0.02840305694434953900 ) ) ;
#5226 = CARTESIAN_POINT ( 'NONE',  ( 0.3413759959655923200, 0.4489999999999997300, 0.03060304971381124600 ) ) ;
#5227 = CARTESIAN_POINT ( 'NONE',  ( 0.3413759959655923200, 0.4499999999999996800, 0.03060304971381124600 ) ) ;
#5228 = CARTESIAN_POINT ( 'NONE',  ( 0.3397744698742657900, 0.4489999999999998400, 0.03264243991589319700 ) ) ;
#5229 = CARTESIAN_POINT ( 'NONE',  ( 0.3397744698742657900, 0.4499999999999997900, 0.03264243991589319700 ) ) ;
#5230 = CARTESIAN_POINT ( 'NONE',  ( 0.3380396759087518900, 0.4489999999999998400, 0.03448522913450845200 ) ) ;
#5231 = CARTESIAN_POINT ( 'NONE',  ( 0.3380396759087518900, 0.4499999999999997900, 0.03448522913450845200 ) ) ;
#5232 = CARTESIAN_POINT ( 'NONE',  ( 0.3362205163344094100, 0.4489999999999997900, 0.03617581976202689100 ) ) ;
#5233 = CARTESIAN_POINT ( 'NONE',  ( 0.3362205163344094100, 0.4499999999999997300, 0.03617581976202689100 ) ) ;
#5234 = CARTESIAN_POINT ( 'NONE',  ( 0.3342944473105822800, 0.4489999999999999500, 0.03768015197523133500 ) ) ;
#5235 = CARTESIAN_POINT ( 'NONE',  ( 0.3342944473105822800, 0.4499999999999999000, 0.03768015197523133500 ) ) ;
#5236 = CARTESIAN_POINT ( 'NONE',  ( 0.3322826887039492800, 0.4489999999999998400, 0.03899686067912733200 ) ) ;
#5237 = CARTESIAN_POINT ( 'NONE',  ( 0.3322826887039492800, 0.4499999999999997900, 0.03899686067912733200 ) ) ;
#5238 = CARTESIAN_POINT ( 'NONE',  ( 0.3302267150775239400, 0.4489999999999997900, 0.04017439926163651800 ) ) ;
#5239 = CARTESIAN_POINT ( 'NONE',  ( 0.3302267150775239400, 0.4499999999999997300, 0.04017439926163651800 ) ) ;
#5240 = CARTESIAN_POINT ( 'NONE',  ( 0.3280900469818873200, 0.4489999999999998400, 0.04112390483448927200 ) ) ;
#5241 = CARTESIAN_POINT ( 'NONE',  ( 0.3280900469818873200, 0.4499999999999997900, 0.04112390483448927200 ) ) ;
#5242 = CARTESIAN_POINT ( 'NONE',  ( 0.3259211054753299300, 0.4489999999999999000, 0.04193919171956796100 ) ) ;
#5243 = CARTESIAN_POINT ( 'NONE',  ( 0.3259211054753299300, 0.4499999999999998400, 0.04193919171956796100 ) ) ;
#5244 = CARTESIAN_POINT ( 'NONE',  ( 0.3236888664434740500, 0.4489999999999998400, 0.04256206177345778200 ) ) ;
#5245 = CARTESIAN_POINT ( 'NONE',  ( 0.3236888664434740500, 0.4499999999999997900, 0.04256206177345778200 ) ) ;
#5246 = CARTESIAN_POINT ( 'NONE',  ( 0.3213961124237756400, 0.4489999999999997300, 0.04299274335976061700 ) ) ;
#5247 = CARTESIAN_POINT ( 'NONE',  ( 0.3213961124237756400, 0.4499999999999996800, 0.04299274335976061700 ) ) ;
#5248 = CARTESIAN_POINT ( 'NONE',  ( 0.3190545056829560100, 0.4489999999999999500, 0.04329479617275421000 ) ) ;
#5249 = CARTESIAN_POINT ( 'NONE',  ( 0.3190545056829560100, 0.4499999999999999000, 0.04329479617275421000 ) ) ;
#5250 = CARTESIAN_POINT ( 'NONE',  ( 0.3174716038234916500, 0.4489999999999998400, 0.04331783845490576300 ) ) ;
#5251 = CARTESIAN_POINT ( 'NONE',  ( 0.3174716038234916500, 0.4499999999999997900, 0.04331783845490576300 ) ) ;
#5252 = CARTESIAN_POINT ( 'NONE',  ( 0.3166760350488532800, 0.4489999999999998400, 0.04332941953939724300 ) ) ;
#5253 = CARTESIAN_POINT ( 'NONE',  ( 0.3166760350488532800, 0.4499999999999997900, 0.04332941953939724300 ) ) ;
#5254 = CARTESIAN_POINT ( 'NONE',  ( 0.2742681824847506600, 0.4489999999999998400, 0.01163871441119211300 ) ) ;
#5255 = CARTESIAN_POINT ( 'NONE',  ( 0.2742681824847506600, 0.4499999999999999600, 0.01163871441119211300 ) ) ;
#5256 = CARTESIAN_POINT ( 'NONE',  ( 0.2742461418979073600, 0.4489999999999999000, 0.01260150677192916500 ) ) ;
#5257 = CARTESIAN_POINT ( 'NONE',  ( 0.2742461418979073600, 0.4500000000000000100, 0.01260150677192916500 ) ) ;
#5258 = CARTESIAN_POINT ( 'NONE',  ( 0.2742025153065650300, 0.4489999999999999500, 0.01450723410886731900 ) ) ;
#5259 = CARTESIAN_POINT ( 'NONE',  ( 0.2742025153065650300, 0.4500000000000000700, 0.01450723410886731900 ) ) ;
#5260 = CARTESIAN_POINT ( 'NONE',  ( 0.2738225157630099200, 0.4489999999999998400, 0.01731998015165392800 ) ) ;
#5261 = CARTESIAN_POINT ( 'NONE',  ( 0.2738225157630099200, 0.4499999999999999600, 0.01731998015165392800 ) ) ;
#5262 = CARTESIAN_POINT ( 'NONE',  ( 0.2732535735206032000, 0.4489999999999999000, 0.02005174534961029100 ) ) ;
#5263 = CARTESIAN_POINT ( 'NONE',  ( 0.2732535735206032000, 0.4500000000000000100, 0.02005174534961029100 ) ) ;
#5264 = CARTESIAN_POINT ( 'NONE',  ( 0.2724227303126396400, 0.4490000000000000100, 0.02270193080147149500 ) ) ;
#5265 = CARTESIAN_POINT ( 'NONE',  ( 0.2724227303126396400, 0.4500000000000001200, 0.02270193080147149500 ) ) ;
#5266 = CARTESIAN_POINT ( 'NONE',  ( 0.2713452048597922400, 0.4489999999999997900, 0.02525591289695724300 ) ) ;
#5267 = CARTESIAN_POINT ( 'NONE',  ( 0.2713452048597922400, 0.4499999999999999000, 0.02525591289695724300 ) ) ;
#5268 = CARTESIAN_POINT ( 'NONE',  ( 0.2700172952603703300, 0.4489999999999999000, 0.02771587785247300900 ) ) ;
#5269 = CARTESIAN_POINT ( 'NONE',  ( 0.2700172952603703300, 0.4500000000000000100, 0.02771587785247300900 ) ) ;
#5270 = CARTESIAN_POINT ( 'NONE',  ( 0.2685141179704637100, 0.4489999999999997300, 0.03012214382886812400 ) ) ;
#5271 = CARTESIAN_POINT ( 'NONE',  ( 0.2685141179704637100, 0.4499999999999998400, 0.03012214382886812400 ) ) ;
#5272 = CARTESIAN_POINT ( 'NONE',  ( 0.2673069111360038600, 0.4489999999999997900, 0.03160269816094985600 ) ) ;
#5273 = CARTESIAN_POINT ( 'NONE',  ( 0.2673069111360038600, 0.4499999999999999000, 0.03160269816094985600 ) ) ;
#5274 = CARTESIAN_POINT ( 'NONE',  ( 0.2666960671001353300, 0.4489999999999998400, 0.03235185543683313800 ) ) ;
#5275 = CARTESIAN_POINT ( 'NONE',  ( 0.2666960671001353300, 0.4499999999999999600, 0.03235185543683313800 ) ) ;
#5276 = CARTESIAN_POINT ( 'NONE',  ( 0.3166760350488532800, 0.4489999999999998400, 0.04332941953939724300 ) ) ;
#5277 = CARTESIAN_POINT ( 'NONE',  ( 0.3166760350488532800, 0.4499999999999999000, 0.04332941953939724300 ) ) ;
#5278 = CARTESIAN_POINT ( 'NONE',  ( 0.3158873460778459700, 0.4489999999999998400, 0.04331609509771698600 ) ) ;
#5279 = CARTESIAN_POINT ( 'NONE',  ( 0.3158873460778459700, 0.4499999999999999000, 0.04331609509771698600 ) ) ;
#5280 = CARTESIAN_POINT ( 'NONE',  ( 0.3143322053702599100, 0.4489999999999998400, 0.04328982189950507400 ) ) ;
#5281 = CARTESIAN_POINT ( 'NONE',  ( 0.3143322053702599100, 0.4499999999999999000, 0.04328982189950507400 ) ) ;
#5282 = CARTESIAN_POINT ( 'NONE',  ( 0.3120278503577042000, 0.4489999999999998400, 0.04301800099984256400 ) ) ;
#5283 = CARTESIAN_POINT ( 'NONE',  ( 0.3120278503577042000, 0.4499999999999999000, 0.04301800099984256400 ) ) ;
#5284 = CARTESIAN_POINT ( 'NONE',  ( 0.3097912091165628800, 0.4489999999999999000, 0.04258098662234670300 ) ) ;
#5285 = CARTESIAN_POINT ( 'NONE',  ( 0.3097912091165628800, 0.4499999999999999600, 0.04258098662234670300 ) ) ;
#5286 = CARTESIAN_POINT ( 'NONE',  ( 0.3076112447154884000, 0.4489999999999997300, 0.04196908364831571100 ) ) ;
#5287 = CARTESIAN_POINT ( 'NONE',  ( 0.3076112447154884000, 0.4499999999999997900, 0.04196908364831571100 ) ) ;
#5288 = CARTESIAN_POINT ( 'NONE',  ( 0.3054767728559545400, 0.4489999999999999000, 0.04122008832501752900 ) ) ;
#5289 = CARTESIAN_POINT ( 'NONE',  ( 0.3054767728559545400, 0.4499999999999999600, 0.04122008832501752900 ) ) ;
#5290 = CARTESIAN_POINT ( 'NONE',  ( 0.3034168789515032700, 0.4489999999999999000, 0.04024426879350366500 ) ) ;
#5291 = CARTESIAN_POINT ( 'NONE',  ( 0.3034168789515032700, 0.4499999999999999600, 0.04024426879350366500 ) ) ;
#5292 = CARTESIAN_POINT ( 'NONE',  ( 0.3014086594174839000, 0.4489999999999997900, 0.03912043825190472700 ) ) ;
#5293 = CARTESIAN_POINT ( 'NONE',  ( 0.3014086594174839000, 0.4499999999999998400, 0.03912043825190472700 ) ) ;
#5294 = CARTESIAN_POINT ( 'NONE',  ( 0.2994574721026815900, 0.4489999999999997900, 0.03784056906795373700 ) ) ;
#5295 = CARTESIAN_POINT ( 'NONE',  ( 0.2994574721026815900, 0.4499999999999998400, 0.03784056906795373700 ) ) ;
#5296 = CARTESIAN_POINT ( 'NONE',  ( 0.2975999817872578300, 0.4489999999999997900, 0.03637423526428541100 ) ) ;
#5297 = CARTESIAN_POINT ( 'NONE',  ( 0.2975999817872578300, 0.4499999999999998400, 0.03637423526428541100 ) ) ;
#5298 = CARTESIAN_POINT ( 'NONE',  ( 0.2958257359211482500, 0.4489999999999998400, 0.03475239844467147000 ) ) ;
#5299 = CARTESIAN_POINT ( 'NONE',  ( 0.2958257359211482500, 0.4499999999999999000, 0.03475239844467147000 ) ) ;
#5300 = CARTESIAN_POINT ( 'NONE',  ( 0.2941793068040919900, 0.4489999999999998400, 0.03293458669331663500 ) ) ;
#5301 = CARTESIAN_POINT ( 'NONE',  ( 0.2941793068040919900, 0.4499999999999999000, 0.03293458669331663500 ) ) ;
#5302 = CARTESIAN_POINT ( 'NONE',  ( 0.2926469040721683100, 0.4489999999999997900, 0.03094950317595330700 ) ) ;
#5303 = CARTESIAN_POINT ( 'NONE',  ( 0.2926469040721683100, 0.4499999999999998400, 0.03094950317595330700 ) ) ;
#5304 = CARTESIAN_POINT ( 'NONE',  ( 0.2911905015522900400, 0.4489999999999998400, 0.02881541053787467500 ) ) ;
#5305 = CARTESIAN_POINT ( 'NONE',  ( 0.2911905015522900400, 0.4499999999999999000, 0.02881541053787467500 ) ) ;
#5306 = CARTESIAN_POINT ( 'NONE',  ( 0.2898508051717400000, 0.4489999999999998400, 0.02650317130800554400 ) ) ;
#5307 = CARTESIAN_POINT ( 'NONE',  ( 0.2898508051717400000, 0.4499999999999999000, 0.02650317130800554400 ) ) ;
#5308 = CARTESIAN_POINT ( 'NONE',  ( 0.2886116379126528200, 0.4489999999999998400, 0.02402195386544530100 ) ) ;
#5309 = CARTESIAN_POINT ( 'NONE',  ( 0.2886116379126528200, 0.4499999999999999000, 0.02402195386544530100 ) ) ;
#5310 = CARTESIAN_POINT ( 'NONE',  ( 0.2874789667506949000, 0.4489999999999999500, 0.02135572784615681300 ) ) ;
#5311 = CARTESIAN_POINT ( 'NONE',  ( 0.2874789667506949000, 0.4500000000000000100, 0.02135572784615681300 ) ) ;
#5312 = CARTESIAN_POINT ( 'NONE',  ( 0.2864747192216970900, 0.4489999999999999000, 0.01846558705016289700 ) ) ;
#5313 = CARTESIAN_POINT ( 'NONE',  ( 0.2864747192216970900, 0.4499999999999999600, 0.01846558705016289700 ) ) ;
#5314 = CARTESIAN_POINT ( 'NONE',  ( 0.2855876418470279500, 0.4489999999999997900, 0.01531846766437749100 ) ) ;
#5315 = CARTESIAN_POINT ( 'NONE',  ( 0.2855876418470279500, 0.4499999999999998400, 0.01531846766437749100 ) ) ;
#5316 = CARTESIAN_POINT ( 'NONE',  ( 0.2848872373478831300, 0.4489999999999999500, 0.01188659234683344700 ) ) ;
#5317 = CARTESIAN_POINT ( 'NONE',  ( 0.2848872373478831300, 0.4500000000000000100, 0.01188659234683344700 ) ) ;
#5318 = CARTESIAN_POINT ( 'NONE',  ( 0.2842877243383725200, 0.4489999999999998400, 0.008197524715251036700 ) ) ;
#5319 = CARTESIAN_POINT ( 'NONE',  ( 0.2842877243383725200, 0.4499999999999999000, 0.008197524715251036700 ) ) ;
#5320 = CARTESIAN_POINT ( 'NONE',  ( 0.2838041705371297500, 0.4490000000000000100, 0.004235412418512610900 ) ) ;
#5321 = CARTESIAN_POINT ( 'NONE',  ( 0.2838041705371297500, 0.4500000000000000700, 0.004235412418512610900 ) ) ;
#5322 = CARTESIAN_POINT ( 'NONE',  ( 0.2834740469566047700, 0.4489999999999999000, -1.895529684322179800E-006 ) ) ;
#5323 = CARTESIAN_POINT ( 'NONE',  ( 0.2834740469566047700, 0.4499999999999999600, -1.895529684322179800E-006 ) ) ;
#5324 = CARTESIAN_POINT ( 'NONE',  ( 0.2832700093841543600, 0.4489999999999997300, -0.004511758641859995100 ) ) ;
#5325 = CARTESIAN_POINT ( 'NONE',  ( 0.2832700093841543600, 0.4499999999999997900, -0.004511758641859995100 ) ) ;
#5326 = CARTESIAN_POINT ( 'NONE',  ( 0.2832518645150082200, 0.4489999999999999000, -0.007605180765191638800 ) ) ;
#5327 = CARTESIAN_POINT ( 'NONE',  ( 0.2832518645150082200, 0.4499999999999999600, -0.007605180765191638800 ) ) ;
#5328 = CARTESIAN_POINT ( 'NONE',  ( 0.2832425414591096000, 0.4489999999999998400, -0.009194618922141226100 ) ) ;
#5329 = CARTESIAN_POINT ( 'NONE',  ( 0.2832425414591096000, 0.4499999999999999000, -0.009194618922141226100 ) ) ;
#5330 = CARTESIAN_POINT ( 'NONE',  ( 0.2832425414591096000, 0.4489999999999998400, -0.009194618922141226100 ) ) ;
#5331 = CARTESIAN_POINT ( 'NONE',  ( 0.2832425414591096000, 0.4499999999999997900, -0.009194618922141226100 ) ) ;
#5332 = CARTESIAN_POINT ( 'NONE',  ( 0.2832519134064656600, 0.4489999999999998400, -0.01079740142883406000 ) ) ;
#5333 = CARTESIAN_POINT ( 'NONE',  ( 0.2832519134064656600, 0.4499999999999997900, -0.01079740142883406000 ) ) ;
#5334 = CARTESIAN_POINT ( 'NONE',  ( 0.2832701185492898500, 0.4489999999999997300, -0.01391082955019024000 ) ) ;
#5335 = CARTESIAN_POINT ( 'NONE',  ( 0.2832701185492898500, 0.4499999999999996800, -0.01391082955019024000 ) ) ;
#5336 = CARTESIAN_POINT ( 'NONE',  ( 0.2834726448619252500, 0.4489999999999998400, -0.01844753360924168000 ) ) ;
#5337 = CARTESIAN_POINT ( 'NONE',  ( 0.2834726448619252500, 0.4499999999999997900, -0.01844753360924168000 ) ) ;
#5338 = CARTESIAN_POINT ( 'NONE',  ( 0.2594609461821315600, 0.4489999999999999500, -0.04036925984245016300 ) ) ;
#5339 = CARTESIAN_POINT ( 'NONE',  ( 0.2594609461821315600, 0.4500000000000000100, -0.04036925984245016300 ) ) ;
#5340 = CARTESIAN_POINT ( 'NONE',  ( 0.2589048581801075000, 0.4489999999999998400, -0.04170966757695828600 ) ) ;
#5341 = CARTESIAN_POINT ( 'NONE',  ( 0.2589048581801075000, 0.4499999999999999000, -0.04170966757695828600 ) ) ;
#5342 = CARTESIAN_POINT ( 'NONE',  ( 0.2581731497580667700, 0.4489999999999998400, -0.04301083135084615000 ) ) ;
#5343 = CARTESIAN_POINT ( 'NONE',  ( 0.2581731497580667700, 0.4499999999999999000, -0.04301083135084615000 ) ) ;
#5344 = CARTESIAN_POINT ( 'NONE',  ( 0.2573056015446571500, 0.4490000000000000100, -0.04429320529397360500 ) ) ;
#5345 = CARTESIAN_POINT ( 'NONE',  ( 0.2573056015446571500, 0.4500000000000000700, -0.04429320529397360500 ) ) ;
#5346 = CARTESIAN_POINT ( 'NONE',  ( 0.2562517586473578300, 0.4489999999999999000, -0.04552794140250364400 ) ) ;
#5347 = CARTESIAN_POINT ( 'NONE',  ( 0.2562517586473578300, 0.4499999999999999600, -0.04552794140250364400 ) ) ;
#5348 = CARTESIAN_POINT ( 'NONE',  ( 0.2550690034076372700, 0.4489999999999999000, -0.04674381421718870600 ) ) ;
#5349 = CARTESIAN_POINT ( 'NONE',  ( 0.2550690034076372700, 0.4499999999999999600, -0.04674381421718870600 ) ) ;
#5350 = CARTESIAN_POINT ( 'NONE',  ( 0.2537277060179793900, 0.4489999999999999500, -0.04786907203637583800 ) ) ;
#5351 = CARTESIAN_POINT ( 'NONE',  ( 0.2537277060179793900, 0.4500000000000000100, -0.04786907203637583800 ) ) ;
#5352 = CARTESIAN_POINT ( 'NONE',  ( 0.2522304513811335400, 0.4489999999999997300, -0.04885863518576320800 ) ) ;
#5353 = CARTESIAN_POINT ( 'NONE',  ( 0.2522304513811335400, 0.4499999999999997900, -0.04885863518576320800 ) ) ;
#5354 = CARTESIAN_POINT ( 'NONE',  ( 0.2505849156559799000, 0.4489999999999998400, -0.04969898823013196900 ) ) ;
#5355 = CARTESIAN_POINT ( 'NONE',  ( 0.2505849156559799000, 0.4499999999999999000, -0.04969898823013196900 ) ) ;
#5356 = CARTESIAN_POINT ( 'NONE',  ( 0.2487910599423595600, 0.4489999999999998400, -0.05038152408092957300 ) ) ;
#5357 = CARTESIAN_POINT ( 'NONE',  ( 0.2487910599423595600, 0.4499999999999999000, -0.05038152408092957300 ) ) ;
#5358 = CARTESIAN_POINT ( 'NONE',  ( 0.2468554906823554100, 0.4489999999999997900, -0.05089416264205454800 ) ) ;
#5359 = CARTESIAN_POINT ( 'NONE',  ( 0.2468554906823554100, 0.4499999999999998400, -0.05089416264205454800 ) ) ;
#5360 = CARTESIAN_POINT ( 'NONE',  ( 0.2447871228410223000, 0.4489999999999998400, -0.05127805829291499900 ) ) ;
#5361 = CARTESIAN_POINT ( 'NONE',  ( 0.2447871228410223000, 0.4499999999999999000, -0.05127805829291499900 ) ) ;
#5362 = CARTESIAN_POINT ( 'NONE',  ( 0.2425687100706930300, 0.4489999999999998400, -0.05149443290573926800 ) ) ;
#5363 = CARTESIAN_POINT ( 'NONE',  ( 0.2425687100706930300, 0.4499999999999999000, -0.05149443290573926800 ) ) ;
#5364 = CARTESIAN_POINT ( 'NONE',  ( 0.2410421457545545400, 0.4489999999999999000, -0.05152604791980404400 ) ) ;
#5365 = CARTESIAN_POINT ( 'NONE',  ( 0.2410421457545545400, 0.4499999999999999600, -0.05152604791980404400 ) ) ;
#5366 = CARTESIAN_POINT ( 'NONE',  ( 0.2402537594078276200, 0.4489999999999999000, -0.05154237533239764600 ) ) ;
#5367 = CARTESIAN_POINT ( 'NONE',  ( 0.2402537594078276200, 0.4499999999999999600, -0.05154237533239764600 ) ) ;
#5368 = CARTESIAN_POINT ( 'NONE',  ( 0.2204220286385967800, 0.4489999999999998400, -0.03599750353752584300 ) ) ;
#5369 = CARTESIAN_POINT ( 'NONE',  ( 0.2204220286385967800, 0.4499999999999999000, -0.03599750353752584300 ) ) ;
#5370 = CARTESIAN_POINT ( 'NONE',  ( 0.2204416676932379200, 0.4489999999999997900, -0.03547520326538417000 ) ) ;
#5371 = CARTESIAN_POINT ( 'NONE',  ( 0.2204416676932379200, 0.4499999999999998400, -0.03547520326538417000 ) ) ;
#5372 = CARTESIAN_POINT ( 'NONE',  ( 0.2204804772865189000, 0.4489999999999997300, -0.03444306289494951400 ) ) ;
#5373 = CARTESIAN_POINT ( 'NONE',  ( 0.2204804772865189000, 0.4499999999999997900, -0.03444306289494951400 ) ) ;
#5374 = CARTESIAN_POINT ( 'NONE',  ( 0.2207806238014801700, 0.4489999999999997900, -0.03291889529542232200 ) ) ;
#5375 = CARTESIAN_POINT ( 'NONE',  ( 0.2207806238014801700, 0.4499999999999998400, -0.03291889529542232200 ) ) ;
#5376 = CARTESIAN_POINT ( 'NONE',  ( 0.2212279625098366700, 0.4489999999999999000, -0.03142113424587886900 ) ) ;
#5377 = CARTESIAN_POINT ( 'NONE',  ( 0.2212279625098366700, 0.4499999999999999600, -0.03142113424587886900 ) ) ;
#5378 = CARTESIAN_POINT ( 'NONE',  ( 0.2219322671220110800, 0.4489999999999997900, -0.02998539392998278800 ) ) ;
#5379 = CARTESIAN_POINT ( 'NONE',  ( 0.2219322671220110800, 0.4499999999999998400, -0.02998539392998278800 ) ) ;
#5380 = CARTESIAN_POINT ( 'NONE',  ( 0.2227770202171750200, 0.4489999999999998400, -0.02856186938174776500 ) ) ;
#5381 = CARTESIAN_POINT ( 'NONE',  ( 0.2227770202171750200, 0.4499999999999999000, -0.02856186938174776500 ) ) ;
#5382 = CARTESIAN_POINT ( 'NONE',  ( 0.2238196338188764300, 0.4489999999999997900, -0.02718613835277011400 ) ) ;
#5383 = CARTESIAN_POINT ( 'NONE',  ( 0.2238196338188764300, 0.4499999999999998400, -0.02718613835277011400 ) ) ;
#5384 = CARTESIAN_POINT ( 'NONE',  ( 0.2250621774731297600, 0.4489999999999997900, -0.02585341307097243100 ) ) ;
#5385 = CARTESIAN_POINT ( 'NONE',  ( 0.2250621774731297600, 0.4499999999999998400, -0.02585341307097243100 ) ) ;
#5386 = CARTESIAN_POINT ( 'NONE',  ( 0.2264629614811033100, 0.4489999999999999000, -0.02457502903642279000 ) ) ;
#5387 = CARTESIAN_POINT ( 'NONE',  ( 0.2264629614811033100, 0.4499999999999999600, -0.02457502903642279000 ) ) ;
#5388 = CARTESIAN_POINT ( 'NONE',  ( 0.2279890054190683300, 0.4489999999999997900, -0.02337792151957223500 ) ) ;
#5389 = CARTESIAN_POINT ( 'NONE',  ( 0.2279890054190683300, 0.4499999999999998400, -0.02337792151957223500 ) ) ;
#5390 = CARTESIAN_POINT ( 'NONE',  ( 0.2296056923685515500, 0.4489999999999999500, -0.02233868776246718600 ) ) ;
#5391 = CARTESIAN_POINT ( 'NONE',  ( 0.2296056923685515500, 0.4500000000000000100, -0.02233868776246718600 ) ) ;
#5392 = CARTESIAN_POINT ( 'NONE',  ( 0.2312927321219924700, 0.4489999999999997900, -0.02146914174871872300 ) ) ;
#5393 = CARTESIAN_POINT ( 'NONE',  ( 0.2312927321219924700, 0.4499999999999998400, -0.02146914174871872300 ) ) ;
#5394 = CARTESIAN_POINT ( 'NONE',  ( 0.2330327912421648100, 0.4489999999999999500, -0.02074544446944753100 ) ) ;
#5395 = CARTESIAN_POINT ( 'NONE',  ( 0.2330327912421648100, 0.4500000000000000100, -0.02074544446944753100 ) ) ;
#5396 = CARTESIAN_POINT ( 'NONE',  ( 0.2348436040250063700, 0.4489999999999997300, -0.02018287483107643700 ) ) ;
#5397 = CARTESIAN_POINT ( 'NONE',  ( 0.2348436040250063700, 0.4499999999999997900, -0.02018287483107643700 ) ) ;
#5398 = CARTESIAN_POINT ( 'NONE',  ( 0.2367140746950620900, 0.4489999999999999500, -0.01978377064712047800 ) ) ;
#5399 = CARTESIAN_POINT ( 'NONE',  ( 0.2367140746950620900, 0.4500000000000000100, -0.01978377064712047800 ) ) ;
#5400 = CARTESIAN_POINT ( 'NONE',  ( 0.2386445176188897500, 0.4489999999999997900, -0.01953571359496481000 ) ) ;
#5401 = CARTESIAN_POINT ( 'NONE',  ( 0.2386445176188897500, 0.4499999999999998400, -0.01953571359496481000 ) ) ;
#5402 = CARTESIAN_POINT ( 'NONE',  ( 0.2399525342124353100, 0.4489999999999997300, -0.01950608441611296000 ) ) ;
#5403 = CARTESIAN_POINT ( 'NONE',  ( 0.2399525342124353100, 0.4499999999999997900, -0.01950608441611296000 ) ) ;
#5404 = CARTESIAN_POINT ( 'NONE',  ( 0.2406143363309045400, 0.4489999999999998400, -0.01949109328111558700 ) ) ;
#5405 = CARTESIAN_POINT ( 'NONE',  ( 0.2406143363309045400, 0.4499999999999999000, -0.01949109328111558700 ) ) ;
#5406 = CARTESIAN_POINT ( 'NONE',  ( 0.2652938235103917100, 0.4489999999999998400, 0.01181900287273057400 ) ) ;
#5407 = CARTESIAN_POINT ( 'NONE',  ( 0.2652938235103917100, 0.4499999999999996200, 0.01181900287273057400 ) ) ;
#5408 = CARTESIAN_POINT ( 'NONE',  ( 0.2652679421237160700, 0.4489999999999997300, 0.01113679314163785800 ) ) ;
#5409 = CARTESIAN_POINT ( 'NONE',  ( 0.2652679421237160700, 0.4499999999999995100, 0.01113679314163785800 ) ) ;
#5410 = CARTESIAN_POINT ( 'NONE',  ( 0.2652169085502609800, 0.4489999999999997900, 0.009791594723178986100 ) ) ;
#5411 = CARTESIAN_POINT ( 'NONE',  ( 0.2652169085502609800, 0.4499999999999995700, 0.009791594723178986100 ) ) ;
#5412 = CARTESIAN_POINT ( 'NONE',  ( 0.2648930030824243100, 0.4489999999999996800, 0.007798265388534096800 ) ) ;
#5413 = CARTESIAN_POINT ( 'NONE',  ( 0.2648930030824243100, 0.4499999999999994600, 0.007798265388534096800 ) ) ;
#5414 = CARTESIAN_POINT ( 'NONE',  ( 0.2643239780215933500, 0.4490000000000000100, 0.005872470697342123600 ) ) ;
#5415 = CARTESIAN_POINT ( 'NONE',  ( 0.2643239780215933500, 0.4499999999999997900, 0.005872470697342123600 ) ) ;
#5416 = CARTESIAN_POINT ( 'NONE',  ( 0.2635431952541315600, 0.4489999999999997300, 0.003991041956701783600 ) ) ;
#5417 = CARTESIAN_POINT ( 'NONE',  ( 0.2635431952541315600, 0.4499999999999995100, 0.003991041956701783600 ) ) ;
#5418 = CARTESIAN_POINT ( 'NONE',  ( 0.2625037391776272600, 0.4489999999999999000, 0.002192100507212287600 ) ) ;
#5419 = CARTESIAN_POINT ( 'NONE',  ( 0.2625037391776272600, 0.4499999999999996800, 0.002192100507212287600 ) ) ;
#5420 = CARTESIAN_POINT ( 'NONE',  ( 0.2612796000347952200, 0.4489999999999998400, 0.0004287813268391280100 ) ) ;
#5421 = CARTESIAN_POINT ( 'NONE',  ( 0.2612796000347952200, 0.4499999999999996200, 0.0004287813268391280100 ) ) ;
#5422 = CARTESIAN_POINT ( 'NONE',  ( 0.2598026252164246700, 0.4489999999999999000, -0.001249974233063040500 ) ) ;
#5423 = CARTESIAN_POINT ( 'NONE',  ( 0.2598026252164246700, 0.4499999999999996800, -0.001249974233063040500 ) ) ;
#5424 = CARTESIAN_POINT ( 'NONE',  ( 0.2581336938978344700, 0.4489999999999999000, -0.002857205547667361400 ) ) ;
#5425 = CARTESIAN_POINT ( 'NONE',  ( 0.2581336938978344700, 0.4499999999999996800, -0.002857205547667361400 ) ) ;
#5426 = CARTESIAN_POINT ( 'NONE',  ( 0.2563148664489574000, 0.4489999999999997900, -0.004343369453758845300 ) ) ;
#5427 = CARTESIAN_POINT ( 'NONE',  ( 0.2563148664489574000, 0.4499999999999995700, -0.004343369453758845300 ) ) ;
#5428 = CARTESIAN_POINT ( 'NONE',  ( 0.2543815194531219800, 0.4489999999999997900, -0.005658067699716221700 ) ) ;
#5429 = CARTESIAN_POINT ( 'NONE',  ( 0.2543815194531219800, 0.4499999999999995700, -0.005658067699716221700 ) ) ;
#5430 = CARTESIAN_POINT ( 'NONE',  ( 0.2523485348228053900, 0.4489999999999999000, -0.006765271021478112500 ) ) ;
#5431 = CARTESIAN_POINT ( 'NONE',  ( 0.2523485348228053900, 0.4499999999999996800, -0.006765271021478112500 ) ) ;
#5432 = CARTESIAN_POINT ( 'NONE',  ( 0.2502202145118218600, 0.4489999999999997900, -0.007665742317256132500 ) ) ;
#5433 = CARTESIAN_POINT ( 'NONE',  ( 0.2502202145118218600, 0.4499999999999995700, -0.007665742317256132500 ) ) ;
#5434 = CARTESIAN_POINT ( 'NONE',  ( 0.2480012843422422200, 0.4489999999999999500, -0.008373955736025388800 ) ) ;
#5435 = CARTESIAN_POINT ( 'NONE',  ( 0.2480012843422422200, 0.4499999999999997300, -0.008373955736025388800 ) ) ;
#5436 = CARTESIAN_POINT ( 'NONE',  ( 0.2456933763829093300, 0.4489999999999997900, -0.008868698455666401700 ) ) ;
#5437 = CARTESIAN_POINT ( 'NONE',  ( 0.2456933763829093300, 0.4499999999999995700, -0.008868698455666401700 ) ) ;
#5438 = CARTESIAN_POINT ( 'NONE',  ( 0.2432937885329518000, 0.4489999999999997900, -0.009180115679728935400 ) ) ;
#5439 = CARTESIAN_POINT ( 'NONE',  ( 0.2432937885329518000, 0.4499999999999995700, -0.009180115679728935400 ) ) ;
#5440 = CARTESIAN_POINT ( 'NONE',  ( 0.2416636493680250100, 0.4489999999999997900, -0.009216288417425087100 ) ) ;
#5441 = CARTESIAN_POINT ( 'NONE',  ( 0.2416636493680250100, 0.4499999999999995700, -0.009216288417425087100 ) ) ;
#5442 = CARTESIAN_POINT ( 'NONE',  ( 0.2408346888950070000, 0.4489999999999998400, -0.009234683024705323300 ) ) ;
#5443 = CARTESIAN_POINT ( 'NONE',  ( 0.2408346888950070000, 0.4499999999999996200, -0.009234683024705323300 ) ) ;
#5444 = CARTESIAN_POINT ( 'NONE',  ( 0.2402537594078275900, 0.4489999999999998400, -0.05154237533239763900 ) ) ;
#5445 = CARTESIAN_POINT ( 'NONE',  ( 0.2402537594078275900, 0.4499999999999999000, -0.05154237533239763900 ) ) ;
#5446 = CARTESIAN_POINT ( 'NONE',  ( 0.2395523078112162800, 0.4489999999999998400, -0.05152376274510302200 ) ) ;
#5447 = CARTESIAN_POINT ( 'NONE',  ( 0.2395523078112162800, 0.4499999999999999000, -0.05152376274510302200 ) ) ;
#5448 = CARTESIAN_POINT ( 'NONE',  ( 0.2381799617787265800, 0.4489999999999997900, -0.05148734838600604900 ) ) ;
#5449 = CARTESIAN_POINT ( 'NONE',  ( 0.2381799617787265800, 0.4499999999999998400, -0.05148734838600604900 ) ) ;
#5450 = CARTESIAN_POINT ( 'NONE',  ( 0.2361677140324887600, 0.4489999999999999000, -0.05129710161463341800 ) ) ;
#5451 = CARTESIAN_POINT ( 'NONE',  ( 0.2361677140324887600, 0.4499999999999999600, -0.05129710161463341800 ) ) ;
#5452 = CARTESIAN_POINT ( 'NONE',  ( 0.2342542178236771400, 0.4489999999999997900, -0.05092700970661117500 ) ) ;
#5453 = CARTESIAN_POINT ( 'NONE',  ( 0.2342542178236771400, 0.4499999999999998400, -0.05092700970661117500 ) ) ;
#5454 = CARTESIAN_POINT ( 'NONE',  ( 0.2324194806620891500, 0.4489999999999999000, -0.05043447509063613000 ) ) ;
#5455 = CARTESIAN_POINT ( 'NONE',  ( 0.2324194806620891500, 0.4499999999999999600, -0.05043447509063613000 ) ) ;
#5456 = CARTESIAN_POINT ( 'NONE',  ( 0.2306886574557882900, 0.4489999999999997300, -0.04976910400108294100 ) ) ;
#5457 = CARTESIAN_POINT ( 'NONE',  ( 0.2306886574557882900, 0.4499999999999997900, -0.04976910400108294100 ) ) ;
#5458 = CARTESIAN_POINT ( 'NONE',  ( 0.2290382416108808800, 0.4489999999999999000, -0.04898638945077329200 ) ) ;
#5459 = CARTESIAN_POINT ( 'NONE',  ( 0.2290382416108808800, 0.4499999999999999600, -0.04898638945077329200 ) ) ;
#5460 = CARTESIAN_POINT ( 'NONE',  ( 0.2274963219021362600, 0.4489999999999997900, -0.04803478757950742400 ) ) ;
#5461 = CARTESIAN_POINT ( 'NONE',  ( 0.2274963219021362600, 0.4499999999999998400, -0.04803478757950742400 ) ) ;
#5462 = CARTESIAN_POINT ( 'NONE',  ( 0.2260442846744040400, 0.4489999999999998400, -0.04696732478218065100 ) ) ;
#5463 = CARTESIAN_POINT ( 'NONE',  ( 0.2260442846744040400, 0.4499999999999999000, -0.04696732478218065100 ) ) ;
#5464 = CARTESIAN_POINT ( 'NONE',  ( 0.2247371196882007600, 0.4489999999999998400, -0.04579324175130147800 ) ) ;
#5465 = CARTESIAN_POINT ( 'NONE',  ( 0.2247371196882007600, 0.4499999999999999000, -0.04579324175130147800 ) ) ;
#5466 = CARTESIAN_POINT ( 'NONE',  ( 0.2235769896409827400, 0.4489999999999998400, -0.04456999264328204100 ) ) ;
#5467 = CARTESIAN_POINT ( 'NONE',  ( 0.2235769896409827400, 0.4499999999999999000, -0.04456999264328204100 ) ) ;
#5468 = CARTESIAN_POINT ( 'NONE',  ( 0.2226133292352903100, 0.4489999999999997900, -0.04327355287019776100 ) ) ;
#5469 = CARTESIAN_POINT ( 'NONE',  ( 0.2226133292352903100, 0.4499999999999998400, -0.04327355287019776100 ) ) ;
#5470 = CARTESIAN_POINT ( 'NONE',  ( 0.2217950118216283100, 0.4489999999999999500, -0.04193617116382076400 ) ) ;
#5471 = CARTESIAN_POINT ( 'NONE',  ( 0.2217950118216283100, 0.4500000000000000100, -0.04193617116382076400 ) ) ;
#5472 = CARTESIAN_POINT ( 'NONE',  ( 0.2212012541794428400, 0.4489999999999997300, -0.04051815469925784000 ) ) ;
#5473 = CARTESIAN_POINT ( 'NONE',  ( 0.2212012541794428400, 0.4499999999999997900, -0.04051815469925784000 ) ) ;
#5474 = CARTESIAN_POINT ( 'NONE',  ( 0.2207565597827143600, 0.4489999999999999000, -0.03906297823060803800 ) ) ;
#5475 = CARTESIAN_POINT ( 'NONE',  ( 0.2207565597827143600, 0.4499999999999999600, -0.03906297823060803800 ) ) ;
#5476 = CARTESIAN_POINT ( 'NONE',  ( 0.2204559485971962500, 0.4489999999999997900, -0.03755225297156007700 ) ) ;
#5477 = CARTESIAN_POINT ( 'NONE',  ( 0.2204559485971962500, 0.4499999999999998400, -0.03755225297156007700 ) ) ;
#5478 = CARTESIAN_POINT ( 'NONE',  ( 0.2204334231679779500, 0.4489999999999999000, -0.03651978124179949100 ) ) ;
#5479 = CARTESIAN_POINT ( 'NONE',  ( 0.2204334231679779500, 0.4499999999999999600, -0.03651978124179949100 ) ) ;
#5480 = CARTESIAN_POINT ( 'NONE',  ( 0.2204220286385967800, 0.4489999999999998400, -0.03599750353752584300 ) ) ;
#5481 = CARTESIAN_POINT ( 'NONE',  ( 0.2204220286385967800, 0.4499999999999999000, -0.03599750353752584300 ) ) ;
#5482 = LINE ( 'NONE', #5483, #6998 ) ;
#5483 = CARTESIAN_POINT ( 'NONE',  ( 0.2260510350488532700, 0.4489999999999998400, -0.01494381764008994100 ) ) ;
#5484 = DIRECTION ( 'NONE',  ( -0.0000000000000000000, 1.000000000000000000, -0.0000000000000000000 ) ) ;
#5485 = CARTESIAN_POINT ( 'NONE',  ( 0.2408346888950070000, 0.4489999999999998400, -0.009234683024705323300 ) ) ;
#5486 = CARTESIAN_POINT ( 'NONE',  ( 0.2408346888950070000, 0.4499999999999998400, -0.009234683024705323300 ) ) ;
#5487 = CARTESIAN_POINT ( 'NONE',  ( 0.2399453807361864900, 0.4489999999999998400, -0.009218864699925780800 ) ) ;
#5488 = CARTESIAN_POINT ( 'NONE',  ( 0.2399453807361864900, 0.4499999999999998400, -0.009218864699925780800 ) ) ;
#5489 = CARTESIAN_POINT ( 'NONE',  ( 0.2382007751230868800, 0.4489999999999998400, -0.009187833006438540100 ) ) ;
#5490 = CARTESIAN_POINT ( 'NONE',  ( 0.2382007751230868800, 0.4499999999999998400, -0.009187833006438540100 ) ) ;
#5491 = CARTESIAN_POINT ( 'NONE',  ( 0.2356448628903418400, 0.4489999999999999500, -0.008842418708181271800 ) ) ;
#5492 = CARTESIAN_POINT ( 'NONE',  ( 0.2356448628903418400, 0.4499999999999999600, -0.008842418708181271800 ) ) ;
#5493 = CARTESIAN_POINT ( 'NONE',  ( 0.2331919153049950800, 0.4489999999999996800, -0.008361578906658602100 ) ) ;
#5494 = CARTESIAN_POINT ( 'NONE',  ( 0.2331919153049950800, 0.4499999999999996800, -0.008361578906658602100 ) ) ;
#5495 = CARTESIAN_POINT ( 'NONE',  ( 0.2308502028338388400, 0.4489999999999998400, -0.007632126378801125400 ) ) ;
#5496 = CARTESIAN_POINT ( 'NONE',  ( 0.2308502028338388400, 0.4499999999999998400, -0.007632126378801125400 ) ) ;
#5497 = CARTESIAN_POINT ( 'NONE',  ( 0.2286207143550994200, 0.4489999999999998400, -0.006683655228171279800 ) ) ;
#5498 = CARTESIAN_POINT ( 'NONE',  ( 0.2286207143550994200, 0.4499999999999998400, -0.006683655228171279800 ) ) ;
#5499 = CARTESIAN_POINT ( 'NONE',  ( 0.2264913805670395700, 0.4489999999999999500, -0.005542668372505886100 ) ) ;
#5500 = CARTESIAN_POINT ( 'NONE',  ( 0.2264913805670395700, 0.4499999999999999600, -0.005542668372505886100 ) ) ;
#5501 = CARTESIAN_POINT ( 'NONE',  ( 0.2244784911508751500, 0.4489999999999996800, -0.004193941424088484500 ) ) ;
#5502 = CARTESIAN_POINT ( 'NONE',  ( 0.2244784911508751500, 0.4499999999999996800, -0.004193941424088484500 ) ) ;
#5503 = CARTESIAN_POINT ( 'NONE',  ( 0.2226098418263559300, 0.4489999999999999500, -0.002654609552806134300 ) ) ;
#5504 = CARTESIAN_POINT ( 'NONE',  ( 0.2226098418263559300, 0.4499999999999999600, -0.002654609552806134300 ) ) ;
#5505 = CARTESIAN_POINT ( 'NONE',  ( 0.2209034609835661700, 0.4489999999999998400, -0.0009957680110580355200 ) ) ;
#5506 = CARTESIAN_POINT ( 'NONE',  ( 0.2209034609835661700, 0.4499999999999998400, -0.0009957680110580355200 ) ) ;
#5507 = CARTESIAN_POINT ( 'NONE',  ( 0.2194063666994118500, 0.4489999999999999500, 0.0007602929928051822300 ) ) ;
#5508 = CARTESIAN_POINT ( 'NONE',  ( 0.2194063666994118500, 0.4499999999999999600, 0.0007602929928051822300 ) ) ;
#5509 = CARTESIAN_POINT ( 'NONE',  ( 0.2181350089712557100, 0.4489999999999997300, 0.002580936787714422200 ) ) ;
#5510 = CARTESIAN_POINT ( 'NONE',  ( 0.2181350089712557100, 0.4499999999999997300, 0.002580936787714422200 ) ) ;
#5511 = CARTESIAN_POINT ( 'NONE',  ( 0.2171112018030796100, 0.4489999999999997900, 0.004489286195689353100 ) ) ;
#5512 = CARTESIAN_POINT ( 'NONE',  ( 0.2171112018030796100, 0.4499999999999997900, 0.004489286195689353100 ) ) ;
#5513 = CARTESIAN_POINT ( 'NONE',  ( 0.2162708666014011800, 0.4489999999999997900, 0.006444932220024558900 ) ) ;
#5514 = CARTESIAN_POINT ( 'NONE',  ( 0.2162708666014011800, 0.4499999999999997900, 0.006444932220024558900 ) ) ;
#5515 = CARTESIAN_POINT ( 'NONE',  ( 0.2157190415369868700, 0.4489999999999999000, 0.008496577798410310000 ) ) ;
#5516 = CARTESIAN_POINT ( 'NONE',  ( 0.2157190415369868700, 0.4499999999999999000, 0.008496577798410310000 ) ) ;
#5517 = CARTESIAN_POINT ( 'NONE',  ( 0.2153652783491495900, 0.4489999999999996800, 0.01060478103250588200 ) ) ;
#5518 = CARTESIAN_POINT ( 'NONE',  ( 0.2153652783491495900, 0.4499999999999996800, 0.01060478103250588200 ) ) ;
#5519 = CARTESIAN_POINT ( 'NONE',  ( 0.2153177745913180400, 0.4489999999999998400, 0.01203792670243858000 ) ) ;
#5520 = CARTESIAN_POINT ( 'NONE',  ( 0.2153177745913180400, 0.4499999999999998400, 0.01203792670243858000 ) ) ;
#5521 = CARTESIAN_POINT ( 'NONE',  ( 0.2152938235103917000, 0.4489999999999998400, 0.01276050928298698400 ) ) ;
#5522 = CARTESIAN_POINT ( 'NONE',  ( 0.2152938235103917000, 0.4499999999999998400, 0.01276050928298698400 ) ) ;
#5523 = CARTESIAN_POINT ( 'NONE',  ( 0.2402537594078275900, 0.4489999999999998400, 0.03307300928298698200 ) ) ;
#5524 = CARTESIAN_POINT ( 'NONE',  ( 0.2402537594078275900, 0.4499999999999996800, 0.03307300928298698200 ) ) ;
#5525 = CARTESIAN_POINT ( 'NONE',  ( 0.2411894842055970800, 0.4489999999999999000, 0.03305504332818852400 ) ) ;
#5526 = CARTESIAN_POINT ( 'NONE',  ( 0.2411894842055970800, 0.4499999999999997300, 0.03305504332818852400 ) ) ;
#5527 = CARTESIAN_POINT ( 'NONE',  ( 0.2430125761748454800, 0.4489999999999999000, 0.03302003988701540000 ) ) ;
#5528 = CARTESIAN_POINT ( 'NONE',  ( 0.2430125761748454800, 0.4499999999999997300, 0.03302003988701540000 ) ) ;
#5529 = CARTESIAN_POINT ( 'NONE',  ( 0.2456721747161597400, 0.4489999999999998400, 0.03271106004965557800 ) ) ;
#5530 = CARTESIAN_POINT ( 'NONE',  ( 0.2456721747161597400, 0.4499999999999996800, 0.03271106004965557800 ) ) ;
#5531 = CARTESIAN_POINT ( 'NONE',  ( 0.2481820189622690500, 0.4489999999999998400, 0.03222107077342065800 ) ) ;
#5532 = CARTESIAN_POINT ( 'NONE',  ( 0.2481820189622690500, 0.4499999999999996800, 0.03222107077342065800 ) ) ;
#5533 = CARTESIAN_POINT ( 'NONE',  ( 0.2505372417739537600, 0.4489999999999999000, 0.03150839803534755800 ) ) ;
#5534 = CARTESIAN_POINT ( 'NONE',  ( 0.2505372417739537600, 0.4499999999999997300, 0.03150839803534755800 ) ) ;
#5535 = CARTESIAN_POINT ( 'NONE',  ( 0.2527642086248637100, 0.4489999999999997900, 0.03063839870516774400 ) ) ;
#5536 = CARTESIAN_POINT ( 'NONE',  ( 0.2527642086248637100, 0.4499999999999996200, 0.03063839870516774400 ) ) ;
#5537 = CARTESIAN_POINT ( 'NONE',  ( 0.2548251615974748100, 0.4489999999999999500, 0.02951919637626952400 ) ) ;
#5538 = CARTESIAN_POINT ( 'NONE',  ( 0.2548251615974748100, 0.4499999999999997900, 0.02951919637626952400 ) ) ;
#5539 = CARTESIAN_POINT ( 'NONE',  ( 0.2567731195147933700, 0.4489999999999997900, 0.02824627286057725100 ) ) ;
#5540 = CARTESIAN_POINT ( 'NONE',  ( 0.2567731195147933700, 0.4499999999999996200, 0.02824627286057725100 ) ) ;
#5541 = CARTESIAN_POINT ( 'NONE',  ( 0.2585120944503135900, 0.4489999999999998400, 0.02673603981638083100 ) ) ;
#5542 = CARTESIAN_POINT ( 'NONE',  ( 0.2585120944503135900, 0.4499999999999996800, 0.02673603981638083100 ) ) ;
#5543 = CARTESIAN_POINT ( 'NONE',  ( 0.2600959004143864100, 0.4489999999999997900, 0.02512233996735528700 ) ) ;
#5544 = CARTESIAN_POINT ( 'NONE',  ( 0.2600959004143864100, 0.4499999999999996200, 0.02512233996735528700 ) ) ;
#5545 = CARTESIAN_POINT ( 'NONE',  ( 0.2614768516286490300, 0.4489999999999998400, 0.02341405302039430100 ) ) ;
#5546 = CARTESIAN_POINT ( 'NONE',  ( 0.2614768516286490300, 0.4499999999999996800, 0.02341405302039430100 ) ) ;
#5547 = CARTESIAN_POINT ( 'NONE',  ( 0.2626756388052697800, 0.4489999999999997900, 0.02165760638398246300 ) ) ;
#5548 = CARTESIAN_POINT ( 'NONE',  ( 0.2626756388052697800, 0.4499999999999996200, 0.02165760638398246300 ) ) ;
#5549 = CARTESIAN_POINT ( 'NONE',  ( 0.2636165232554119100, 0.4489999999999998400, 0.01981330682146684900 ) ) ;
#5550 = CARTESIAN_POINT ( 'NONE',  ( 0.2636165232554119100, 0.4499999999999996800, 0.01981330682146684900 ) ) ;
#5551 = CARTESIAN_POINT ( 'NONE',  ( 0.2643687019345983800, 0.4489999999999997900, 0.01791653783295338300 ) ) ;
#5552 = CARTESIAN_POINT ( 'NONE',  ( 0.2643687019345983800, 0.4499999999999996200, 0.01791653783295338300 ) ) ;
#5553 = CARTESIAN_POINT ( 'NONE',  ( 0.2649093749257427400, 0.4489999999999999000, 0.01594980893952692100 ) ) ;
#5554 = CARTESIAN_POINT ( 'NONE',  ( 0.2649093749257427400, 0.4499999999999997300, 0.01594980893952692100 ) ) ;
#5555 = CARTESIAN_POINT ( 'NONE',  ( 0.2652429810759341400, 0.4489999999999997900, 0.01390708799799682400 ) ) ;
#5556 = CARTESIAN_POINT ( 'NONE',  ( 0.2652429810759341400, 0.4499999999999996200, 0.01390708799799682400 ) ) ;
#5557 = CARTESIAN_POINT ( 'NONE',  ( 0.2652767209544192300, 0.4489999999999998400, 0.01252140025222886000 ) ) ;
#5558 = CARTESIAN_POINT ( 'NONE',  ( 0.2652767209544192300, 0.4499999999999996800, 0.01252140025222886000 ) ) ;
#5559 = CARTESIAN_POINT ( 'NONE',  ( 0.2652938235103917700, 0.4489999999999999000, 0.01181900287273057600 ) ) ;
#5560 = CARTESIAN_POINT ( 'NONE',  ( 0.2652938235103917700, 0.4499999999999997300, 0.01181900287273057600 ) ) ;
#5561 = FILL_AREA_STYLE_COLOUR ( '', #4494 ) ;
#5562 = FILL_AREA_STYLE ('',( #5561 ) ) ;
#5563 = SURFACE_STYLE_FILL_AREA ( #5562 ) ;
#5564 = SURFACE_SIDE_STYLE ('',( #5563 ) ) ;
#5565 = SURFACE_STYLE_USAGE ( .BOTH. , #5564 ) ;
#5566 = PRESENTATION_STYLE_ASSIGNMENT (( #5565 ) ) ;
#5567 =( LENGTH_UNIT ( ) NAMED_UNIT ( * ) SI_UNIT ( .MILLI., .METRE. ) );
#5568 =( NAMED_UNIT ( * ) PLANE_ANGLE_UNIT ( ) SI_UNIT ( $, .RADIAN. ) );
#5569 =( NAMED_UNIT ( * ) SI_UNIT ( $, .STERADIAN. ) SOLID_ANGLE_UNIT ( ) );
#5570 = PLANE ( 'NONE',  #6992 ) ;
#5571 = CARTESIAN_POINT ( 'NONE',  ( -1.000000000000000000, 0.4499999999999999000, 0.8000000000000000400 ) ) ;
#5572 = DIRECTION ( 'NONE',  ( 0.0000000000000000000, -1.000000000000000000, 0.0000000000000000000 ) ) ;
#5573 = DIRECTION ( 'NONE',  ( 0.0000000000000000000, -0.0000000000000000000, -1.000000000000000000 ) ) ;
#5574 = CARTESIAN_POINT ( 'NONE',  ( 0.2152938235103917000, 0.4489999999999998400, 0.01276050928298698400 ) ) ;
#5575 = CARTESIAN_POINT ( 'NONE',  ( 0.2152938235103917000, 0.4499999999999998400, 0.01276050928298698400 ) ) ;
#5576 = CARTESIAN_POINT ( 'NONE',  ( 0.2153327737612774100, 0.4489999999999999000, 0.01365853517283158000 ) ) ;
#5577 = CARTESIAN_POINT ( 'NONE',  ( 0.2153327737612774100, 0.4499999999999999000, 0.01365853517283158000 ) ) ;
#5578 = CARTESIAN_POINT ( 'NONE',  ( 0.2154100501488642700, 0.4489999999999999000, 0.01544019755365685200 ) ) ;
#5579 = CARTESIAN_POINT ( 'NONE',  ( 0.2154100501488642700, 0.4499999999999999000, 0.01544019755365685200 ) ) ;
#5580 = CARTESIAN_POINT ( 'NONE',  ( 0.2160230969714190000, 0.4489999999999998400, 0.01807342816177032500 ) ) ;
#5581 = CARTESIAN_POINT ( 'NONE',  ( 0.2160230969714190000, 0.4499999999999998400, 0.01807342816177032500 ) ) ;
#5582 = CARTESIAN_POINT ( 'NONE',  ( 0.2170069694144595400, 0.4489999999999998400, 0.02062260115691561700 ) ) ;
#5583 = CARTESIAN_POINT ( 'NONE',  ( 0.2170069694144595400, 0.4499999999999998400, 0.02062260115691561700 ) ) ;
#5584 = CARTESIAN_POINT ( 'NONE',  ( 0.2183791184419513200, 0.4490000000000000100, 0.02306694266386121600 ) ) ;
#5585 = CARTESIAN_POINT ( 'NONE',  ( 0.2183791184419513200, 0.4500000000000000100, 0.02306694266386121600 ) ) ;
#5586 = CARTESIAN_POINT ( 'NONE',  ( 0.2200781919431046800, 0.4489999999999997900, 0.02535123141582404700 ) ) ;
#5587 = CARTESIAN_POINT ( 'NONE',  ( 0.2200781919431046800, 0.4499999999999997900, 0.02535123141582404700 ) ) ;
#5588 = CARTESIAN_POINT ( 'NONE',  ( 0.2221675195996391800, 0.4489999999999999000, 0.02734233929005511200 ) ) ;
#5589 = CARTESIAN_POINT ( 'NONE',  ( 0.2221675195996391800, 0.4499999999999999000, 0.02734233929005511200 ) ) ;
#5590 = CARTESIAN_POINT ( 'NONE',  ( 0.2245172578210693800, 0.4489999999999998400, 0.02911152439186396100 ) ) ;
#5591 = CARTESIAN_POINT ( 'NONE',  ( 0.2245172578210693800, 0.4499999999999998400, 0.02911152439186396100 ) ) ;
#5592 = CARTESIAN_POINT ( 'NONE',  ( 0.2272069107932919400, 0.4489999999999997900, 0.03054239677540417100 ) ) ;
#5593 = CARTESIAN_POINT ( 'NONE',  ( 0.2272069107932919400, 0.4499999999999997900, 0.03054239677540417100 ) ) ;
#5594 = CARTESIAN_POINT ( 'NONE',  ( 0.2301448669663539700, 0.4489999999999999000, 0.03168510692060567300 ) ) ;
#5595 = CARTESIAN_POINT ( 'NONE',  ( 0.2301448669663539700, 0.4499999999999999000, 0.03168510692060567300 ) ) ;
#5596 = CARTESIAN_POINT ( 'NONE',  ( 0.2333303449354174900, 0.4489999999999998400, 0.03247242014012058400 ) ) ;
#5597 = CARTESIAN_POINT ( 'NONE',  ( 0.2333303449354174900, 0.4499999999999998400, 0.03247242014012058400 ) ) ;
#5598 = CARTESIAN_POINT ( 'NONE',  ( 0.2367176283267897500, 0.4489999999999998400, 0.03299360442282385500 ) ) ;
#5599 = CARTESIAN_POINT ( 'NONE',  ( 0.2367176283267897500, 0.4499999999999998400, 0.03299360442282385500 ) ) ;
#5600 = CARTESIAN_POINT ( 'NONE',  ( 0.2390564738199229300, 0.4489999999999999000, 0.03304612388408514900 ) ) ;
#5601 = CARTESIAN_POINT ( 'NONE',  ( 0.2390564738199229300, 0.4499999999999999000, 0.03304612388408514900 ) ) ;
#5602 = CARTESIAN_POINT ( 'NONE',  ( 0.2402537594078276200, 0.4489999999999999000, 0.03307300928298698800 ) ) ;
#5603 = CARTESIAN_POINT ( 'NONE',  ( 0.2402537594078276200, 0.4499999999999999000, 0.03307300928298698800 ) ) ;
#5604 = CARTESIAN_POINT ( 'NONE',  ( -0.2791172341819160900, 0.4489999999999998400, -0.02323708687085917400 ) ) ;
#5605 = CARTESIAN_POINT ( 'NONE',  ( -0.2795593069028060600, 0.4489999999999997900, -0.02382568792383632500 ) ) ;
#5606 = CARTESIAN_POINT ( 'NONE',  ( -0.2804287022375302500, 0.4489999999999997900, -0.02498325088868508600 ) ) ;
#5607 = CARTESIAN_POINT ( 'NONE',  ( -0.2815763023936759300, 0.4489999999999999500, -0.02679253253919099500 ) ) ;
#5608 = CARTESIAN_POINT ( 'NONE',  ( -0.2825517070450582200, 0.4489999999999997300, -0.02864462583659753800 ) ) ;
#5609 = CARTESIAN_POINT ( 'NONE',  ( -0.2833163451060937700, 0.4489999999999998400, -0.03054450768130003200 ) ) ;
#5610 = CARTESIAN_POINT ( 'NONE',  ( -0.2839602370729386000, 0.4489999999999998400, -0.03246550564931640500 ) ) ;
#5611 = CARTESIAN_POINT ( 'NONE',  ( -0.2843933208077320500, 0.4489999999999998400, -0.03443268409787690600 ) ) ;
#5612 = CARTESIAN_POINT ( 'NONE',  ( -0.2846645035767544400, 0.4489999999999999000, -0.03643721605400512800 ) ) ;
#5613 = CARTESIAN_POINT ( 'NONE',  ( -0.2846922746205574100, 0.4489999999999997900, -0.03778617321464822200 ) ) ;
#5614 = CARTESIAN_POINT ( 'NONE',  ( -0.2847061764896083900, 0.4489999999999998400, -0.03846144584521814900 ) ) ;
#5615 = CARTESIAN_POINT ( 'NONE',  ( -0.2425750231874991800, 0.4489999999999999500, 0.03717501987653580600 ) ) ;
#5616 = CARTESIAN_POINT ( 'NONE',  ( -0.2425750231874991800, 0.4499999999999999000, 0.03717501987653580600 ) ) ;
#5617 = CARTESIAN_POINT ( 'NONE',  ( -0.2448231287492927700, 0.4489999999999999000, 0.03883585020432066300 ) ) ;
#5618 = CARTESIAN_POINT ( 'NONE',  ( -0.2448231287492927700, 0.4499999999999998400, 0.03883585020432066300 ) ) ;
#5619 = CARTESIAN_POINT ( 'NONE',  ( -0.2471959936902684800, 0.4489999999999999500, 0.04022065944418691500 ) ) ;
#5620 = CARTESIAN_POINT ( 'NONE',  ( -0.2471959936902684800, 0.4499999999999999000, 0.04022065944418691500 ) ) ;
#5621 = CARTESIAN_POINT ( 'NONE',  ( -0.2496807455955036800, 0.4489999999999996800, 0.04135068350275643300 ) ) ;
#5622 = CARTESIAN_POINT ( 'NONE',  ( -0.2496807455955036800, 0.4499999999999996200, 0.04135068350275643300 ) ) ;
#5623 = CARTESIAN_POINT ( 'NONE',  ( -0.2522779552157056200, 0.4490000000000000100, 0.04223449828922076100 ) ) ;
#5624 = CARTESIAN_POINT ( 'NONE',  ( -0.2522779552157056200, 0.4499999999999999600, 0.04223449828922076100 ) ) ;
#5625 = CARTESIAN_POINT ( 'NONE',  ( -0.2549867490395487100, 0.4489999999999998400, 0.04287486597867422300 ) ) ;
#5626 = CARTESIAN_POINT ( 'NONE',  ( -0.2549867490395487100, 0.4499999999999997900, 0.04287486597867422300 ) ) ;
#5627 = CARTESIAN_POINT ( 'NONE',  ( -0.2578115922172503100, 0.4489999999999998400, 0.04326788629048856200 ) ) ;
#5628 = CARTESIAN_POINT ( 'NONE',  ( -0.2578115922172503100, 0.4499999999999997900, 0.04326788629048856200 ) ) ;
#5629 = CARTESIAN_POINT ( 'NONE',  ( -0.2597316059764641100, 0.4489999999999999000, 0.04330867947519145100 ) ) ;
#5630 = CARTESIAN_POINT ( 'NONE',  ( -0.2597316059764641100, 0.4499999999999998400, 0.04330867947519145100 ) ) ;
#5631 = CARTESIAN_POINT ( 'NONE',  ( -0.2607077790537109500, 0.4489999999999998400, 0.04332941953939724300 ) ) ;
#5632 = CARTESIAN_POINT ( 'NONE',  ( -0.2607077790537109500, 0.4499999999999997900, 0.04332941953939724300 ) ) ;
#5633 = PLANE ( 'NONE',  #8192 ) ;
#5634 = CARTESIAN_POINT ( 'NONE',  ( 0.0000000000000000000, 0.0000000000000000000, 0.8000000000000000400 ) ) ;
#5635 = DIRECTION ( 'NONE',  ( -0.0000000000000000000, 0.0000000000000000000, 1.000000000000000000 ) ) ;
#5636 = DIRECTION ( 'NONE',  ( 1.000000000000000000, 0.0000000000000000000, 0.0000000000000000000 ) ) ;
#5637 = CARTESIAN_POINT ( 'NONE',  ( -0.2847061764896083900, 0.4489999999999998400, -0.03846144584521814900 ) ) ;
#5638 = CARTESIAN_POINT ( 'NONE',  ( -0.2847061764896083900, 0.4499999999999998400, -0.03846144584521814900 ) ) ;
#5639 = CARTESIAN_POINT ( 'NONE',  ( -0.2846688848040835900, 0.4489999999999999000, -0.03951943940420967600 ) ) ;
#5640 = CARTESIAN_POINT ( 'NONE',  ( -0.2846688848040835900, 0.4499999999999999000, -0.03951943940420967600 ) ) ;
#5641 = CARTESIAN_POINT ( 'NONE',  ( -0.2845950985165909800, 0.4489999999999998400, -0.04161281265378180500 ) ) ;
#5642 = CARTESIAN_POINT ( 'NONE',  ( -0.2845950985165909800, 0.4499999999999998400, -0.04161281265378180500 ) ) ;
#5643 = CARTESIAN_POINT ( 'NONE',  ( -0.2839710837374362400, 0.4490000000000000100, -0.04467083638069905400 ) ) ;
#5644 = CARTESIAN_POINT ( 'NONE',  ( -0.2839710837374362400, 0.4500000000000000100, -0.04467083638069905400 ) ) ;
#5645 = CARTESIAN_POINT ( 'NONE',  ( -0.2829861439187365000, 0.4489999999999997900, -0.04759044830120084300 ) ) ;
#5646 = CARTESIAN_POINT ( 'NONE',  ( -0.2829861439187365000, 0.4499999999999997900, -0.04759044830120084300 ) ) ;
#5647 = CARTESIAN_POINT ( 'NONE',  ( -0.2816062899798343300, 0.4489999999999997900, -0.05034274355047845700 ) ) ;
#5648 = CARTESIAN_POINT ( 'NONE',  ( -0.2816062899798343300, 0.4499999999999997900, -0.05034274355047845700 ) ) ;
#5649 = CARTESIAN_POINT ( 'NONE',  ( -0.2798275084678847300, 0.4489999999999997900, -0.05285605729014162400 ) ) ;
#5650 = CARTESIAN_POINT ( 'NONE',  ( -0.2798275084678847300, 0.4499999999999997900, -0.05285605729014162400 ) ) ;
#5651 = CARTESIAN_POINT ( 'NONE',  ( -0.2777690520574498400, 0.4489999999999997900, -0.05515929977534259100 ) ) ;
#5652 = CARTESIAN_POINT ( 'NONE',  ( -0.2777690520574498400, 0.4499999999999997900, -0.05515929977534259100 ) ) ;
#5653 = CARTESIAN_POINT ( 'NONE',  ( -0.2753172953078081900, 0.4489999999999999000, -0.05709554498165347900 ) ) ;
#5654 = CARTESIAN_POINT ( 'NONE',  ( -0.2753172953078081900, 0.4499999999999999000, -0.05709554498165347900 ) ) ;
#5655 = CARTESIAN_POINT ( 'NONE',  ( -0.2726272203574250400, 0.4489999999999997900, -0.05878731807848838800 ) ) ;
#5656 = CARTESIAN_POINT ( 'NONE',  ( -0.2726272203574250400, 0.4499999999999997900, -0.05878731807848838800 ) ) ;
#5657 = CARTESIAN_POINT ( 'NONE',  ( -0.2696827525836340600, 0.4489999999999997900, -0.06011148737011869100 ) ) ;
#5658 = CARTESIAN_POINT ( 'NONE',  ( -0.2696827525836340600, 0.4499999999999997900, -0.06011148737011869100 ) ) ;
#5659 = CARTESIAN_POINT ( 'NONE',  ( -0.2665972982008446000, 0.4489999999999997900, -0.06111037251756141300 ) ) ;
#5660 = CARTESIAN_POINT ( 'NONE',  ( -0.2665972982008446000, 0.4499999999999997900, -0.06111037251756141300 ) ) ;
#5661 = CARTESIAN_POINT ( 'NONE',  ( -0.2633659532858393400, 0.4489999999999999000, -0.06167635130873157200 ) ) ;
#5662 = CARTESIAN_POINT ( 'NONE',  ( -0.2633659532858393400, 0.4499999999999999000, -0.06167635130873157200 ) ) ;
#5663 = CARTESIAN_POINT ( 'NONE',  ( -0.2611772922965987500, 0.4489999999999999000, -0.06175757316337861200 ) ) ;
#5664 = CARTESIAN_POINT ( 'NONE',  ( -0.2611772922965987500, 0.4499999999999999000, -0.06175757316337861200 ) ) ;
#5665 = CARTESIAN_POINT ( 'NONE',  ( -0.2600667534126853100, 0.4489999999999998400, -0.06179878558880789300 ) ) ;
#5666 = CARTESIAN_POINT ( 'NONE',  ( -0.2600667534126853100, 0.4499999999999998400, -0.06179878558880789300 ) ) ;
#5667 = PLANE ( 'NONE',  #8218 ) ;
#5668 = CARTESIAN_POINT ( 'NONE',  ( 0.0000000000000000000, 0.4489999999999998400, 0.0000000000000000000 ) ) ;
#5669 = DIRECTION ( 'NONE',  ( -0.0000000000000000000, 1.000000000000000000, 0.0000000000000000000 ) ) ;
#5670 = DIRECTION ( 'NONE',  ( 0.0000000000000000000, -0.0000000000000000000, 1.000000000000000000 ) ) ;
#5671 = CARTESIAN_POINT ( 'NONE',  ( 0.0000000000000000000, 0.4249999999999998800, 0.7750000000000001300 ) ) ;
#5672 = DIRECTION ( 'NONE',  ( 1.000000000000000000, 0.0000000000000000000, 0.0000000000000000000 ) ) ;
#5673 = DIRECTION ( 'NONE',  ( 0.0000000000000000000, 0.0000000000000000000, -1.000000000000000000 ) ) ;
#5674 = PLANE ( 'NONE',  #8245 ) ;
#5675 = CARTESIAN_POINT ( 'NONE',  ( -0.1609882277716596400, 0.4489999999999998400, 0.02281659902657672700 ) ) ;
#5676 = DIRECTION ( 'NONE',  ( 0.8937278759727255200, 0.0000000000000000000, 0.4486095002441218300 ) ) ;
#5677 = DIRECTION ( 'NONE',  ( 0.4486095002441217700, 0.0000000000000000000, -0.8937278759727254100 ) ) ;
#5678 = FILL_AREA_STYLE_COLOUR ( '', #4702 ) ;
#5679 = FILL_AREA_STYLE ('',( #5678 ) ) ;
#5680 = SURFACE_STYLE_FILL_AREA ( #5679 ) ;
#5681 = SURFACE_SIDE_STYLE ('',( #5680 ) ) ;
#5682 = SURFACE_STYLE_USAGE ( .BOTH. , #5681 ) ;
#5683 = PRESENTATION_STYLE_ASSIGNMENT (( #5682 ) ) ;
#5684 =( LENGTH_UNIT ( ) NAMED_UNIT ( * ) SI_UNIT ( .MILLI., .METRE. ) );
#5685 =( NAMED_UNIT ( * ) PLANE_ANGLE_UNIT ( ) SI_UNIT ( $, .RADIAN. ) );
#5686 =( NAMED_UNIT ( * ) SI_UNIT ( $, .STERADIAN. ) SOLID_ANGLE_UNIT ( ) );
#5687 = PLANE ( 'NONE',  #8200 ) ;
#5688 = CARTESIAN_POINT ( 'NONE',  ( -1.000000000000000000, 0.4499999999999999000, 0.8000000000000000400 ) ) ;
#5689 = DIRECTION ( 'NONE',  ( 0.0000000000000000000, -1.000000000000000000, 0.0000000000000000000 ) ) ;
#5690 = DIRECTION ( 'NONE',  ( 0.0000000000000000000, -0.0000000000000000000, -1.000000000000000000 ) ) ;
#5691 = CARTESIAN_POINT ( 'NONE',  ( -0.9750000000000000900, 0.4249999999999998800, 0.8000000000000000400 ) ) ;
#5692 = DIRECTION ( 'NONE',  ( 0.0000000000000000000, 0.0000000000000000000, -1.000000000000000000 ) ) ;
#5693 = DIRECTION ( 'NONE',  ( -1.000000000000000000, 0.0000000000000000000, 0.0000000000000000000 ) ) ;
#5694 = CARTESIAN_POINT ( 'NONE',  ( 0.2666960671001353300, 0.4499999999999999000, 0.03235185543683313800 ) ) ;
#5695 = CARTESIAN_POINT ( 'NONE',  ( 0.2659007392628694500, 0.4499999999999999000, 0.03322596327085814600 ) ) ;
#5696 = CARTESIAN_POINT ( 'NONE',  ( 0.2643199116749975200, 0.4499999999999998400, 0.03496337734597970700 ) ) ;
#5697 = CARTESIAN_POINT ( 'NONE',  ( 0.2616118280288215500, 0.4499999999999999600, 0.03721911477429078200 ) ) ;
#5698 = CARTESIAN_POINT ( 'NONE',  ( 0.2586397742055090400, 0.4499999999999999000, 0.03911481174838198100 ) ) ;
#5699 = CARTESIAN_POINT ( 'NONE',  ( 0.2554152504158316800, 0.4499999999999999000, 0.04065972302120549700 ) ) ;
#5700 = CARTESIAN_POINT ( 'NONE',  ( 0.2519468760899528100, 0.4499999999999998400, 0.04186217613334652900 ) ) ;
#5701 = CARTESIAN_POINT ( 'NONE',  ( 0.2482353902439438400, 0.4500000000000000100, 0.04272624807372767800 ) ) ;
#5702 = CARTESIAN_POINT ( 'NONE',  ( 0.2442735573034155200, 0.4499999999999997900, 0.04322117462277233500 ) ) ;
#5703 = CARTESIAN_POINT ( 'NONE',  ( 0.2415505438429661800, 0.4499999999999999000, 0.04329271718561412300 ) ) ;
#5704 = CARTESIAN_POINT ( 'NONE',  ( 0.2401535991514172900, 0.4499999999999999000, 0.04332941953939724300 ) ) ;
#5705 = PLANE ( 'NONE',  #8241 ) ;
#5706 = FILL_AREA_STYLE_COLOUR ( '', #4690 ) ;
#5707 = FILL_AREA_STYLE ('',( #5706 ) ) ;
#5708 = SURFACE_STYLE_FILL_AREA ( #5707 ) ;
#5709 = SURFACE_SIDE_STYLE ('',( #5708 ) ) ;
#5710 = SURFACE_STYLE_USAGE ( .BOTH. , #5709 ) ;
#5711 = PRESENTATION_STYLE_ASSIGNMENT (( #5710 ) ) ;
#5712 =( LENGTH_UNIT ( ) NAMED_UNIT ( * ) SI_UNIT ( .MILLI., .METRE. ) );
#5713 =( NAMED_UNIT ( * ) PLANE_ANGLE_UNIT ( ) SI_UNIT ( $, .RADIAN. ) );
#5714 =( NAMED_UNIT ( * ) SI_UNIT ( $, .STERADIAN. ) SOLID_ANGLE_UNIT ( ) );
#5715 = CARTESIAN_POINT ( 'NONE',  ( -1.000000000000000000, -0.4500000000000000100, 0.8000000000000000400 ) ) ;
#5716 = DIRECTION ( 'NONE',  ( -5.421010862427522200E-017, 1.000000000000000000, 0.0000000000000000000 ) ) ;
#5717 = DIRECTION ( 'NONE',  ( -1.000000000000000000, -5.421010862427522200E-017, 0.0000000000000000000 ) ) ;
#5718 = CARTESIAN_POINT ( 'NONE',  ( 0.9750000000000000900, -0.4249999999999999300, 0.8000000000000000400 ) ) ;
#5719 = DIRECTION ( 'NONE',  ( 0.0000000000000000000, 0.0000000000000000000, -1.000000000000000000 ) ) ;
#5720 = DIRECTION ( 'NONE',  ( -1.000000000000000000, 0.0000000000000000000, 0.0000000000000000000 ) ) ;
#5721 = CARTESIAN_POINT ( 'NONE',  ( 0.9750000000000000900, 0.4249999999999998800, -0.7750000000000001300 ) ) ;
#5722 = DIRECTION ( 'NONE',  ( 0.0000000000000000000, 1.000000000000000000, 0.0000000000000000000 ) ) ;
#5723 = DIRECTION ( 'NONE',  ( 1.000000000000000000, 0.0000000000000000000, 0.0000000000000000000 ) ) ;
#5724 = CARTESIAN_POINT ( 'NONE',  ( -0.2415371059767878700, 0.4489999999999998400, -0.03872186251188481500 ) ) ;
#5725 = CARTESIAN_POINT ( 'NONE',  ( -0.2415371059767878700, 0.4499999999999999000, -0.03872186251188481500 ) ) ;
#5726 = CARTESIAN_POINT ( 'NONE',  ( -0.2420269897617111400, 0.4489999999999997900, -0.03935296795253114700 ) ) ;
#5727 = CARTESIAN_POINT ( 'NONE',  ( -0.2420269897617111400, 0.4499999999999998400, -0.03935296795253114700 ) ) ;
#5728 = CARTESIAN_POINT ( 'NONE',  ( -0.2429703913923430300, 0.4489999999999997300, -0.04056832947322250300 ) ) ;
#5729 = CARTESIAN_POINT ( 'NONE',  ( -0.2429703913923430300, 0.4499999999999997900, -0.04056832947322250300 ) ) ;
#5730 = CARTESIAN_POINT ( 'NONE',  ( -0.2444026624455006600, 0.4489999999999998400, -0.04227036706197284000 ) ) ;
#5731 = CARTESIAN_POINT ( 'NONE',  ( -0.2444026624455006600, 0.4499999999999999000, -0.04227036706197284000 ) ) ;
#5732 = CARTESIAN_POINT ( 'NONE',  ( -0.2457526238146515400, 0.4490000000000000100, -0.04382512362002819600 ) ) ;
#5733 = CARTESIAN_POINT ( 'NONE',  ( -0.2457526238146515400, 0.4500000000000000700, -0.04382512362002819600 ) ) ;
#5734 = CARTESIAN_POINT ( 'NONE',  ( -0.2470826352370577600, 0.4489999999999999000, -0.04517555584945798200 ) ) ;
#5735 = CARTESIAN_POINT ( 'NONE',  ( -0.2470826352370577600, 0.4499999999999999600, -0.04517555584945798200 ) ) ;
#5736 = CARTESIAN_POINT ( 'NONE',  ( -0.2483224532789409500, 0.4489999999999996200, -0.04639561680196891600 ) ) ;
#5737 = CARTESIAN_POINT ( 'NONE',  ( -0.2483224532789409500, 0.4499999999999996800, -0.04639561680196891600 ) ) ;
#5738 = CARTESIAN_POINT ( 'NONE',  ( -0.2495257973431399300, 0.4489999999999999500, -0.04744018128266774800 ) ) ;
#5739 = CARTESIAN_POINT ( 'NONE',  ( -0.2495257973431399300, 0.4500000000000000100, -0.04744018128266774800 ) ) ;
#5740 = CARTESIAN_POINT ( 'NONE',  ( -0.2506753502356371400, 0.4489999999999999000, -0.04831948400924168000 ) ) ;
#5741 = CARTESIAN_POINT ( 'NONE',  ( -0.2506753502356371400, 0.4499999999999999600, -0.04831948400924168000 ) ) ;
#5742 = CARTESIAN_POINT ( 'NONE',  ( -0.2521244048255239000, 0.4489999999999997300, -0.04925787143664626900 ) ) ;
#5743 = CARTESIAN_POINT ( 'NONE',  ( -0.2521244048255239000, 0.4499999999999997900, -0.04925787143664626900 ) ) ;
#5744 = CARTESIAN_POINT ( 'NONE',  ( -0.2539449110633293900, 0.4489999999999997900, -0.05018805725249658000 ) ) ;
#5745 = CARTESIAN_POINT ( 'NONE',  ( -0.2539449110633293900, 0.4499999999999998400, -0.05018805725249658000 ) ) ;
#5746 = CARTESIAN_POINT ( 'NONE',  ( -0.2562301835273100800, 0.4489999999999999500, -0.05097517376900281800 ) ) ;
#5747 = CARTESIAN_POINT ( 'NONE',  ( -0.2562301835273100800, 0.4500000000000000100, -0.05097517376900281800 ) ) ;
#5748 = CARTESIAN_POINT ( 'NONE',  ( -0.2586183628140234500, 0.4489999999999996800, -0.05144817553811101300 ) ) ;
#5749 = CARTESIAN_POINT ( 'NONE',  ( -0.2586183628140234500, 0.4499999999999997300, -0.05144817553811101300 ) ) ;
#5750 = CARTESIAN_POINT ( 'NONE',  ( -0.2602449237137576300, 0.4489999999999998400, -0.05151071518290607800 ) ) ;
#5751 = CARTESIAN_POINT ( 'NONE',  ( -0.2602449237137576300, 0.4499999999999999000, -0.05151071518290607800 ) ) ;
#5752 = CARTESIAN_POINT ( 'NONE',  ( -0.2610683559767879600, 0.4489999999999999000, -0.05154237533239764600 ) ) ;
#5753 = CARTESIAN_POINT ( 'NONE',  ( -0.2610683559767879600, 0.4499999999999999600, -0.05154237533239764600 ) ) ;
#5754 = PLANE ( 'NONE',  #8260 ) ;
#5755 = CARTESIAN_POINT ( 'NONE',  ( -0.1142334200793519300, 0.4489999999999998400, 0.04076531697529468100 ) ) ;
#5756 = DIRECTION ( 'NONE',  ( 0.9912616106642335700, 0.0000000000000000000, -0.1319106486351630000 ) ) ;
#5757 = DIRECTION ( 'NONE',  ( -0.1319106486351630000, 0.0000000000000000000, -0.9912616106642335700 ) ) ;
#5758 = PLANE ( 'NONE',  #8262 ) ;
#5759 = CARTESIAN_POINT ( 'NONE',  ( 0.0000000000000000000, 0.0000000000000000000, -0.8000000000000000400 ) ) ;
#5760 = DIRECTION ( 'NONE',  ( -0.0000000000000000000, 0.0000000000000000000, 1.000000000000000000 ) ) ;
#5761 = DIRECTION ( 'NONE',  ( 1.000000000000000000, 0.0000000000000000000, 0.0000000000000000000 ) ) ;
#5762 = CARTESIAN_POINT ( 'NONE',  ( -0.04231835597678782600, 0.4499999999999999000, -0.05773227917855149000 ) ) ;
#5763 = CARTESIAN_POINT ( 'NONE',  ( -0.04162711215435091500, 0.4499999999999998400, -0.05754308061193149500 ) ) ;
#5764 = CARTESIAN_POINT ( 'NONE',  ( -0.04026091280543263300, 0.4499999999999999000, -0.05716914170623356400 ) ) ;
#5765 = CARTESIAN_POINT ( 'NONE',  ( -0.03829231157395760600, 0.4500000000000000700, -0.05642017817835803100 ) ) ;
#5766 = CARTESIAN_POINT ( 'NONE',  ( -0.03641934456023257500, 0.4500000000000000700, -0.05553211631620114100 ) ) ;
#5767 = CARTESIAN_POINT ( 'NONE',  ( -0.03463558574751313100, 0.4499999999999998400, -0.05452000374903257600 ) ) ;
#5768 = CARTESIAN_POINT ( 'NONE',  ( -0.03296295480263099200, 0.4499999999999998400, -0.05334041620082861900 ) ) ;
#5769 = CARTESIAN_POINT ( 'NONE',  ( -0.03137649648931655600, 0.4500000000000001800, -0.05204116997970598800 ) ) ;
#5770 = CARTESIAN_POINT ( 'NONE',  ( -0.02989021133801091100, 0.4499999999999997300, -0.05059226802049367200 ) ) ;
#5771 = CARTESIAN_POINT ( 'NONE',  ( -0.02851245728417732900, 0.4500000000000000100, -0.04900996116770987100 ) ) ;
#5772 = CARTESIAN_POINT ( 'NONE',  ( -0.02724717735320738100, 0.4499999999999998400, -0.04732081231395285400 ) ) ;
#5773 = CARTESIAN_POINT ( 'NONE',  ( -0.02615775784671660000, 0.4499999999999999000, -0.04549960574516749600 ) ) ;
#5774 = CARTESIAN_POINT ( 'NONE',  ( -0.02524555136005191700, 0.4499999999999998400, -0.04357699707602927900 ) ) ;
#5775 = CARTESIAN_POINT ( 'NONE',  ( -0.02446317217479032300, 0.4499999999999999000, -0.04155432361439100100 ) ) ;
#5776 = CARTESIAN_POINT ( 'NONE',  ( -0.02390007347567041400, 0.4499999999999999000, -0.03941460008606706400 ) ) ;
#5777 = CARTESIAN_POINT ( 'NONE',  ( -0.02347587634122888500, 0.4499999999999997300, -0.03717269401823313600 ) ) ;
#5778 = CARTESIAN_POINT ( 'NONE',  ( -0.02320662983792461800, 0.4499999999999999600, -0.03482884572676184900 ) ) ;
#5779 = CARTESIAN_POINT ( 'NONE',  ( -0.02318084235920627900, 0.4499999999999999000, -0.03322713522616575100 ) ) ;
#5780 = CARTESIAN_POINT ( 'NONE',  ( -0.02316771495114683400, 0.4499999999999999000, -0.03241176635803865600 ) ) ;
#5781 = CARTESIAN_POINT ( 'NONE',  ( -0.2691412726434546100, 0.4489999999999999000, -0.02596144584521814900 ) ) ;
#5782 = CARTESIAN_POINT ( 'NONE',  ( -0.2691412726434546100, 0.4499999999999999000, -0.02596144584521814900 ) ) ;
#5783 = CARTESIAN_POINT ( 'NONE',  ( -0.2689223762889491100, 0.4489999999999999000, -0.02576610225048037200 ) ) ;
#5784 = CARTESIAN_POINT ( 'NONE',  ( -0.2689223762889491100, 0.4499999999999999000, -0.02576610225048037200 ) ) ;
#5785 = CARTESIAN_POINT ( 'NONE',  ( -0.2684023286564657400, 0.4489999999999998400, -0.02530201058393023000 ) ) ;
#5786 = CARTESIAN_POINT ( 'NONE',  ( -0.2684023286564657400, 0.4499999999999998400, -0.02530201058393023000 ) ) ;
#5787 = CARTESIAN_POINT ( 'NONE',  ( -0.2674515879210469000, 0.4489999999999999000, -0.02454223113696611300 ) ) ;
#5788 = CARTESIAN_POINT ( 'NONE',  ( -0.2674515879210469000, 0.4499999999999999000, -0.02454223113696611300 ) ) ;
#5789 = CARTESIAN_POINT ( 'NONE',  ( -0.2661960794001912400, 0.4489999999999997900, -0.02360500907138695200 ) ) ;
#5790 = CARTESIAN_POINT ( 'NONE',  ( -0.2661960794001912400, 0.4499999999999997900, -0.02360500907138695200 ) ) ;
#5791 = CARTESIAN_POINT ( 'NONE',  ( -0.2646685879379959700, 0.4490000000000000700, -0.02244537145782156400 ) ) ;
#5792 = CARTESIAN_POINT ( 'NONE',  ( -0.2646685879379959700, 0.4500000000000000700, -0.02244537145782156400 ) ) ;
#5793 = CARTESIAN_POINT ( 'NONE',  ( -0.2628409490315084500, 0.4489999999999996800, -0.02110018682589947400 ) ) ;
#5794 = CARTESIAN_POINT ( 'NONE',  ( -0.2628409490315084500, 0.4499999999999996800, -0.02110018682589947400 ) ) ;
#5795 = CARTESIAN_POINT ( 'NONE',  ( -0.2607129617130911100, 0.4489999999999999500, -0.01958665504979104800 ) ) ;
#5796 = CARTESIAN_POINT ( 'NONE',  ( -0.2607129617130911100, 0.4499999999999999600, -0.01958665504979104800 ) ) ;
#5797 = CARTESIAN_POINT ( 'NONE',  ( -0.2583083464892356700, 0.4489999999999997300, -0.01785564193530860700 ) ) ;
#5798 = CARTESIAN_POINT ( 'NONE',  ( -0.2583083464892356700, 0.4499999999999997300, -0.01785564193530860700 ) ) ;
#5799 = CARTESIAN_POINT ( 'NONE',  ( -0.2566020060349619200, 0.4489999999999996800, -0.01664542648931050000 ) ) ;
#5800 = CARTESIAN_POINT ( 'NONE',  ( -0.2566020060349619200, 0.4499999999999996800, -0.01664542648931050000 ) ) ;
#5801 = CARTESIAN_POINT ( 'NONE',  ( -0.2556997662331981800, 0.4489999999999998400, -0.01600551635803866200 ) ) ;
#5802 = CARTESIAN_POINT ( 'NONE',  ( -0.2556997662331981800, 0.4499999999999998400, -0.01600551635803866200 ) ) ;
#5803 = PLANE ( 'NONE',  #8282 ) ;
#5804 = CARTESIAN_POINT ( 'NONE',  ( -0.1198023303357622400, 0.4489999999999998400, -0.05923468302470532400 ) ) ;
#5805 = DIRECTION ( 'NONE',  ( -0.0000000000000000000, 0.0000000000000000000, 1.000000000000000000 ) ) ;
#5806 = DIRECTION ( 'NONE',  ( 1.000000000000000000, 0.0000000000000000000, 0.0000000000000000000 ) ) ;
#5807 = PLANE ( 'NONE',  #8203 ) ;
#5808 = CARTESIAN_POINT ( 'NONE',  ( -0.07573181751524939200, 0.4489999999999998400, -0.005388529178551479600 ) ) ;
#5809 = DIRECTION ( 'NONE',  ( -1.000000000000000000, 0.0000000000000000000, 0.0000000000000000000 ) ) ;
#5810 = DIRECTION ( 'NONE',  ( 0.0000000000000000000, 0.0000000000000000000, 1.000000000000000000 ) ) ;
#5811 = LINE ( 'NONE', #5812, #8215 ) ;
#5812 = CARTESIAN_POINT ( 'NONE',  ( -0.5000000000000000000, 0.4499999999999999000, 0.8000000000000000400 ) ) ;
#5813 = DIRECTION ( 'NONE',  ( 0.0000000000000000000, 0.0000000000000000000, -1.000000000000000000 ) ) ;
#5814 = CARTESIAN_POINT ( 'NONE',  ( -0.2411164328998648100, 0.4489999999999999000, 0.01612589389837160200 ) ) ;
#5815 = CARTESIAN_POINT ( 'NONE',  ( -0.2411164328998648100, 0.4499999999999999000, 0.01612589389837160200 ) ) ;
#5816 = CARTESIAN_POINT ( 'NONE',  ( -0.2411585560627019000, 0.4489999999999998400, 0.01529329819244405900 ) ) ;
#5817 = CARTESIAN_POINT ( 'NONE',  ( -0.2411585560627019000, 0.4499999999999998400, 0.01529329819244405900 ) ) ;
#5818 = CARTESIAN_POINT ( 'NONE',  ( -0.2412441862973593300, 0.4489999999999998400, 0.01360075278816822100 ) ) ;
#5819 = CARTESIAN_POINT ( 'NONE',  ( -0.2412441862973593300, 0.4499999999999998400, 0.01360075278816822100 ) ) ;
#5820 = CARTESIAN_POINT ( 'NONE',  ( -0.2419679428708585700, 0.4490000000000000100, 0.01110361984662663700 ) ) ;
#5821 = CARTESIAN_POINT ( 'NONE',  ( -0.2419679428708585700, 0.4500000000000000100, 0.01110361984662663700 ) ) ;
#5822 = CARTESIAN_POINT ( 'NONE',  ( -0.2431064927806709500, 0.4489999999999995700, 0.008632403560219187300 ) ) ;
#5823 = CARTESIAN_POINT ( 'NONE',  ( -0.2431064927806709500, 0.4499999999999995700, 0.008632403560219187300 ) ) ;
#5824 = CARTESIAN_POINT ( 'NONE',  ( -0.2441568540293845300, 0.4489999999999997300, 0.007103795972283171900 ) ) ;
#5825 = CARTESIAN_POINT ( 'NONE',  ( -0.2441568540293845300, 0.4499999999999997300, 0.007103795972283171900 ) ) ;
#5826 = CARTESIAN_POINT ( 'NONE',  ( -0.2447021700793519900, 0.4489999999999998400, 0.006310188770166469200 ) ) ;
#5827 = CARTESIAN_POINT ( 'NONE',  ( -0.2447021700793519900, 0.4499999999999998400, 0.006310188770166469200 ) ) ;
#5828 = CARTESIAN_POINT ( 'NONE',  ( -0.2600667534126853100, 0.4499999999999999000, -0.06179878558880789300 ) ) ;
#5829 = CARTESIAN_POINT ( 'NONE',  ( -0.2588883505470279100, 0.4499999999999999600, -0.06175814125740272000 ) ) ;
#5830 = CARTESIAN_POINT ( 'NONE',  ( -0.2565448833542625100, 0.4500000000000001800, -0.06167731265455749000 ) ) ;
#5831 = CARTESIAN_POINT ( 'NONE',  ( -0.2530977629094180400, 0.4499999999999997300, -0.06097452604542209800 ) ) ;
#5832 = CARTESIAN_POINT ( 'NONE',  ( -0.2497788852979722900, 0.4499999999999999000, -0.05981164970862258600 ) ) ;
#5833 = CARTESIAN_POINT ( 'NONE',  ( -0.2471090777317009300, 0.4499999999999999600, -0.05849197376640633700 ) ) ;
#5834 = CARTESIAN_POINT ( 'NONE',  ( -0.2450195702613631200, 0.4499999999999998400, -0.05717393331745575200 ) ) ;
#5835 = CARTESIAN_POINT ( 'NONE',  ( -0.2434260636131079500, 0.4499999999999997900, -0.05597336690948880700 ) ) ;
#5836 = CARTESIAN_POINT ( 'NONE',  ( -0.2418112793049203800, 0.4499999999999999000, -0.05459122094936889900 ) ) ;
#5837 = CARTESIAN_POINT ( 'NONE',  ( -0.2401621920240988600, 0.4499999999999999000, -0.05302381391848838600 ) ) ;
#5838 = CARTESIAN_POINT ( 'NONE',  ( -0.2385067446115514400, 0.4499999999999999600, -0.05125676388735667100 ) ) ;
#5839 = CARTESIAN_POINT ( 'NONE',  ( -0.2368203602617183500, 0.4499999999999999600, -0.04930217277566458600 ) ) ;
#5840 = CARTESIAN_POINT ( 'NONE',  ( -0.2350990954385556700, 0.4499999999999999000, -0.04717198546525362000 ) ) ;
#5841 = CARTESIAN_POINT ( 'NONE',  ( -0.2339917851493011900, 0.4499999999999999000, -0.04565128544369612100 ) ) ;
#5842 = CARTESIAN_POINT ( 'NONE',  ( -0.2334241252075571500, 0.4499999999999999600, -0.04487170225547457100 ) ) ;
#5843 = CARTESIAN_POINT ( 'NONE',  ( -0.9750000000000000900, 0.0000000000000000000, 0.7750000000000001300 ) ) ;
#5844 = DIRECTION ( 'NONE',  ( 0.0000000000000000000, 1.000000000000000000, 0.0000000000000000000 ) ) ;
#5845 = DIRECTION ( 'NONE',  ( 0.0000000000000000000, 0.0000000000000000000, 1.000000000000000000 ) ) ;
#5846 = CARTESIAN_POINT ( 'NONE',  ( -0.2847061764896083900, 0.4499999999999999000, -0.03846144584521814900 ) ) ;
#5847 = CARTESIAN_POINT ( 'NONE',  ( -0.2846688848040835900, 0.4499999999999999600, -0.03951943940420967600 ) ) ;
#5848 = CARTESIAN_POINT ( 'NONE',  ( -0.2845950985165909800, 0.4499999999999999000, -0.04161281265378180500 ) ) ;
#5849 = CARTESIAN_POINT ( 'NONE',  ( -0.2839710837374362400, 0.4500000000000000700, -0.04467083638069905400 ) ) ;
#5850 = CARTESIAN_POINT ( 'NONE',  ( -0.2829861439187365000, 0.4499999999999998400, -0.04759044830120084300 ) ) ;
#5851 = CARTESIAN_POINT ( 'NONE',  ( -0.2816062899798343300, 0.4499999999999998400, -0.05034274355047845700 ) ) ;
#5852 = CARTESIAN_POINT ( 'NONE',  ( -0.2798275084678847300, 0.4499999999999998400, -0.05285605729014162400 ) ) ;
#5853 = CARTESIAN_POINT ( 'NONE',  ( -0.2777690520574498400, 0.4499999999999998400, -0.05515929977534259100 ) ) ;
#5854 = CARTESIAN_POINT ( 'NONE',  ( -0.2753172953078081900, 0.4499999999999999600, -0.05709554498165347900 ) ) ;
#5855 = CARTESIAN_POINT ( 'NONE',  ( -0.2726272203574250400, 0.4499999999999998400, -0.05878731807848838800 ) ) ;
#5856 = CARTESIAN_POINT ( 'NONE',  ( -0.2696827525836340600, 0.4499999999999998400, -0.06011148737011869100 ) ) ;
#5857 = CARTESIAN_POINT ( 'NONE',  ( -0.2665972982008446000, 0.4499999999999998400, -0.06111037251756141300 ) ) ;
#5858 = CARTESIAN_POINT ( 'NONE',  ( -0.2633659532858393400, 0.4499999999999999600, -0.06167635130873157200 ) ) ;
#5859 = CARTESIAN_POINT ( 'NONE',  ( -0.2611772922965987500, 0.4499999999999999600, -0.06175757316337861200 ) ) ;
#5860 = CARTESIAN_POINT ( 'NONE',  ( -0.2600667534126853100, 0.4499999999999999000, -0.06179878558880789300 ) ) ;
#5861 = CARTESIAN_POINT ( 'NONE',  ( -0.05822380469473655700, 0.4489999999999998400, -0.01542458687085917400 ) ) ;
#5862 = CARTESIAN_POINT ( 'NONE',  ( -0.05822380469473655700, 0.4499999999999998400, -0.01542458687085917400 ) ) ;
#5863 = CARTESIAN_POINT ( 'NONE',  ( -0.05736894967151205700, 0.4489999999999998400, -0.01542414505396940200 ) ) ;
#5864 = CARTESIAN_POINT ( 'NONE',  ( -0.05736894967151205700, 0.4499999999999998400, -0.01542414505396940200 ) ) ;
#5865 = CARTESIAN_POINT ( 'NONE',  ( -0.05571866967343302300, 0.4489999999999999000, -0.01542329213557249200 ) ) ;
#5866 = CARTESIAN_POINT ( 'NONE',  ( -0.05571866967343302300, 0.4499999999999999000, -0.01542329213557249200 ) ) ;
#5867 = CARTESIAN_POINT ( 'NONE',  ( -0.05333477758105474600, 0.4489999999999996800, -0.01553715566355038500 ) ) ;
#5868 = CARTESIAN_POINT ( 'NONE',  ( -0.05333477758105474600, 0.4499999999999996800, -0.01553715566355038500 ) ) ;
#5869 = CARTESIAN_POINT ( 'NONE',  ( -0.05112308365811050300, 0.4489999999999998400, -0.01566859945396164100 ) ) ;
#5870 = CARTESIAN_POINT ( 'NONE',  ( -0.05112308365811050300, 0.4499999999999998400, -0.01566859945396164100 ) ) ;
#5871 = CARTESIAN_POINT ( 'NONE',  ( -0.04909038150458696500, 0.4489999999999999000, -0.01586105441001881300 ) ) ;
#5872 = CARTESIAN_POINT ( 'NONE',  ( -0.04909038150458696500, 0.4499999999999999000, -0.01586105441001881300 ) ) ;
#5873 = CARTESIAN_POINT ( 'NONE',  ( -0.04723575480506369400, 0.4489999999999997900, -0.01613309033813839200 ) ) ;
#5874 = CARTESIAN_POINT ( 'NONE',  ( -0.04723575480506369400, 0.4499999999999997900, -0.01613309033813839200 ) ) ;
#5875 = CARTESIAN_POINT ( 'NONE',  ( -0.04555611112293653200, 0.4489999999999998400, -0.01640771142151410000 ) ) ;
#5876 = CARTESIAN_POINT ( 'NONE',  ( -0.04555611112293653200, 0.4499999999999998400, -0.01640771142151410000 ) ) ;
#5877 = CARTESIAN_POINT ( 'NONE',  ( -0.04406447446879642500, 0.4489999999999999500, -0.01680500749575780700 ) ) ;
#5878 = CARTESIAN_POINT ( 'NONE',  ( -0.04406447446879642500, 0.4499999999999999600, -0.01680500749575780700 ) ) ;
#5879 = CARTESIAN_POINT ( 'NONE',  ( -0.04231878298977214500, 0.4489999999999997900, -0.01733995232830415000 ) ) ;
#5880 = CARTESIAN_POINT ( 'NONE',  ( -0.04231878298977214500, 0.4499999999999997900, -0.01733995232830415000 ) ) ;
#5881 = CARTESIAN_POINT ( 'NONE',  ( -0.04037354449043533500, 0.4489999999999998400, -0.01825231277576087500 ) ) ;
#5882 = CARTESIAN_POINT ( 'NONE',  ( -0.04037354449043533500, 0.4499999999999998400, -0.01825231277576087500 ) ) ;
#5883 = CARTESIAN_POINT ( 'NONE',  ( -0.03825732881834419800, 0.4489999999999997300, -0.01957659534872010000 ) ) ;
#5884 = EDGE_LOOP ( 'NONE', ( #7046, #7221, #7165, #7193 ) ) ;
#5885 = EDGE_LOOP ( 'NONE', ( #7265, #7252, #7229, #7192 ) ) ;
#5886 = EDGE_LOOP ( 'NONE', ( #8409, #8411, #8379, #8380 ) ) ;
#5887 = EDGE_LOOP ( 'NONE', ( #3701, #3703, #3702, #3704 ) ) ;
#5888 = EDGE_LOOP ( 'NONE', ( #8414, #8405, #8419, #8400 ) ) ;
#5889 = EDGE_LOOP ( 'NONE', ( #7133, #7103, #7195, #7233 ) ) ;
#5890 = EDGE_LOOP ( 'NONE', ( #7118, #7105, #7142, #7240 ) ) ;
#5891 = EDGE_LOOP ( 'NONE', ( #8391, #8361, #8385, #8392 ) ) ;
#5892 = EDGE_LOOP ( 'NONE', ( #8399, #8398, #8418, #8367 ) ) ;
#5893 = EDGE_LOOP ( 'NONE', ( #8360, #8377, #8358, #8369 ) ) ;
#5894 = EDGE_LOOP ( 'NONE', ( #7102, #7267, #7069, #7268 ) ) ;
#5895 = EDGE_LOOP ( 'NONE', ( #7126, #7048, #7150, #7258 ) ) ;
#5896 = EDGE_LOOP ( 'NONE', ( #8397, #8357, #8416, #8424 ) ) ;
#5897 = EDGE_LOOP ( 'NONE', ( #7244, #7162, #7124, #7199 ) ) ;
#5898 = EDGE_LOOP ( 'NONE', ( #3709, #8923, #3710, #7068 ) ) ;
#5899 = EDGE_LOOP ( 'NONE', ( #7155, #7215, #7190, #8395 ) ) ;
#5900 = EDGE_LOOP ( 'NONE', ( #8363, #8406, #8401, #8371, #8388, #8408, #8384, #8407 ) ) ;
#5901 = EDGE_LOOP ( 'NONE', ( #8413, #8368, #8378, #8362 ) ) ;
#5902 = EDGE_LOOP ( 'NONE', ( #7123, #7107, #7045, #7137 ) ) ;
#5903 = EDGE_LOOP ( 'NONE', ( #7143, #7245, #7121, #7234 ) ) ;
#5904 = ORIENTED_EDGE ( 'NONE', *, *, #4680, .T. ) ;
#5905 = ORIENTED_EDGE ( 'NONE', *, *, #590, .F. ) ;
#5906 = EDGE_LOOP ( 'NONE', ( #3705, #3707, #3706, #3708 ) ) ;
#5907 = EDGE_LOOP ( 'NONE', ( #3694, #3693, #3695, #3692, #3696, #3697, #3698, #3699, #3700 ) ) ;
#5908 = ORIENTED_EDGE ( 'NONE', *, *, #4675, .T. ) ;
#5909 = ORIENTED_EDGE ( 'NONE', *, *, #4385, .T. ) ;
#5910 = ORIENTED_EDGE ( 'NONE', *, *, #694, .F. ) ;
#5911 = ORIENTED_EDGE ( 'NONE', *, *, #4451, .T. ) ;
#5912 = ORIENTED_EDGE ( 'NONE', *, *, #663, .F. ) ;
#5913 = EDGE_LOOP ( 'NONE', ( #3688, #3690, #3689, #3691 ) ) ;
#5914 = ORIENTED_EDGE ( 'NONE', *, *, #4680, .F. ) ;
#5915 = ORIENTED_EDGE ( 'NONE', *, *, #2014, .F. ) ;
#5916 = ORIENTED_EDGE ( 'NONE', *, *, #4685, .T. ) ;
#5917 = EDGE_LOOP ( 'NONE', ( #1087, #1073, #1082, #1060 ) ) ;
#5918 = EDGE_LOOP ( 'NONE', ( #8373, #8382, #8423, #8375 ) ) ;
#5919 = ORIENTED_EDGE ( 'NONE', *, *, #4614, .T. ) ;
#5920 = ORIENTED_EDGE ( 'NONE', *, *, #4683, .F. ) ;
#5921 = ORIENTED_EDGE ( 'NONE', *, *, #2056, .F. ) ;
#5922 = ORIENTED_EDGE ( 'NONE', *, *, #4679, .T. ) ;
#5923 = ORIENTED_EDGE ( 'NONE', *, *, #4684, .F. ) ;
#5924 = EDGE_LOOP ( 'NONE', ( #7262, #7101, #7263, #7049 ) ) ;
#5925 = ORIENTED_EDGE ( 'NONE', *, *, #4598, .T. ) ;
#5926 = ORIENTED_EDGE ( 'NONE', *, *, #4439, .T. ) ;
#5927 = ORIENTED_EDGE ( 'NONE', *, *, #4689, .T. ) ;
#5928 = ORIENTED_EDGE ( 'NONE', *, *, #4676, .T. ) ;
#5929 = ORIENTED_EDGE ( 'NONE', *, *, #4694, .T. ) ;
#5930 = ORIENTED_EDGE ( 'NONE', *, *, #4682, .T. ) ;
#5931 = ORIENTED_EDGE ( 'NONE', *, *, #4691, .F. ) ;
#5932 = ORIENTED_EDGE ( 'NONE', *, *, #4691, .T. ) ;
#5933 = ORIENTED_EDGE ( 'NONE', *, *, #4684, .T. ) ;
#5934 = ORIENTED_EDGE ( 'NONE', *, *, #2020, .F. ) ;
#5935 = EDGE_LOOP ( 'NONE', ( #8415, #8417, #8374, #8386 ) ) ;
#5936 = ORIENTED_EDGE ( 'NONE', *, *, #2118, .F. ) ;
#5937 = ORIENTED_EDGE ( 'NONE', *, *, #2013, .F. ) ;
#5938 = ORIENTED_EDGE ( 'NONE', *, *, #4451, .F. ) ;
#5939 = ORIENTED_EDGE ( 'NONE', *, *, #4677, .T. ) ;
#5940 = ORIENTED_EDGE ( 'NONE', *, *, #4598, .F. ) ;
#5941 = ORIENTED_EDGE ( 'NONE', *, *, #2016, .F. ) ;
#5942 = ORIENTED_EDGE ( 'NONE', *, *, #4687, .T. ) ;
#5943 = VECTOR ( 'NONE', #6170, 1000.000000000000000 ) ;
#5944 = VECTOR ( 'NONE', #7574, 1000.000000000000000 ) ;
#5945 = VECTOR ( 'NONE', #6053, 1000.000000000000000 ) ;
#5946 = VECTOR ( 'NONE', #3266, 1000.000000000000000 ) ;
#5947 = VECTOR ( 'NONE', #7624, 1000.000000000000000 ) ;
#5948 = VECTOR ( 'NONE', #6082, 1000.000000000000000 ) ;
#5949 = AXIS2_PLACEMENT_3D ( 'NONE', #7618, #7625, #7626 ) ;
#5950 = VECTOR ( 'NONE', #7636, 1000.000000000000000 ) ;
#5951 = VECTOR ( 'NONE', #3434, 1000.000000000000000 ) ;
#5952 = AXIS2_PLACEMENT_3D ( 'NONE', #7582, #7583, #7584 ) ;
#5953 = AXIS2_PLACEMENT_3D ( 'NONE', #3431, #3438, #3439 ) ;
#5954 = VECTOR ( 'NONE', #7630, 1000.000000000000000 ) ;
#5955 = VECTOR ( 'NONE', #7568, 1000.000000000000000 ) ;
#5956 = VECTOR ( 'NONE', #7728, 1000.000000000000000 ) ;
#5957 = VECTOR ( 'NONE', #7762, 1000.000000000000100 ) ;
#5958 = AXIS2_PLACEMENT_3D ( 'NONE', #6199, #6200, #6201 ) ;
#5959 = VECTOR ( 'NONE', #6230, 1000.000000000000000 ) ;
#5960 = VECTOR ( 'NONE', #6248, 1000.000000000000000 ) ;
#5961 = AXIS2_PLACEMENT_3D ( 'NONE', #6128, #6129, #6130 ) ;
#5962 = AXIS2_PLACEMENT_3D ( 'NONE', #6245, #6249, #6250 ) ;
#5963 = VECTOR ( 'NONE', #6050, 1000.000000000000100 ) ;
#5964 = AXIS2_PLACEMENT_3D ( 'NONE', #6164, #6165, #6166 ) ;
#5965 = VECTOR ( 'NONE', #6227, 1000.000000000000000 ) ;
#5966 = VECTOR ( 'NONE', #6047, 1000.000000000000000 ) ;
#5967 = AXIS2_PLACEMENT_3D ( 'NONE', #6202, #6203, #6204 ) ;
#5968 = VECTOR ( 'NONE', #6044, 1000.000000000000000 ) ;
#5969 = VECTOR ( 'NONE', #6041, 1000.000000000000000 ) ;
#5970 = AXIS2_PLACEMENT_3D ( 'NONE', #6038, #6054, #6055 ) ;
#5971 = VECTOR ( 'NONE', #6176, 1000.000000000000100 ) ;
#5972 = VECTOR ( 'NONE', #3482, 1000.000000000000000 ) ;
#5973 = AXIS2_PLACEMENT_3D ( 'NONE', #6251, #6252, #6253 ) ;
#5974 = VECTOR ( 'NONE', #3479, 1000.000000000000000 ) ;
#5975 = VECTOR ( 'NONE', #3476, 1000.000000000000000 ) ;
#5976 = AXIS2_PLACEMENT_3D ( 'NONE', #3344, #3345, #3346 ) ;
#5977 = AXIS2_PLACEMENT_3D ( 'NONE', #3467, #3468, #3469 ) ;
#5978 = VECTOR ( 'NONE', #3263, 1000.000000000000000 ) ;
#5979 = AXIS2_PLACEMENT_3D ( 'NONE', #3428, #3429, #3430 ) ;
#5980 = VECTOR ( 'NONE', #7783, 1000.000000000000000 ) ;
#5981 = VECTOR ( 'NONE', #3278, 1000.000000000000000 ) ;
#5982 = VECTOR ( 'NONE', #3269, 1000.000000000000000 ) ;
#5983 = VECTOR ( 'NONE', #3272, 1000.000000000000000 ) ;
#5984 = AXIS2_PLACEMENT_3D ( 'NONE', #7562, #7569, #7570 ) ;
#5985 = VECTOR ( 'NONE', #7565, 1000.000000000000000 ) ;
#5986 = AXIS2_PLACEMENT_3D ( 'NONE', #7780, #7784, #7785 ) ;
#5987 = VECTOR ( 'NONE', #7734, 1000.000000000000000 ) ;
#5988 = VECTOR ( 'NONE', #7765, 1000.000000000000000 ) ;
#5989 = AXIS2_PLACEMENT_3D ( 'NONE', #7678, #7679, #7680 ) ;
#5990 = VECTOR ( 'NONE', #6257, 1000.000000000000000 ) ;
#5991 = VECTOR ( 'NONE', #7684, 1000.000000000000000 ) ;
#5992 = VECTOR ( 'NONE', #1678, 1000.000000000000000 ) ;
#5993 = VECTOR ( 'NONE', #6260, 1000.000000000000000 ) ;
#5994 = VECTOR ( 'NONE', #7731, 1000.000000000000000 ) ;
#5995 = VECTOR ( 'NONE', #7588, 1000.000000000000000 ) ;
#5996 = VECTOR ( 'NONE', #7621, 1000.000000000000000 ) ;
#5997 = VECTOR ( 'NONE', #3317, 1000.000000000000000 ) ;
#5998 = VECTOR ( 'NONE', #3233, 1000.000000000000000 ) ;
#5999 = VECTOR ( 'NONE', #7740, 1000.000000000000000 ) ;
#6000 = VECTOR ( 'NONE', #7706, 1000.000000000000000 ) ;
#6001 = VECTOR ( 'NONE', #3391, 1000.000000000000100 ) ;
#6002 = VECTOR ( 'NONE', #6153, 1000.000000000000000 ) ;
#6003 = AXIS2_PLACEMENT_3D ( 'NONE', #6167, #6171, #6172 ) ;
#6004 = AXIS2_PLACEMENT_3D ( 'NONE', #3470, #3471, #3472 ) ;
#6005 = VECTOR ( 'NONE', #3314, 1000.000000000000000 ) ;
#6006 = VECTOR ( 'NONE', #3369, 1000.000000000000000 ) ;
#6007 = VECTOR ( 'NONE', #7737, 1000.000000000000100 ) ;
#6008 = AXIS2_PLACEMENT_3D ( 'NONE', #3275, #3279, #3280 ) ;
#6009 = VECTOR ( 'NONE', #7577, 1000.000000000000000 ) ;
#6010 = VECTOR ( 'NONE', #3284, 1000.000000000000000 ) ;
#6011 = VECTOR ( 'NONE', #7633, 1000.000000000000000 ) ;
#6012 = VECTOR ( 'NONE', #3394, 999.9999999999998900 ) ;
#6013 = VECTOR ( 'NONE', #7591, 1000.000000000000000 ) ;
#6014 = VECTOR ( 'NONE', #3437, 1000.000000000000000 ) ;
#6015 = AXIS2_PLACEMENT_3D ( 'NONE', #6254, #6261, #6262 ) ;
#6016 = CARTESIAN_POINT ( 'NONE',  ( 0.3654522920118444300, 0.4499999999999998400, 0.01689685659686287300 ) ) ;
#6017 = CARTESIAN_POINT ( 'NONE',  ( 0.3653469046733992500, 0.4499999999999999000, 0.01422596690582033700 ) ) ;
#6018 = CARTESIAN_POINT ( 'NONE',  ( 0.3652938235103916400, 0.4499999999999999000, 0.01288070159067929300 ) ) ;
#6019 = CARTESIAN_POINT ( 'NONE',  ( 0.3971648171001352400, 0.4499999999999999000, -0.01692699071701301800 ) ) ;
#6020 = CARTESIAN_POINT ( 'NONE',  ( 0.3981811741382827500, 0.4499999999999997300, -0.01689967323999091700 ) ) ;
#6021 = CARTESIAN_POINT ( 'NONE',  ( 0.4001818427227384900, 0.4499999999999997300, -0.01684589959939674200 ) ) ;
#6022 = CARTESIAN_POINT ( 'NONE',  ( 0.4031191799277097900, 0.4500000000000000700, -0.01643207529391553500 ) ) ;
#6023 = CARTESIAN_POINT ( 'NONE',  ( 0.4059417209555149000, 0.4499999999999999600, -0.01577992923895498900 ) ) ;
#6024 = CARTESIAN_POINT ( 'NONE',  ( 0.4086377670199551300, 0.4500000000000000100, -0.01482929335472052800 ) ) ;
#6025 = CARTESIAN_POINT ( 'NONE',  ( 0.4112169950730856200, 0.4499999999999998400, -0.01361494037294083200 ) ) ;
#6026 = CARTESIAN_POINT ( 'NONE',  ( 0.4136942063904723900, 0.4500000000000001200, -0.01215954407921267400 ) ) ;
#6027 = CARTESIAN_POINT ( 'NONE',  ( 0.4160228352506498100, 0.4499999999999999600, -0.01038795321187660700 ) ) ;
#6028 = CARTESIAN_POINT ( 'NONE',  ( 0.4182328689424186200, 0.4499999999999999000, -0.008408954475194897100 ) ) ;
#6029 = CARTESIAN_POINT ( 'NONE',  ( 0.4202393574393598600, 0.4499999999999998400, -0.006217040632476340500 ) ) ;
#6030 = CARTESIAN_POINT ( 'NONE',  ( 0.4220158161695751200, 0.4500000000000000700, -0.003891288155160560700 ) ) ;
#6031 = CARTESIAN_POINT ( 'NONE',  ( 0.4235080102191208800, 0.4499999999999998400, -0.001434120126640811700 ) ) ;
#6032 = CARTESIAN_POINT ( 'NONE',  ( 0.4247186936938235300, 0.4499999999999998400, 0.001153218900025660900 ) ) ;
#6033 = CARTESIAN_POINT ( 'NONE',  ( 0.4256588330823342600, 0.4499999999999999000, 0.003866740601755400700 ) ) ;
#6034 = CARTESIAN_POINT ( 'NONE',  ( 0.4263441943692944900, 0.4500000000000000100, 0.006702973158566895800 ) ) ;
#6035 = CARTESIAN_POINT ( 'NONE',  ( 0.4267493255927186600, 0.4499999999999997900, 0.009663872343141732500 ) ) ;
#6036 = CARTESIAN_POINT ( 'NONE',  ( 0.4268043396131499000, 0.4499999999999999000, 0.01167753449360409500 ) ) ;
#6037 = CARTESIAN_POINT ( 'NONE',  ( 0.4268322850488532900, 0.4499999999999999000, 0.01270041312914082900 ) ) ;
#6038 = CARTESIAN_POINT ( 'NONE',  ( 0.9750000000000002000, 0.4249999999999998800, 0.7750000000000001300 ) ) ;
#6039 = LINE ( 'NONE', #6040, #5969 ) ;
#6040 = CARTESIAN_POINT ( 'NONE',  ( 1.000000000000000000, 0.4249999999999998800, 0.8000000000000000400 ) ) ;
#6041 = DIRECTION ( 'NONE',  ( -0.0000000000000000000, -0.0000000000000000000, 1.000000000000000000 ) ) ;
#6042 = LINE ( 'NONE', #6043, #5968 ) ;
#6043 = CARTESIAN_POINT ( 'NONE',  ( 0.3422169004334685800, 0.4489999999999998400, -0.009234683024705323300 ) ) ;
#6044 = DIRECTION ( 'NONE',  ( -0.0000000000000000000, 1.000000000000000000, -0.0000000000000000000 ) ) ;
#6045 = LINE ( 'NONE', #6046, #5966 ) ;
#6046 = CARTESIAN_POINT ( 'NONE',  ( 0.9750000000000002000, -0.4499999999999999000, 0.8000000000000000400 ) ) ;
#6047 = DIRECTION ( 'NONE',  ( -0.0000000000000000000, -0.0000000000000000000, 1.000000000000000000 ) ) ;
#6048 = LINE ( 'NONE', #6049, #5963 ) ;
#6049 = CARTESIAN_POINT ( 'NONE',  ( 0.4063194645360327400, 0.4499999999999999000, -0.06179878558880789300 ) ) ;
#6050 = DIRECTION ( 'NONE',  ( 0.7863974287229266200, 0.0000000000000000000, 0.6177208787939496600 ) ) ;
#6051 = LINE ( 'NONE', #6052, #5945 ) ;
#6052 = CARTESIAN_POINT ( 'NONE',  ( 0.5000000000000000000, -0.4499999999999999000, 0.8000000000000000400 ) ) ;
#6053 = DIRECTION ( 'NONE',  ( 0.0000000000000000000, 0.0000000000000000000, -1.000000000000000000 ) ) ;
#6054 = DIRECTION ( 'NONE',  ( 1.000000000000000000, -0.0000000000000000000, 4.336808689942025600E-015 ) ) ;
#6055 = DIRECTION ( 'NONE',  ( 4.336808689942025600E-015, 0.0000000000000000000, -1.000000000000000000 ) ) ;
#6056 = CARTESIAN_POINT ( 'NONE',  ( 0.3422169004334685800, 0.4499999999999999000, -0.009234683024705323300 ) ) ;
#6057 = CARTESIAN_POINT ( 'NONE',  ( 0.3422011807410990100, 0.4499999999999999600, -0.01043661366807796500 ) ) ;
#6058 = CARTESIAN_POINT ( 'NONE',  ( 0.3421704296623693200, 0.4499999999999999600, -0.01278784694752302000 ) ) ;
#6059 = CARTESIAN_POINT ( 'NONE',  ( 0.3420528871566226300, 0.4499999999999999600, -0.01623122353786952300 ) ) ;
#6060 = CARTESIAN_POINT ( 'NONE',  ( 0.3417493564568512300, 0.4499999999999998400, -0.01950173099241671000 ) ) ;
#6061 = CARTESIAN_POINT ( 'NONE',  ( 0.3414122387750082000, 0.4499999999999998400, -0.02261345878282568200 ) ) ;
#6062 = CARTESIAN_POINT ( 'NONE',  ( 0.3409151753152342400, 0.4499999999999999600, -0.02554918171723971600 ) ) ;
#6063 = CARTESIAN_POINT ( 'NONE',  ( 0.3403792379757972200, 0.4499999999999999600, -0.02833347615313446700 ) ) ;
#6064 = CARTESIAN_POINT ( 'NONE',  ( 0.3396592033389336200, 0.4499999999999999600, -0.03093184829083012900 ) ) ;
#6065 = CARTESIAN_POINT ( 'NONE',  ( 0.3388900669111055100, 0.4499999999999999000, -0.03338497919687605900 ) ) ;
#6066 = CARTESIAN_POINT ( 'NONE',  ( 0.3380097698959217400, 0.4500000000000000100, -0.03566499789689874000 ) ) ;
#6067 = CARTESIAN_POINT ( 'NONE',  ( 0.3370407489171340400, 0.4499999999999999000, -0.03778253465009752400 ) ) ;
#6068 = CARTESIAN_POINT ( 'NONE',  ( 0.3360058415237334200, 0.4499999999999999000, -0.03974781250029198900 ) ) ;
#6069 = CARTESIAN_POINT ( 'NONE',  ( 0.3348817775106115400, 0.4499999999999997900, -0.04155543940247803000 ) ) ;
#6070 = CARTESIAN_POINT ( 'NONE',  ( 0.3336819008516038200, 0.4499999999999999600, -0.04321351205708191100 ) ) ;
#6071 = CARTESIAN_POINT ( 'NONE',  ( 0.3323745423031019300, 0.4499999999999998400, -0.04468878618728407100 ) ) ;
#6072 = CARTESIAN_POINT ( 'NONE',  ( 0.3310115602227920500, 0.4500000000000000100, -0.04602698527609967000 ) ) ;
#6073 = CARTESIAN_POINT ( 'NONE',  ( 0.3291024977706874500, 0.4499999999999996200, -0.04755448725100251700 ) ) ;
#6074 = CARTESIAN_POINT ( 'NONE',  ( 0.3266032323478192900, 0.4499999999999999000, -0.04911196426480711500 ) ) ;
#6075 = CARTESIAN_POINT ( 'NONE',  ( 0.3234933567094638900, 0.4499999999999999000, -0.05054527168938820200 ) ) ;
#6076 = CARTESIAN_POINT ( 'NONE',  ( 0.3202570525880029700, 0.4499999999999999000, -0.05136836576427127700 ) ) ;
#6077 = CARTESIAN_POINT ( 'NONE',  ( 0.3180692396139448400, 0.4499999999999999600, -0.05148441396536078400 ) ) ;
#6078 = CARTESIAN_POINT ( 'NONE',  ( 0.3169765158180839500, 0.4499999999999999000, -0.05154237533239763900 ) ) ;
#6079 = CARTESIAN_POINT ( 'NONE',  ( 0.3952818042796224500, 0.4489999999999998400, -0.006670580460602763100 ) ) ;
#6080 = LINE ( 'NONE', #6081, #5948 ) ;
#6081 = CARTESIAN_POINT ( 'NONE',  ( -0.9750000000000000900, 0.0000000000000000000, -0.8000000000000000400 ) ) ;
#6082 = DIRECTION ( 'NONE',  ( -0.0000000000000000000, 1.000000000000000000, -0.0000000000000000000 ) ) ;
#6083 = CARTESIAN_POINT ( 'NONE',  ( 0.3945200258558562700, 0.4489999999999998400, -0.006648350641100153800 ) ) ;
#6084 = CARTESIAN_POINT ( 'NONE',  ( 0.3930320513014259900, 0.4489999999999998400, -0.006604929345960384300 ) ) ;
#6085 = CARTESIAN_POINT ( 'NONE',  ( 0.3908489823093918000, 0.4489999999999997300, -0.006352779290961028900 ) ) ;
#6086 = CARTESIAN_POINT ( 'NONE',  ( 0.3887828894108851200, 0.4489999999999999500, -0.005877948845795641000 ) ) ;
#6087 = CARTESIAN_POINT ( 'NONE',  ( 0.3868063998780091900, 0.4489999999999997900, -0.005273196504007939500 ) ) ;
#6088 = CARTESIAN_POINT ( 'NONE',  ( 0.3849564655092622100, 0.4489999999999997900, -0.004441680512132405000 ) ) ;
#6089 = CARTESIAN_POINT ( 'NONE',  ( 0.3832196415135970500, 0.4489999999999999500, -0.003431629113414040600 ) ) ;
#6090 = CARTESIAN_POINT ( 'NONE',  ( 0.3815892114596573500, 0.4489999999999999000, -0.002242452594936395100 ) ) ;
#6091 = CARTESIAN_POINT ( 'NONE',  ( 0.3800822528388244600, 0.4489999999999999000, -0.0008909979919777797900 ) ) ;
#6092 = CARTESIAN_POINT ( 'NONE',  ( 0.3787159767430987600, 0.4489999999999997300, 0.0005886600933694566600 ) ) ;
#6093 = CARTESIAN_POINT ( 'NONE',  ( 0.3775393730068464800, 0.4489999999999999000, 0.002173503584112085300 ) ) ;
#6094 = CARTESIAN_POINT ( 'NONE',  ( 0.3765244472899070300, 0.4489999999999997900, 0.003825337958564608600 ) ) ;
#6095 = CARTESIAN_POINT ( 'NONE',  ( 0.3756992524646871100, 0.4489999999999997900, 0.005557964878475156600 ) ) ;
#6096 = CARTESIAN_POINT ( 'NONE',  ( 0.3750566788713800600, 0.4489999999999999000, 0.007370722009603702900 ) ) ;
#6097 = CARTESIAN_POINT ( 'NONE',  ( 0.3745918717036669200, 0.4489999999999997300, 0.009255271991941158400 ) ) ;
#6098 = CARTESIAN_POINT ( 'NONE',  ( 0.3743331930973510200, 0.4489999999999999500, 0.01122425216697606000 ) ) ;
#6099 = CARTESIAN_POINT ( 'NONE',  ( 0.3742901579114817900, 0.4489999999999998400, 0.01255946653067572700 ) ) ;
#6100 = CARTESIAN_POINT ( 'NONE',  ( 0.3742681824847506900, 0.4489999999999997900, 0.01324127851375621300 ) ) ;
#6101 = CARTESIAN_POINT ( 'NONE',  ( 0.3166760350488532800, 0.4499999999999999000, -0.06179878558880789300 ) ) ;
#6102 = CARTESIAN_POINT ( 'NONE',  ( 0.3174713344341201200, 0.4499999999999997900, -0.06178484801236031700 ) ) ;
#6103 = CARTESIAN_POINT ( 'NONE',  ( 0.3190529346882825000, 0.4499999999999998400, -0.06175713055795228200 ) ) ;
#6104 = CARTESIAN_POINT ( 'NONE',  ( 0.3213912311238800200, 0.4499999999999998400, -0.06149073219982076300 ) ) ;
#6105 = CARTESIAN_POINT ( 'NONE',  ( 0.3236755077442972100, 0.4499999999999999000, -0.06104870011133692300 ) ) ;
#6106 = CARTESIAN_POINT ( 'NONE',  ( 0.3258960259929681900, 0.4499999999999999600, -0.06042238655183240800 ) ) ;
#6107 = CARTESIAN_POINT ( 'NONE',  ( 0.3280710256063331100, 0.4499999999999999000, -0.05964536721870596100 ) ) ;
#6108 = CARTESIAN_POINT ( 'NONE',  ( 0.3301834943962088100, 0.4499999999999998400, -0.05867144958701537400 ) ) ;
#6109 = CARTESIAN_POINT ( 'NONE',  ( 0.3322465538716959900, 0.4499999999999999000, -0.05753776766288778300 ) ) ;
#6110 = CARTESIAN_POINT ( 'NONE',  ( 0.3342274192294074100, 0.4499999999999999600, -0.05620565688269844200 ) ) ;
#6111 = CARTESIAN_POINT ( 'NONE',  ( 0.3361478368107238000, 0.4499999999999997900, -0.05472044899136235100 ) ) ;
#6112 = CARTESIAN_POINT ( 'NONE',  ( 0.3379606357527839000, 0.4499999999999999000, -0.05304151559698126700 ) ) ;
#6113 = CARTESIAN_POINT ( 'NONE',  ( 0.3396659810641398100, 0.4499999999999999000, -0.05118580933216242100 ) ) ;
#6114 = CARTESIAN_POINT ( 'NONE',  ( 0.3412852755037464300, 0.4499999999999999600, -0.04917318464968790200 ) ) ;
#6115 = CARTESIAN_POINT ( 'NONE',  ( 0.3427725782808677700, 0.4499999999999997900, -0.04696503936872846500 ) ) ;
#6116 = CARTESIAN_POINT ( 'NONE',  ( 0.3441889620590230500, 0.4499999999999997900, -0.04459977908832429100 ) ) ;
#6117 = CARTESIAN_POINT ( 'NONE',  ( 0.3454567345133562300, 0.4499999999999999600, -0.04203604009421548600 ) ) ;
#6118 = CARTESIAN_POINT ( 'NONE',  ( 0.3466777252327447000, 0.4499999999999999000, -0.03931659815589989100 ) ) ;
#6119 = CARTESIAN_POINT ( 'NONE',  ( 0.3477316391395802200, 0.4500000000000000100, -0.03636620790428089100 ) ) ;
#6120 = CARTESIAN_POINT ( 'NONE',  ( 0.3486821032902175400, 0.4499999999999997300, -0.03320150046090684900 ) ) ;
#6121 = CARTESIAN_POINT ( 'NONE',  ( 0.3494500738209301300, 0.4499999999999999600, -0.02978509512223993400 ) ) ;
#6122 = CARTESIAN_POINT ( 'NONE',  ( 0.3500897673163055300, 0.4499999999999999000, -0.02613491668523684400 ) ) ;
#6123 = CARTESIAN_POINT ( 'NONE',  ( 0.3505853357718943200, 0.4499999999999999000, -0.02223756002123225200 ) ) ;
#6124 = CARTESIAN_POINT ( 'NONE',  ( 0.3509462684027101500, 0.4499999999999999600, -0.01810137957803912400 ) ) ;
#6125 = CARTESIAN_POINT ( 'NONE',  ( 0.3511369279753197000, 0.4499999999999999000, -0.01372365413116011400 ) ) ;
#6126 = CARTESIAN_POINT ( 'NONE',  ( 0.3511728337240818700, 0.4499999999999999600, -0.01073057272609836100 ) ) ;
#6127 = CARTESIAN_POINT ( 'NONE',  ( 0.3511912594078276400, 0.4499999999999999000, -0.009194618922141226100 ) ) ;
#6128 = CARTESIAN_POINT ( 'NONE',  ( 0.9750000000000000900, 0.4249999999999998800, -0.7750000000000001300 ) ) ;
#6129 = DIRECTION ( 'NONE',  ( 1.000000000000000000, -4.336808689942016200E-015, 0.0000000000000000000 ) ) ;
#6130 = DIRECTION ( 'NONE',  ( 4.336808689942015400E-015, 1.000000000000000000, 0.0000000000000000000 ) ) ;
#6131 = CARTESIAN_POINT ( 'NONE',  ( 0.3960630542796224600, 0.4499999999999999000, 0.03307300928298698200 ) ) ;
#6132 = CARTESIAN_POINT ( 'NONE',  ( 0.3968049256657975600, 0.4499999999999999600, 0.03305103495744999400 ) ) ;
#6133 = CARTESIAN_POINT ( 'NONE',  ( 0.3982598357971713400, 0.4500000000000000700, 0.03300794033289694600 ) ) ;
#6134 = CARTESIAN_POINT ( 'NONE',  ( 0.4004076489466125200, 0.4499999999999998400, 0.03274852122318038000 ) ) ;
#6135 = CARTESIAN_POINT ( 'NONE',  ( 0.4024670294790363400, 0.4500000000000000100, 0.03228953128225880300 ) ) ;
#6136 = CARTESIAN_POINT ( 'NONE',  ( 0.4044397868674601800, 0.4499999999999999000, 0.03163773784610578900 ) ) ;
#6137 = CARTESIAN_POINT ( 'NONE',  ( 0.4063409706121994800, 0.4499999999999999000, 0.03084192042930146800 ) ) ;
#6138 = CARTESIAN_POINT ( 'NONE',  ( 0.4081439626553489100, 0.4499999999999998400, 0.02983529415103711500 ) ) ;
#6139 = CARTESIAN_POINT ( 'NONE',  ( 0.4098590510423579200, 0.4499999999999999000, 0.02863654792956926400 ) ) ;
#6140 = CARTESIAN_POINT ( 'NONE',  ( 0.4114807824579942400, 0.4499999999999999000, 0.02729024998027537400 ) ) ;
#6141 = CARTESIAN_POINT ( 'NONE',  ( 0.4129846092676836600, 0.4500000000000000100, 0.02582245421020789400 ) ) ;
#6142 = CARTESIAN_POINT ( 'NONE',  ( 0.4142782458068858300, 0.4499999999999998400, 0.02424446214086929700 ) ) ;
#6143 = CARTESIAN_POINT ( 'NONE',  ( 0.4153834810423464600, 0.4499999999999998400, 0.02259606513152039000 ) ) ;
#6144 = CARTESIAN_POINT ( 'NONE',  ( 0.4162816006728572400, 0.4499999999999999600, 0.02087612542062691400 ) ) ;
#6145 = CARTESIAN_POINT ( 'NONE',  ( 0.4169976375676434600, 0.4499999999999999000, 0.01907242577390028500 ) ) ;
#6146 = CARTESIAN_POINT ( 'NONE',  ( 0.4174868223445275000, 0.4500000000000000700, 0.01719480509050247800 ) ) ;
#6147 = CARTESIAN_POINT ( 'NONE',  ( 0.4178048020280741300, 0.4499999999999999000, 0.01524189006293534000 ) ) ;
#6148 = CARTESIAN_POINT ( 'NONE',  ( 0.4178399839206636300, 0.4499999999999999600, 0.01391696650421673000 ) ) ;
#6149 = CARTESIAN_POINT ( 'NONE',  ( 0.4178579260744942300, 0.4499999999999999000, 0.01324127851375621300 ) ) ;
#6150 = CARTESIAN_POINT ( 'NONE',  ( 0.2260510350488532700, 0.4499999999999999000, -0.01494381764008994100 ) ) ;
#6151 = LINE ( 'NONE', #6152, #6002 ) ;
#6152 = CARTESIAN_POINT ( 'NONE',  ( 0.0000000000000000000, 0.4249999999999998800, -0.8000000000000000400 ) ) ;
#6153 = DIRECTION ( 'NONE',  ( 1.000000000000000000, -0.0000000000000000000, 0.0000000000000000000 ) ) ;
#6154 = CARTESIAN_POINT ( 'NONE',  ( 0.2248912814867839700, 0.4499999999999999600, -0.01557623960065551400 ) ) ;
#6155 = CARTESIAN_POINT ( 'NONE',  ( 0.2226456739761789300, 0.4499999999999997900, -0.01680078553089919500 ) ) ;
#6156 = CARTESIAN_POINT ( 'NONE',  ( 0.2196722613723951200, 0.4500000000000000100, -0.01905069427641672600 ) ) ;
#6157 = CARTESIAN_POINT ( 'NONE',  ( 0.2171182435594159200, 0.4499999999999998400, -0.02148748898542278800 ) ) ;
#6158 = CARTESIAN_POINT ( 'NONE',  ( 0.2150538230561215600, 0.4499999999999997900, -0.02416262598037916700 ) ) ;
#6159 = CARTESIAN_POINT ( 'NONE',  ( 0.2134289022540601700, 0.4499999999999999600, -0.02699253667477763800 ) ) ;
#6160 = CARTESIAN_POINT ( 'NONE',  ( 0.2123140849812963100, 0.4499999999999999000, -0.02995951531418756400 ) ) ;
#6161 = CARTESIAN_POINT ( 'NONE',  ( 0.2115598997240365800, 0.4499999999999998400, -0.03300854712862685800 ) ) ;
#6162 = CARTESIAN_POINT ( 'NONE',  ( 0.2114851903771445300, 0.4499999999999998400, -0.03509158131656263400 ) ) ;
#6163 = CARTESIAN_POINT ( 'NONE',  ( 0.2114476696642378600, 0.4499999999999999600, -0.03613772789650020900 ) ) ;
#6164 = CARTESIAN_POINT ( 'NONE',  ( -0.9750000000000000900, 0.4249999999999998800, 0.7750000000000001300 ) ) ;
#6165 = DIRECTION ( 'NONE',  ( -0.0000000000000000000, 0.0000000000000000000, -1.000000000000000000 ) ) ;
#6166 = DIRECTION ( 'NONE',  ( 1.000000000000000000, 0.0000000000000000000, 0.0000000000000000000 ) ) ;
#6167 = CARTESIAN_POINT ( 'NONE',  ( -0.9750000000000000900, -0.4249999999999999900, 0.7750000000000001300 ) ) ;
#6168 = LINE ( 'NONE', #6169, #5943 ) ;
#6169 = CARTESIAN_POINT ( 'NONE',  ( 0.3652938235103916400, 0.4489999999999998400, 0.01288070159067929300 ) ) ;
#6170 = DIRECTION ( 'NONE',  ( -0.0000000000000000000, 1.000000000000000000, -0.0000000000000000000 ) ) ;
#6171 = DIRECTION ( 'NONE',  ( 0.0000000000000000000, -1.000000000000000000, 0.0000000000000000000 ) ) ;
#6172 = DIRECTION ( 'NONE',  ( 0.0000000000000000000, 0.0000000000000000000, -1.000000000000000000 ) ) ;
#6173 = CARTESIAN_POINT ( 'NONE',  ( 0.3169765158180839500, 0.4499999999999999000, -0.05154237533239763900 ) ) ;
#6174 = LINE ( 'NONE', #6175, #5971 ) ;
#6175 = CARTESIAN_POINT ( 'NONE',  ( -0.1609882277716596400, 0.4499999999999999000, 0.02281659902657672700 ) ) ;
#6176 = DIRECTION ( 'NONE',  ( 0.4486095002441217200, 0.0000000000000000000, -0.8937278759727254100 ) ) ;
#6177 = CARTESIAN_POINT ( 'NONE',  ( 0.3158704989013180800, 0.4499999999999999600, -0.05148433399961896400 ) ) ;
#6178 = CARTESIAN_POINT ( 'NONE',  ( 0.3136564501697436400, 0.4499999999999999600, -0.05136814559664833900 ) ) ;
#6179 = CARTESIAN_POINT ( 'NONE',  ( 0.3103865086061217700, 0.4499999999999997900, -0.05054833835117436600 ) ) ;
#6180 = CARTESIAN_POINT ( 'NONE',  ( 0.3072520985591992200, 0.4500000000000000100, -0.04911939646724256000 ) ) ;
#6181 = CARTESIAN_POINT ( 'NONE',  ( 0.3047594421398032700, 0.4499999999999998400, -0.04754932868253053400 ) ) ;
#6182 = CARTESIAN_POINT ( 'NONE',  ( 0.3028490482395862500, 0.4499999999999998400, -0.04605394835562614400 ) ) ;
#6183 = CARTESIAN_POINT ( 'NONE',  ( 0.3015038284288219500, 0.4500000000000000100, -0.04475719252538439700 ) ) ;
#6184 = CARTESIAN_POINT ( 'NONE',  ( 0.3002425092226019300, 0.4499999999999998400, -0.04333872811495198500 ) ) ;
#6185 = CARTESIAN_POINT ( 'NONE',  ( 0.2990805749329548700, 0.4499999999999998400, -0.04178438769065605900 ) ) ;
#6186 = CARTESIAN_POINT ( 'NONE',  ( 0.2979923096988902300, 0.4499999999999999600, -0.04011394862439542100 ) ) ;
#6187 = CARTESIAN_POINT ( 'NONE',  ( 0.2969928521967272700, 0.4499999999999999000, -0.03831426963224499700 ) ) ;
#6188 = CARTESIAN_POINT ( 'NONE',  ( 0.2960923570631257600, 0.4499999999999999000, -0.03637623065437654200 ) ) ;
#6189 = CARTESIAN_POINT ( 'NONE',  ( 0.2952613703151210100, 0.4499999999999999000, -0.03430147535668900300 ) ) ;
#6190 = CARTESIAN_POINT ( 'NONE',  ( 0.2945307192286577000, 0.4500000000000000700, -0.03202773408710202200 ) ) ;
#6191 = CARTESIAN_POINT ( 'NONE',  ( 0.2939280345649438200, 0.4499999999999999600, -0.02952004855586024300 ) ) ;
#6192 = CARTESIAN_POINT ( 'NONE',  ( 0.2933712616186608900, 0.4499999999999998400, -0.02676399450474064800 ) ) ;
#6193 = CARTESIAN_POINT ( 'NONE',  ( 0.2929771110786449400, 0.4499999999999998400, -0.02374343713487809700 ) ) ;
#6194 = CARTESIAN_POINT ( 'NONE',  ( 0.2926267180568817800, 0.4499999999999999600, -0.02047823275290012000 ) ) ;
#6195 = CARTESIAN_POINT ( 'NONE',  ( 0.2924015366868172900, 0.4499999999999998400, -0.01695602366063333700 ) ) ;
#6196 = CARTESIAN_POINT ( 'NONE',  ( 0.2922263579019822000, 0.4499999999999999600, -0.01318275564913738400 ) ) ;
#6197 = CARTESIAN_POINT ( 'NONE',  ( 0.2922201160630463200, 0.4499999999999999000, -0.01057706540620463600 ) ) ;
#6198 = CARTESIAN_POINT ( 'NONE',  ( 0.2922169004334686500, 0.4499999999999997900, -0.009234683024705323300 ) ) ;
#6199 = CARTESIAN_POINT ( 'NONE',  ( 0.5000000000000000000, -0.4249999999999999300, 0.7750000000000001300 ) ) ;
#6200 = DIRECTION ( 'NONE',  ( -1.000000000000000000, -0.0000000000000000000, -0.0000000000000000000 ) ) ;
#6201 = DIRECTION ( 'NONE',  ( 0.0000000000000000000, 0.0000000000000000000, -1.000000000000000000 ) ) ;
#6202 = CARTESIAN_POINT ( 'NONE',  ( 0.9750000000000002000, 0.4249999999999998800, -0.7750000000000000200 ) ) ;
#6203 = DIRECTION ( 'NONE',  ( 0.0000000000000000000, 0.0000000000000000000, -1.000000000000000000 ) ) ;
#6204 = DIRECTION ( 'NONE',  ( -1.000000000000000000, 0.0000000000000000000, 0.0000000000000000000 ) ) ;
#6205 = CARTESIAN_POINT ( 'NONE',  ( 0.4178579260744942300, 0.4499999999999999000, 0.01324127851375621300 ) ) ;
#6206 = CARTESIAN_POINT ( 'NONE',  ( 0.4178422034174944000, 0.4499999999999998400, 0.01255857705897736600 ) ) ;
#6207 = CARTESIAN_POINT ( 'NONE',  ( 0.4178113449550891500, 0.4499999999999999000, 0.01121865612979959500 ) ) ;
#6208 = CARTESIAN_POINT ( 'NONE',  ( 0.4174623178527572300, 0.4499999999999999600, 0.009256152751627208500 ) ) ;
#6209 = CARTESIAN_POINT ( 'NONE',  ( 0.4169782500281804000, 0.4499999999999997900, 0.007361146859580466500 ) ) ;
#6210 = CARTESIAN_POINT ( 'NONE',  ( 0.4162473062936166700, 0.4499999999999999600, 0.005545548315772451600 ) ) ;
#6211 = CARTESIAN_POINT ( 'NONE',  ( 0.4152976907296049800, 0.4499999999999999000, 0.003816521823183006400 ) ) ;
#6212 = CARTESIAN_POINT ( 'NONE',  ( 0.4141410219572984600, 0.4500000000000001200, 0.002165333225568894000 ) ) ;
#6213 = CARTESIAN_POINT ( 'NONE',  ( 0.4128029485198569900, 0.4499999999999997300, 0.0005793233026158234300 ) ) ;
#6214 = CARTESIAN_POINT ( 'NONE',  ( 0.4112573045314793500, 0.4499999999999999600, -0.0008938997938153210700 ) ) ;
#6215 = CARTESIAN_POINT ( 'NONE',  ( 0.4095747264185931600, 0.4499999999999999000, -0.002240959163448925700 ) ) ;
#6216 = CARTESIAN_POINT ( 'NONE',  ( 0.4077857096936528000, 0.4499999999999999000, -0.003430089346249918400 ) ) ;
#6217 = CARTESIAN_POINT ( 'NONE',  ( 0.4059140533022685400, 0.4500000000000000100, -0.004433660108259338000 ) ) ;
#6218 = CARTESIAN_POINT ( 'NONE',  ( 0.4039616549467475200, 0.4499999999999997900, -0.005271005887307301900 ) ) ;
#6219 = CARTESIAN_POINT ( 'NONE',  ( 0.4019061440138957900, 0.4499999999999998400, -0.005875276576781011400 ) ) ;
#6220 = CARTESIAN_POINT ( 'NONE',  ( 0.3997807057514430900, 0.4500000000000000100, -0.006351083521590249700 ) ) ;
#6221 = CARTESIAN_POINT ( 'NONE',  ( 0.3975581559616112000, 0.4499999999999998400, -0.006604284028042467800 ) ) ;
#6222 = CARTESIAN_POINT ( 'NONE',  ( 0.3960502528668791700, 0.4499999999999999000, -0.006648200175366429700 ) ) ;
#6223 = CARTESIAN_POINT ( 'NONE',  ( 0.3952818042796224500, 0.4499999999999998400, -0.006670580460602763100 ) ) ;
#6224 = CARTESIAN_POINT ( 'NONE',  ( 0.2407545606898789100, 0.4499999999999999600, -0.06179878558880790700 ) ) ;
#6225 = LINE ( 'NONE', #6226, #5965 ) ;
#6226 = CARTESIAN_POINT ( 'NONE',  ( 0.05760151581808394700, 0.4499999999999999000, -0.007952631742654047600 ) ) ;
#6227 = DIRECTION ( 'NONE',  ( -1.000000000000000000, 0.0000000000000000000, 0.0000000000000000000 ) ) ;
#6228 = LINE ( 'NONE', #6229, #5959 ) ;
#6229 = CARTESIAN_POINT ( 'NONE',  ( 0.2652938235103917700, 0.4489999999999999000, 0.01181900287273057600 ) ) ;
#6230 = DIRECTION ( 'NONE',  ( -0.0000000000000000000, 1.000000000000000000, -0.0000000000000000000 ) ) ;
#6231 = CARTESIAN_POINT ( 'NONE',  ( 0.2420260982610514500, 0.4499999999999998400, -0.06175746149995217000 ) ) ;
#6232 = CARTESIAN_POINT ( 'NONE',  ( 0.2445334254939784400, 0.4499999999999998400, -0.06167597510449451100 ) ) ;
#6233 = CARTESIAN_POINT ( 'NONE',  ( 0.2482189862819417200, 0.4500000000000000100, -0.06099635001700993300 ) ) ;
#6234 = CARTESIAN_POINT ( 'NONE',  ( 0.2517454113515393300, 0.4499999999999997900, -0.05986122088140585800 ) ) ;
#6235 = CARTESIAN_POINT ( 'NONE',  ( 0.2551005398924098300, 0.4499999999999997300, -0.05832130021485792300 ) ) ;
#6236 = CARTESIAN_POINT ( 'NONE',  ( 0.2582243075344068400, 0.4500000000000000700, -0.05642453047751230800 ) ) ;
#6237 = CARTESIAN_POINT ( 'NONE',  ( 0.2609843735130851200, 0.4499999999999998400, -0.05412736264690434100 ) ) ;
#6238 = CARTESIAN_POINT ( 'NONE',  ( 0.2634224472835252600, 0.4499999999999998400, -0.05155188976916692100 ) ) ;
#6239 = CARTESIAN_POINT ( 'NONE',  ( 0.2654391442623359500, 0.4499999999999998400, -0.04866847253163526100 ) ) ;
#6240 = CARTESIAN_POINT ( 'NONE',  ( 0.2671009411028657500, 0.4499999999999999000, -0.04562035271348031900 ) ) ;
#6241 = CARTESIAN_POINT ( 'NONE',  ( 0.2682581097061985100, 0.4499999999999998400, -0.04243113783082529800 ) ) ;
#6242 = CARTESIAN_POINT ( 'NONE',  ( 0.2689995946768382100, 0.4499999999999999600, -0.03916973614906871900 ) ) ;
#6243 = CARTESIAN_POINT ( 'NONE',  ( 0.2690931193674241400, 0.4499999999999999000, -0.03696293603745596400 ) ) ;
#6244 = CARTESIAN_POINT ( 'NONE',  ( 0.2691399773565456000, 0.4499999999999999000, -0.03585727917855148500 ) ) ;
#6245 = CARTESIAN_POINT ( 'NONE',  ( 0.9750000000000000900, -0.4249999999999999300, 0.7750000000000001300 ) ) ;
#6246 = LINE ( 'NONE', #6247, #5960 ) ;
#6247 = CARTESIAN_POINT ( 'NONE',  ( 0.2152938235103917000, 0.4489999999999998400, 0.01276050928298698400 ) ) ;
#6248 = DIRECTION ( 'NONE',  ( -0.0000000000000000000, 1.000000000000000000, -0.0000000000000000000 ) ) ;
#6249 = DIRECTION ( 'NONE',  ( 0.0000000000000000000, -1.000000000000000000, 2.168404344971012400E-015 ) ) ;
#6250 = DIRECTION ( 'NONE',  ( 0.0000000000000000000, -2.168404344971012800E-015, -1.000000000000000000 ) ) ;
#6251 = CARTESIAN_POINT ( 'NONE',  ( -0.9750000000000000900, -0.4249999999999999900, -0.7750000000000000200 ) ) ;
#6252 = DIRECTION ( 'NONE',  ( -0.0000000000000000000, -0.0000000000000000000, -1.000000000000000000 ) ) ;
#6253 = DIRECTION ( 'NONE',  ( -1.000000000000000000, 0.0000000000000000000, 0.0000000000000000000 ) ) ;
#6254 = CARTESIAN_POINT ( 'NONE',  ( -0.9750000000000000900, 0.4249999999999998800, 0.7750000000000001300 ) ) ;
#6255 = LINE ( 'NONE', #6256, #5990 ) ;
#6256 = CARTESIAN_POINT ( 'NONE',  ( -0.9750000000000000900, 0.4499999999999999000, 0.8000000000000000400 ) ) ;
#6257 = DIRECTION ( 'NONE',  ( -0.0000000000000000000, -0.0000000000000000000, 1.000000000000000000 ) ) ;
#6258 = LINE ( 'NONE', #6259, #5993 ) ;
#6259 = CARTESIAN_POINT ( 'NONE',  ( -1.000000000000000000, -0.4500000000000000100, 0.7750000000000001300 ) ) ;
#6260 = DIRECTION ( 'NONE',  ( -1.000000000000000000, -5.421010862427522200E-017, -0.0000000000000000000 ) ) ;
#6261 = DIRECTION ( 'NONE',  ( -1.000000000000000000, 0.0000000000000000000, 0.0000000000000000000 ) ) ;
#6262 = DIRECTION ( 'NONE',  ( 0.0000000000000000000, 0.0000000000000000000, 1.000000000000000000 ) ) ;
#6263 = CARTESIAN_POINT ( 'NONE',  ( 0.3742681824847506900, 0.4499999999999998400, 0.01324127851375621300 ) ) ;
#6264 = CARTESIAN_POINT ( 'NONE',  ( 0.3742860785270472600, 0.4499999999999999600, 0.01391699222469918600 ) ) ;
#6265 = CARTESIAN_POINT ( 'NONE',  ( 0.3743211700017828900, 0.4500000000000000100, 0.01524196621745485500 ) ) ;
#6266 = CARTESIAN_POINT ( 'NONE',  ( 0.3746398077123142500, 0.4499999999999999000, 0.01719451420515170600 ) ) ;
#6267 = CARTESIAN_POINT ( 'NONE',  ( 0.3751265243501337200, 0.4499999999999999000, 0.01907351158808177200 ) ) ;
#6268 = CARTESIAN_POINT ( 'NONE',  ( 0.3758505356604434600, 0.4499999999999999600, 0.02086927155333966100 ) ) ;
#6269 = CARTESIAN_POINT ( 'NONE',  ( 0.3767141610365825600, 0.4499999999999998400, 0.02260916635426439600 ) ) ;
#6270 = CARTESIAN_POINT ( 'NONE',  ( 0.3778543131562696100, 0.4499999999999999000, 0.02423017451060193200 ) ) ;
#6271 = CARTESIAN_POINT ( 'NONE',  ( 0.3791176498943241200, 0.4499999999999999000, 0.02583074794183814700 ) ) ;
#6272 = CARTESIAN_POINT ( 'NONE',  ( 0.3806277622785472800, 0.4499999999999998400, 0.02728793283974545100 ) ) ;
#6273 = CARTESIAN_POINT ( 'NONE',  ( 0.3822484297922230700, 0.4499999999999997900, 0.02864383638762564900 ) ) ;
#6274 = CARTESIAN_POINT ( 'NONE',  ( 0.3839798927209627200, 0.4499999999999998400, 0.02982898648813246000 ) ) ;
#6275 = CARTESIAN_POINT ( 'NONE',  ( 0.3857844630025920600, 0.4499999999999999000, 0.03084287715665232800 ) ) ;
#6276 = CARTESIAN_POINT ( 'NONE',  ( 0.3876865036333097500, 0.4499999999999998400, 0.03163747994572251700 ) ) ;
#6277 = CARTESIAN_POINT ( 'NONE',  ( 0.3896590288895295200, 0.4499999999999999600, 0.03228960242706961600 ) ) ;
#6278 = CARTESIAN_POINT ( 'NONE',  ( 0.3917184732908443600, 0.4500000000000000100, 0.03274850183444488100 ) ) ;
#6279 = CARTESIAN_POINT ( 'NONE',  ( 0.3938662691631575300, 0.4499999999999997900, 0.03300794543432641900 ) ) ;
#6280 = CARTESIAN_POINT ( 'NONE',  ( 0.3953211816780635200, 0.4499999999999999600, 0.03305103668024515100 ) ) ;
#6281 = CARTESIAN_POINT ( 'NONE',  ( 0.3960630542796224600, 0.4499999999999999000, 0.03307300928298698200 ) ) ;
#6282 = CARTESIAN_POINT ( 'NONE',  ( 0.3511912594078276400, 0.4499999999999999000, -0.009194618922141226100 ) ) ;
#6283 = CARTESIAN_POINT ( 'NONE',  ( 0.3511726427065726100, 0.4499999999999998400, -0.007665364409543936100 ) ) ;
#6284 = CARTESIAN_POINT ( 'NONE',  ( 0.3511363688233869500, 0.4499999999999998400, -0.004685674356434618700 ) ) ;
#6285 = CARTESIAN_POINT ( 'NONE',  ( 0.3509484057728808900, 0.4499999999999999000, -0.0003276464901549244200 ) ) ;
#6286 = CARTESIAN_POINT ( 'NONE',  ( 0.3505781591677743500, 0.4500000000000000100, 0.003786583318375398600 ) ) ;
#6287 = CARTESIAN_POINT ( 'NONE',  ( 0.3501150166446663800, 0.4499999999999997900, 0.007666882245767340400 ) ) ;
#6288 = CARTESIAN_POINT ( 'NONE',  ( 0.3494735605597115200, 0.4500000000000000100, 0.01129709992670901100 ) ) ;
#6289 = CARTESIAN_POINT ( 'NONE',  ( 0.3486848415239604500, 0.4499999999999999000, 0.01468979845436354900 ) ) ;
#6290 = CARTESIAN_POINT ( 'NONE',  ( 0.3478091180147672200, 0.4499999999999999000, 0.01785962907337576900 ) ) ;
#6291 = CARTESIAN_POINT ( 'NONE',  ( 0.3467281238973441400, 0.4499999999999997900, 0.02078062369080304100 ) ) ;
#6292 = CARTESIAN_POINT ( 'NONE',  ( 0.3455449607445662500, 0.4500000000000000100, 0.02349353005836853400 ) ) ;
#6293 = CARTESIAN_POINT ( 'NONE',  ( 0.3442576694252695300, 0.4499999999999997900, 0.02602687715350275900 ) ) ;
#6294 = CARTESIAN_POINT ( 'NONE',  ( 0.3428785315371074000, 0.4500000000000000100, 0.02840305694434953900 ) ) ;
#6295 = CARTESIAN_POINT ( 'NONE',  ( 0.3413759959655923200, 0.4499999999999997900, 0.03060304971381124600 ) ) ;
#6296 = CARTESIAN_POINT ( 'NONE',  ( 0.3397744698742657900, 0.4499999999999999000, 0.03264243991589319700 ) ) ;
#6297 = CARTESIAN_POINT ( 'NONE',  ( 0.3380396759087518900, 0.4499999999999999000, 0.03448522913450845200 ) ) ;
#6298 = CARTESIAN_POINT ( 'NONE',  ( 0.3362205163344094100, 0.4499999999999998400, 0.03617581976202689100 ) ) ;
#6299 = CARTESIAN_POINT ( 'NONE',  ( 0.3342944473105822800, 0.4500000000000000100, 0.03768015197523133500 ) ) ;
#6300 = CARTESIAN_POINT ( 'NONE',  ( 0.3322826887039492800, 0.4499999999999999000, 0.03899686067912733200 ) ) ;
#6301 = CARTESIAN_POINT ( 'NONE',  ( 0.3302267150775239400, 0.4499999999999998400, 0.04017439926163651800 ) ) ;
#6302 = CARTESIAN_POINT ( 'NONE',  ( 0.3280900469818873200, 0.4499999999999999000, 0.04112390483448927200 ) ) ;
#6303 = CARTESIAN_POINT ( 'NONE',  ( 0.3259211054753299300, 0.4499999999999999600, 0.04193919171956796100 ) ) ;
#6304 = CARTESIAN_POINT ( 'NONE',  ( 0.3236888664434740500, 0.4499999999999999000, 0.04256206177345778200 ) ) ;
#6305 = CARTESIAN_POINT ( 'NONE',  ( 0.3213961124237756400, 0.4499999999999997900, 0.04299274335976061700 ) ) ;
#6306 = CARTESIAN_POINT ( 'NONE',  ( 0.3190545056829560100, 0.4500000000000000100, 0.04329479617275421000 ) ) ;
#6307 = CARTESIAN_POINT ( 'NONE',  ( 0.3174716038234916500, 0.4499999999999999000, 0.04331783845490576300 ) ) ;
#6308 = VERTEX_POINT ( 'NONE', #3019 ) ;
#6309 = VERTEX_POINT ( 'NONE', #3020 ) ;
#6310 = VERTEX_POINT ( 'NONE', #3021 ) ;
#6311 = VERTEX_POINT ( 'NONE', #3022 ) ;
#6312 = VERTEX_POINT ( 'NONE', #3023 ) ;
#6313 = VERTEX_POINT ( 'NONE', #3024 ) ;
#6314 = VERTEX_POINT ( 'NONE', #3025 ) ;
#6315 = VERTEX_POINT ( 'NONE', #3026 ) ;
#6316 = VERTEX_POINT ( 'NONE', #3027 ) ;
#6317 = VERTEX_POINT ( 'NONE', #3028 ) ;
#6318 = VERTEX_POINT ( 'NONE', #3029 ) ;
#6319 = VERTEX_POINT ( 'NONE', #3030 ) ;
#6320 = VERTEX_POINT ( 'NONE', #3031 ) ;
#6321 = VERTEX_POINT ( 'NONE', #3032 ) ;
#6322 = VERTEX_POINT ( 'NONE', #3033 ) ;
#6323 = VERTEX_POINT ( 'NONE', #3034 ) ;
#6324 = VERTEX_POINT ( 'NONE', #3035 ) ;
#6325 = VERTEX_POINT ( 'NONE', #3036 ) ;
#6326 = VERTEX_POINT ( 'NONE', #3037 ) ;
#6327 = VERTEX_POINT ( 'NONE', #3038 ) ;
#6328 = VERTEX_POINT ( 'NONE', #3039 ) ;
#6329 = VERTEX_POINT ( 'NONE', #3040 ) ;
#6330 = VERTEX_POINT ( 'NONE', #3041 ) ;
#6331 = VERTEX_POINT ( 'NONE', #3042 ) ;
#6332 = VERTEX_POINT ( 'NONE', #3043 ) ;
#6333 = VERTEX_POINT ( 'NONE', #3044 ) ;
#6334 = VERTEX_POINT ( 'NONE', #3045 ) ;
#6335 = VERTEX_POINT ( 'NONE', #3046 ) ;
#6336 = VERTEX_POINT ( 'NONE', #3047 ) ;
#6337 = VERTEX_POINT ( 'NONE', #3048 ) ;
#6338 = VERTEX_POINT ( 'NONE', #3049 ) ;
#6339 = VERTEX_POINT ( 'NONE', #3050 ) ;
#6340 = VERTEX_POINT ( 'NONE', #3051 ) ;
#6341 = VERTEX_POINT ( 'NONE', #3052 ) ;
#6342 = VERTEX_POINT ( 'NONE', #3053 ) ;
#6343 = VERTEX_POINT ( 'NONE', #3054 ) ;
#6344 = VERTEX_POINT ( 'NONE', #3055 ) ;
#6345 = VERTEX_POINT ( 'NONE', #3056 ) ;
#6346 = VERTEX_POINT ( 'NONE', #3057 ) ;
#6347 = CARTESIAN_POINT ( 'NONE',  ( 0.2111237042787608200, 0.4489999999999997900, 0.02879983010850329900 ) ) ;
#6348 = CARTESIAN_POINT ( 'NONE',  ( 0.2111237042787608200, 0.4499999999999996800, 0.02879983010850329900 ) ) ;
#6349 = CARTESIAN_POINT ( 'NONE',  ( 0.2096615877493962800, 0.4489999999999999500, 0.02621544846453038900 ) ) ;
#6350 = CARTESIAN_POINT ( 'NONE',  ( 0.2096615877493962800, 0.4499999999999998400, 0.02621544846453038900 ) ) ;
#6351 = CARTESIAN_POINT ( 'NONE',  ( 0.2084236707395255600, 0.4489999999999997300, 0.02359240940207594700 ) ) ;
#6352 = CARTESIAN_POINT ( 'NONE',  ( 0.2084236707395255600, 0.4499999999999996200, 0.02359240940207594700 ) ) ;
#6353 = CARTESIAN_POINT ( 'NONE',  ( 0.2074760129485593300, 0.4490000000000000100, 0.02089394785547199800 ) ) ;
#6354 = CARTESIAN_POINT ( 'NONE',  ( 0.2074760129485593300, 0.4499999999999999000, 0.02089394785547199800 ) ) ;
#6355 = CARTESIAN_POINT ( 'NONE',  ( 0.2068196640820314500, 0.4489999999999997300, 0.01813394748023048800 ) ) ;
#6356 = CARTESIAN_POINT ( 'NONE',  ( 0.2068196640820314500, 0.4499999999999996200, 0.01813394748023048800 ) ) ;
#6357 = CARTESIAN_POINT ( 'NONE',  ( 0.2064028265379360400, 0.4489999999999998400, 0.01531722911302632400 ) ) ;
#6358 = CARTESIAN_POINT ( 'NONE',  ( 0.2064028265379360400, 0.4499999999999997300, 0.01531722911302632400 ) ) ;
#6359 = CARTESIAN_POINT ( 'NONE',  ( 0.2063473655407200600, 0.4489999999999998400, 0.01341632473377002800 ) ) ;
#6360 = CARTESIAN_POINT ( 'NONE',  ( 0.2063473655407200600, 0.4499999999999997300, 0.01341632473377002800 ) ) ;
#6361 = CARTESIAN_POINT ( 'NONE',  ( 0.2063194645360327500, 0.4489999999999998400, 0.01246002851375621600 ) ) ;
#6362 = CARTESIAN_POINT ( 'NONE',  ( 0.2063194645360327500, 0.4499999999999997300, 0.01246002851375621600 ) ) ;
#6363 = PLANE ( 'NONE',  #2224 ) ;
#6364 = CARTESIAN_POINT ( 'NONE',  ( 0.2891144736413998600, 0.4489999999999998400, 0.02501060589406068100 ) ) ;
#6365 = DIRECTION ( 'NONE',  ( 0.0000000000000000000, 1.000000000000000000, 0.0000000000000000000 ) ) ;
#6366 = DIRECTION ( 'NONE',  ( 0.0000000000000000000, -0.0000000000000000000, 1.000000000000000000 ) ) ;
#6367 = CARTESIAN_POINT ( 'NONE',  ( 0.3166760350488532800, 0.4489999999999998400, -0.06179878558880789300 ) ) ;
#6368 = CARTESIAN_POINT ( 'NONE',  ( 0.3166760350488532800, 0.4500000000000000100, -0.06179878558880789300 ) ) ;
#6369 = CARTESIAN_POINT ( 'NONE',  ( 0.3174713344341201200, 0.4489999999999997300, -0.06178484801236031700 ) ) ;
#6370 = CARTESIAN_POINT ( 'NONE',  ( 0.3174713344341201200, 0.4499999999999999000, -0.06178484801236031700 ) ) ;
#6371 = CARTESIAN_POINT ( 'NONE',  ( 0.3190529346882825000, 0.4489999999999997900, -0.06175713055795228200 ) ) ;
#6372 = CARTESIAN_POINT ( 'NONE',  ( 0.3190529346882825000, 0.4499999999999999600, -0.06175713055795228200 ) ) ;
#6373 = CARTESIAN_POINT ( 'NONE',  ( 0.3213912311238800200, 0.4489999999999997900, -0.06149073219982076300 ) ) ;
#6374 = CARTESIAN_POINT ( 'NONE',  ( 0.3213912311238800200, 0.4499999999999999600, -0.06149073219982076300 ) ) ;
#6375 = CARTESIAN_POINT ( 'NONE',  ( 0.3236755077442972100, 0.4489999999999998400, -0.06104870011133692300 ) ) ;
#6376 = CARTESIAN_POINT ( 'NONE',  ( 0.3236755077442972100, 0.4500000000000000100, -0.06104870011133692300 ) ) ;
#6377 = CARTESIAN_POINT ( 'NONE',  ( 0.3258960259929681900, 0.4489999999999999000, -0.06042238655183240800 ) ) ;
#6378 = CARTESIAN_POINT ( 'NONE',  ( 0.3258960259929681900, 0.4500000000000000700, -0.06042238655183240800 ) ) ;
#6379 = CARTESIAN_POINT ( 'NONE',  ( 0.3280710256063331100, 0.4489999999999998400, -0.05964536721870596100 ) ) ;
#6380 = CARTESIAN_POINT ( 'NONE',  ( 0.3280710256063331100, 0.4500000000000000100, -0.05964536721870596100 ) ) ;
#6381 = CARTESIAN_POINT ( 'NONE',  ( 0.3301834943962088100, 0.4489999999999997900, -0.05867144958701537400 ) ) ;
#6382 = CARTESIAN_POINT ( 'NONE',  ( 0.3301834943962088100, 0.4499999999999999600, -0.05867144958701537400 ) ) ;
#6383 = CARTESIAN_POINT ( 'NONE',  ( 0.3322465538716959900, 0.4489999999999998400, -0.05753776766288778300 ) ) ;
#6384 = CARTESIAN_POINT ( 'NONE',  ( 0.3322465538716959900, 0.4500000000000000100, -0.05753776766288778300 ) ) ;
#6385 = CARTESIAN_POINT ( 'NONE',  ( 0.3342274192294074100, 0.4489999999999999000, -0.05620565688269844200 ) ) ;
#6386 = CARTESIAN_POINT ( 'NONE',  ( 0.3342274192294074100, 0.4500000000000000700, -0.05620565688269844200 ) ) ;
#6387 = CARTESIAN_POINT ( 'NONE',  ( 0.3361478368107238000, 0.4489999999999997300, -0.05472044899136235100 ) ) ;
#6388 = CARTESIAN_POINT ( 'NONE',  ( 0.3361478368107238000, 0.4499999999999999000, -0.05472044899136235100 ) ) ;
#6389 = CARTESIAN_POINT ( 'NONE',  ( 0.3379606357527839000, 0.4489999999999998400, -0.05304151559698126700 ) ) ;
#6390 = CARTESIAN_POINT ( 'NONE',  ( 0.3379606357527839000, 0.4500000000000000100, -0.05304151559698126700 ) ) ;
#6391 = CARTESIAN_POINT ( 'NONE',  ( 0.3396659810641398100, 0.4489999999999998400, -0.05118580933216242100 ) ) ;
#6392 = CARTESIAN_POINT ( 'NONE',  ( 0.3396659810641398100, 0.4500000000000000100, -0.05118580933216242100 ) ) ;
#6393 = CARTESIAN_POINT ( 'NONE',  ( 0.3412852755037464300, 0.4489999999999999000, -0.04917318464968790200 ) ) ;
#6394 = CARTESIAN_POINT ( 'NONE',  ( 0.3412852755037464300, 0.4500000000000000700, -0.04917318464968790200 ) ) ;
#6395 = CARTESIAN_POINT ( 'NONE',  ( 0.3427725782808677700, 0.4489999999999997300, -0.04696503936872846500 ) ) ;
#6396 = CARTESIAN_POINT ( 'NONE',  ( 0.3427725782808677700, 0.4499999999999999000, -0.04696503936872846500 ) ) ;
#6397 = CARTESIAN_POINT ( 'NONE',  ( 0.3441889620590230500, 0.4489999999999997300, -0.04459977908832429100 ) ) ;
#6398 = CARTESIAN_POINT ( 'NONE',  ( 0.3441889620590230500, 0.4499999999999999000, -0.04459977908832429100 ) ) ;
#6399 = CARTESIAN_POINT ( 'NONE',  ( 0.3454567345133562300, 0.4489999999999999000, -0.04203604009421548600 ) ) ;
#6400 = CARTESIAN_POINT ( 'NONE',  ( 0.3454567345133562300, 0.4500000000000000700, -0.04203604009421548600 ) ) ;
#6401 = CARTESIAN_POINT ( 'NONE',  ( 0.3466777252327447000, 0.4489999999999998400, -0.03931659815589989100 ) ) ;
#6402 = CARTESIAN_POINT ( 'NONE',  ( 0.3466777252327447000, 0.4500000000000000100, -0.03931659815589989100 ) ) ;
#6403 = CARTESIAN_POINT ( 'NONE',  ( 0.3477316391395802200, 0.4489999999999999500, -0.03636620790428089100 ) ) ;
#6404 = CARTESIAN_POINT ( 'NONE',  ( 0.3477316391395802200, 0.4500000000000001200, -0.03636620790428089100 ) ) ;
#6405 = CARTESIAN_POINT ( 'NONE',  ( 0.3486821032902175400, 0.4489999999999996800, -0.03320150046090684900 ) ) ;
#6406 = CARTESIAN_POINT ( 'NONE',  ( 0.3486821032902175400, 0.4499999999999998400, -0.03320150046090684900 ) ) ;
#6407 = CARTESIAN_POINT ( 'NONE',  ( 0.3494500738209301300, 0.4489999999999999000, -0.02978509512223993400 ) ) ;
#6408 = CARTESIAN_POINT ( 'NONE',  ( 0.3494500738209301300, 0.4500000000000000700, -0.02978509512223993400 ) ) ;
#6409 = CARTESIAN_POINT ( 'NONE',  ( 0.3500897673163055300, 0.4489999999999998400, -0.02613491668523684400 ) ) ;
#6410 = CARTESIAN_POINT ( 'NONE',  ( 0.3500897673163055300, 0.4500000000000000100, -0.02613491668523684400 ) ) ;
#6411 = CARTESIAN_POINT ( 'NONE',  ( 0.3505853357718943200, 0.4489999999999998400, -0.02223756002123225200 ) ) ;
#6412 = CARTESIAN_POINT ( 'NONE',  ( 0.3505853357718943200, 0.4500000000000000100, -0.02223756002123225200 ) ) ;
#6413 = CARTESIAN_POINT ( 'NONE',  ( 0.3509462684027101500, 0.4489999999999999000, -0.01810137957803912400 ) ) ;
#6414 = CARTESIAN_POINT ( 'NONE',  ( 0.3509462684027101500, 0.4500000000000000700, -0.01810137957803912400 ) ) ;
#6415 = CARTESIAN_POINT ( 'NONE',  ( 0.3511369279753197000, 0.4489999999999998400, -0.01372365413116011400 ) ) ;
#6416 = CARTESIAN_POINT ( 'NONE',  ( 0.3511369279753197000, 0.4500000000000000100, -0.01372365413116011400 ) ) ;
#6417 = CARTESIAN_POINT ( 'NONE',  ( 0.3511728337240818700, 0.4489999999999999000, -0.01073057272609836100 ) ) ;
#6418 = CARTESIAN_POINT ( 'NONE',  ( 0.3511728337240818700, 0.4500000000000000700, -0.01073057272609836100 ) ) ;
#6419 = CARTESIAN_POINT ( 'NONE',  ( 0.3511912594078276400, 0.4489999999999998400, -0.009194618922141226100 ) ) ;
#6420 = CARTESIAN_POINT ( 'NONE',  ( 0.3511912594078276400, 0.4500000000000000100, -0.009194618922141226100 ) ) ;
#6421 = LINE ( 'NONE', #6422, #9017 ) ;
#6422 = CARTESIAN_POINT ( 'NONE',  ( -0.3457037726434545300, 0.4499999999999999000, -0.03974349712726943400 ) ) ;
#6423 = DIRECTION ( 'NONE',  ( -0.4283511191562794900, 0.0000000000000000000, 0.9036123719369733000 ) ) ;
#6424 = CARTESIAN_POINT ( 'NONE',  ( 0.2406143363309045400, 0.4499999999999999000, -0.01949109328111558700 ) ) ;
#6425 = LINE ( 'NONE', #6426, #9021 ) ;
#6426 = CARTESIAN_POINT ( 'NONE',  ( -0.3280755675152494100, 0.4489999999999998400, -0.001542375332397635200 ) ) ;
#6427 = DIRECTION ( 'NONE',  ( -0.0000000000000000000, 1.000000000000000000, -0.0000000000000000000 ) ) ;
#6428 = CARTESIAN_POINT ( 'NONE',  ( 0.2414643392964804200, 0.4499999999999999000, -0.01951603234252850800 ) ) ;
#6429 = CARTESIAN_POINT ( 'NONE',  ( 0.2431559498004806600, 0.4499999999999996800, -0.01956566414377454100 ) ) ;
#6430 = CARTESIAN_POINT ( 'NONE',  ( 0.2456496449885808600, 0.4500000000000001200, -0.02002712625120254100 ) ) ;
#6431 = CARTESIAN_POINT ( 'NONE',  ( 0.2480742919718438900, 0.4499999999999997900, -0.02075300961279997300 ) ) ;
#6432 = CARTESIAN_POINT ( 'NONE',  ( 0.2504039749558649700, 0.4499999999999999600, -0.02174615150765075700 ) ) ;
#6433 = CARTESIAN_POINT ( 'NONE',  ( 0.2525783916764365300, 0.4499999999999997300, -0.02299266178904521900 ) ) ;
#6434 = CARTESIAN_POINT ( 'NONE',  ( 0.2545166793400278100, 0.4500000000000001200, -0.02448503373445678300 ) ) ;
#6435 = CARTESIAN_POINT ( 'NONE',  ( 0.2562023048498296400, 0.4499999999999997300, -0.02618880794026940500 ) ) ;
#6436 = CARTESIAN_POINT ( 'NONE',  ( 0.2576177508562201300, 0.4499999999999999000, -0.02807746039082407300 ) ) ;
#6437 = CARTESIAN_POINT ( 'NONE',  ( 0.2587151750399272500, 0.4499999999999999000, -0.03008750576962274100 ) ) ;
#6438 = CARTESIAN_POINT ( 'NONE',  ( 0.2595695124053902800, 0.4499999999999999000, -0.03210465699305574400 ) ) ;
#6439 = CARTESIAN_POINT ( 'NONE',  ( 0.2600684042728758600, 0.4499999999999998400, -0.03415043502128569500 ) ) ;
#6440 = CARTESIAN_POINT ( 'NONE',  ( 0.2601334776153716400, 0.4499999999999999000, -0.03552091970149206400 ) ) ;
#6441 = CARTESIAN_POINT ( 'NONE',  ( 0.2601656183821865500, 0.4499999999999999000, -0.03619782405034635600 ) ) ;
#6442 = CARTESIAN_POINT ( 'NONE',  ( -0.2447021700793519900, 0.4489999999999998400, 0.006310188770166469200 ) ) ;
#6443 = LINE ( 'NONE', #6444, #9022 ) ;
#6444 = CARTESIAN_POINT ( 'NONE',  ( -0.2791172341819160900, 0.4489999999999998400, -0.02323708687085917400 ) ) ;
#6445 = DIRECTION ( 'NONE',  ( -0.0000000000000000000, 1.000000000000000000, -0.0000000000000000000 ) ) ;
#6446 = LINE ( 'NONE', #6447, #9024 ) ;
#6447 = CARTESIAN_POINT ( 'NONE',  ( -0.2627310162331981700, 0.4489999999999998400, -0.009635324050346356200 ) ) ;
#6448 = DIRECTION ( 'NONE',  ( -0.0000000000000000000, 1.000000000000000000, -0.0000000000000000000 ) ) ;
#6449 = CARTESIAN_POINT ( 'NONE',  ( -0.2451499019130832800, 0.4489999999999998400, 0.005737422381499593900 ) ) ;
#6450 = CARTESIAN_POINT ( 'NONE',  ( -0.2460898588927953300, 0.4489999999999998400, 0.004534970993834875700 ) ) ;
#6451 = CARTESIAN_POINT ( 'NONE',  ( -0.2477057878240244700, 0.4489999999999999000, 0.002745107123107952800 ) ) ;
#6452 = CARTESIAN_POINT ( 'NONE',  ( -0.2496019625184640900, 0.4489999999999998400, 0.0008988665816207077700 ) ) ;
#6453 = CARTESIAN_POINT ( 'NONE',  ( -0.2517134926587975000, 0.4489999999999997900, -0.001074249331217480300 ) ) ;
#6454 = CARTESIAN_POINT ( 'NONE',  ( -0.2541172951971006300, 0.4489999999999998400, -0.003082472093732871900 ) ) ;
#6455 = CARTESIAN_POINT ( 'NONE',  ( -0.2567380813229049900, 0.4489999999999997900, -0.005221565749131458300 ) ) ;
#6456 = CARTESIAN_POINT ( 'NONE',  ( -0.2596427630076514300, 0.4489999999999997300, -0.007410182236179343000 ) ) ;
#6457 = CARTESIAN_POINT ( 'NONE',  ( -0.2616798914824513000, 0.4489999999999999000, -0.008877969823223735200 ) ) ;
#6458 = CARTESIAN_POINT ( 'NONE',  ( -0.2627310162331981700, 0.4489999999999998400, -0.009635324050346356200 ) ) ;
#6459 = CARTESIAN_POINT ( 'NONE',  ( -0.2607077790537109500, 0.4489999999999998400, 0.03307300928298698200 ) ) ;
#6460 = LINE ( 'NONE', #6461, #9004 ) ;
#6461 = CARTESIAN_POINT ( 'NONE',  ( -0.2607077790537109500, 0.4489999999999998400, 0.03307300928298698200 ) ) ;
#6462 = DIRECTION ( 'NONE',  ( -0.0000000000000000000, 1.000000000000000000, -0.0000000000000000000 ) ) ;
#6463 = LINE ( 'NONE', #6464, #9018 ) ;
#6464 = CARTESIAN_POINT ( 'NONE',  ( -0.1052189970024288900, 0.4489999999999998400, 0.04076531697529468100 ) ) ;
#6465 = DIRECTION ( 'NONE',  ( -0.0000000000000000000, 1.000000000000000000, -0.0000000000000000000 ) ) ;
#6466 = CARTESIAN_POINT ( 'NONE',  ( -0.2598310116105254600, 0.4489999999999998400, 0.03304859006835225000 ) ) ;
#6467 = CARTESIAN_POINT ( 'NONE',  ( -0.2580928180948900400, 0.4489999999999997900, 0.03300017891797833000 ) ) ;
#6468 = CARTESIAN_POINT ( 'NONE',  ( -0.2555338968674297800, 0.4489999999999997900, 0.03253501314513839600 ) ) ;
#6469 = CARTESIAN_POINT ( 'NONE',  ( -0.2530487025169709200, 0.4489999999999997300, 0.03182038089046800700 ) ) ;
#6470 = CARTESIAN_POINT ( 'NONE',  ( -0.2506884557246699100, 0.4489999999999999000, 0.03079692570451127200 ) ) ;
#6471 = CARTESIAN_POINT ( 'NONE',  ( -0.2484857238809118600, 0.4489999999999997900, 0.02955868325522605400 ) ) ;
#6472 = CARTESIAN_POINT ( 'NONE',  ( -0.2465541040141509300, 0.4489999999999999000, 0.02806307818358862900 ) ) ;
#6473 = CARTESIAN_POINT ( 'NONE',  ( -0.2448842150661658400, 0.4489999999999999000, 0.02638861516319746700 ) ) ;
#6474 = CARTESIAN_POINT ( 'NONE',  ( -0.2435182403642474300, 0.4489999999999999000, 0.02452053931628553300 ) ) ;
#6475 = CARTESIAN_POINT ( 'NONE',  ( -0.2424702393560084500, 0.4489999999999997300, 0.02251147792750548400 ) ) ;
#6476 = CARTESIAN_POINT ( 'NONE',  ( -0.2416647516870595000, 0.4489999999999998400, 0.02044930788926863800 ) ) ;
#6477 = CARTESIAN_POINT ( 'NONE',  ( -0.2412177495825914300, 0.4489999999999997300, 0.01830163450986893600 ) ) ;
#6478 = CARTESIAN_POINT ( 'NONE',  ( -0.2411504137695432700, 0.4489999999999999000, 0.01685562128564633100 ) ) ;
#6479 = CARTESIAN_POINT ( 'NONE',  ( -0.2411164328998647900, 0.4489999999999998400, 0.01612589389837159800 ) ) ;
#6480 = CARTESIAN_POINT ( 'NONE',  ( 0.9750000000000000900, -0.4249999999999998800, -0.7750000000000001300 ) ) ;
#6481 = DIRECTION ( 'NONE',  ( -2.168404344971012400E-015, -1.000000000000000000, -0.0000000000000000000 ) ) ;
#6482 = DIRECTION ( 'NONE',  ( 1.000000000000000000, -2.168404344971012800E-015, 0.0000000000000000000 ) ) ;
#6483 = LINE ( 'NONE', #6484, #8999 ) ;
#6484 = CARTESIAN_POINT ( 'NONE',  ( -0.2911164328998647700, 0.4489999999999998400, 0.02147445159067929200 ) ) ;
#6485 = DIRECTION ( 'NONE',  ( 0.8576722029112561200, 0.0000000000000000000, -0.5141968420297358100 ) ) ;
#6486 = LINE ( 'NONE', #6487, #9003 ) ;
#6487 = CARTESIAN_POINT ( 'NONE',  ( -0.3085643495665315000, 0.4489999999999998400, 0.04076531697529468100 ) ) ;
#6488 = DIRECTION ( 'NONE',  ( -0.4188422247446084200, 0.0000000000000000000, -0.9080590238365492400 ) ) ;
#6489 = LINE ( 'NONE', #6490, #9013 ) ;
#6490 = CARTESIAN_POINT ( 'NONE',  ( -0.3686805354639673400, 0.4489999999999998400, 0.008714034924012620600 ) ) ;
#6491 = DIRECTION ( 'NONE',  ( -0.0000000000000000000, 1.000000000000000000, -0.0000000000000000000 ) ) ;
#6492 = LINE ( 'NONE', #6493, #9016 ) ;
#6493 = CARTESIAN_POINT ( 'NONE',  ( -0.3233480034126853300, 0.4489999999999998400, 0.008714034924012620600 ) ) ;
#6494 = DIRECTION ( 'NONE',  ( -1.000000000000000000, 0.0000000000000000000, 0.0000000000000000000 ) ) ;
#6495 = LINE ( 'NONE', #6496, #9023 ) ;
#6496 = CARTESIAN_POINT ( 'NONE',  ( -0.3462446380280699300, 0.4489999999999998400, -0.05923468302470532400 ) ) ;
#6497 = DIRECTION ( 'NONE',  ( 1.000000000000000000, 0.0000000000000000000, 0.0000000000000000000 ) ) ;
#6498 = LINE ( 'NONE', #6499, #9015 ) ;
#6499 = CARTESIAN_POINT ( 'NONE',  ( -0.3936805354639673600, 0.4489999999999998400, 0.04076531697529468100 ) ) ;
#6500 = DIRECTION ( 'NONE',  ( 0.4285842068721729100, 0.0000000000000000000, -0.9035018415143106800 ) ) ;
#6501 = LINE ( 'NONE', #6502, #8994 ) ;
#6502 = CARTESIAN_POINT ( 'NONE',  ( -0.3085643495665315000, 0.4489999999999998400, 0.04076531697529468100 ) ) ;
#6503 = DIRECTION ( 'NONE',  ( -0.0000000000000000000, 1.000000000000000000, -0.0000000000000000000 ) ) ;
#6504 = LINE ( 'NONE', #6505, #9006 ) ;
#6505 = CARTESIAN_POINT ( 'NONE',  ( -0.3462446380280699300, 0.4489999999999998400, -0.05923468302470532400 ) ) ;
#6506 = DIRECTION ( 'NONE',  ( -0.0000000000000000000, 1.000000000000000000, -0.0000000000000000000 ) ) ;
#6507 = LINE ( 'NONE', #6508, #8995 ) ;
#6508 = CARTESIAN_POINT ( 'NONE',  ( -0.3233480034126853300, 0.4489999999999998400, 0.008714034924012620600 ) ) ;
#6509 = DIRECTION ( 'NONE',  ( -0.0000000000000000000, 1.000000000000000000, -0.0000000000000000000 ) ) ;
#6510 = LINE ( 'NONE', #6511, #9001 ) ;
#6511 = CARTESIAN_POINT ( 'NONE',  ( -0.3449625867460186500, 0.4489999999999998400, -0.05923468302470532400 ) ) ;
#6512 = DIRECTION ( 'NONE',  ( 0.4190581774617470100, 0.0000000000000000000, 0.9079593845004517700 ) ) ;
#6513 = LINE ( 'NONE', #6514, #9012 ) ;
#6514 = CARTESIAN_POINT ( 'NONE',  ( -0.2988087405921724900, 0.4489999999999998400, 0.04076531697529468100 ) ) ;
#6515 = DIRECTION ( 'NONE',  ( -1.000000000000000000, 0.0000000000000000000, 0.0000000000000000000 ) ) ;
#6516 = LINE ( 'NONE', #6517, #9027 ) ;
#6517 = CARTESIAN_POINT ( 'NONE',  ( -0.3686805354639673400, 0.4489999999999998400, 0.008714034924012620600 ) ) ;
#6518 = DIRECTION ( 'NONE',  ( -0.4285960263555439500, 0.0000000000000000000, 0.9034962347415942400 ) ) ;
#6519 = LINE ( 'NONE', #6520, #9008 ) ;
#6520 = CARTESIAN_POINT ( 'NONE',  ( -0.3449625867460186500, 0.4489999999999998400, -0.05923468302470532400 ) ) ;
#6521 = DIRECTION ( 'NONE',  ( -0.0000000000000000000, 1.000000000000000000, -0.0000000000000000000 ) ) ;
#6522 = LINE ( 'NONE', #6523, #9010 ) ;
#6523 = CARTESIAN_POINT ( 'NONE',  ( -0.1599064970024288700, 0.4489999999999998400, 0.04076531697529468100 ) ) ;
#6524 = DIRECTION ( 'NONE',  ( -0.0000000000000000000, 1.000000000000000000, -0.0000000000000000000 ) ) ;
#6525 = LINE ( 'NONE', #6526, #8997 ) ;
#6526 = CARTESIAN_POINT ( 'NONE',  ( -0.2988087405921724900, 0.4489999999999998400, 0.04076531697529468100 ) ) ;
#6527 = DIRECTION ( 'NONE',  ( -0.0000000000000000000, 1.000000000000000000, -0.0000000000000000000 ) ) ;
#6528 = LINE ( 'NONE', #6529, #9020 ) ;
#6529 = CARTESIAN_POINT ( 'NONE',  ( -0.2035563367460186400, 0.4489999999999998400, -0.05923468302470532400 ) ) ;
#6530 = DIRECTION ( 'NONE',  ( 1.000000000000000000, 0.0000000000000000000, 0.0000000000000000000 ) ) ;
#6531 = LINE ( 'NONE', #6532, #9028 ) ;
#6532 = CARTESIAN_POINT ( 'NONE',  ( -0.1599064970024288700, 0.4489999999999998400, 0.04076531697529468100 ) ) ;
#6533 = DIRECTION ( 'NONE',  ( -1.000000000000000000, 0.0000000000000000000, 0.0000000000000000000 ) ) ;
#6534 = LINE ( 'NONE', #6535, #8998 ) ;
#6535 = CARTESIAN_POINT ( 'NONE',  ( -0.2167574585408904300, 0.4489999999999998400, 0.04076531697529468100 ) ) ;
#6536 = DIRECTION ( 'NONE',  ( -0.0000000000000000000, 1.000000000000000000, -0.0000000000000000000 ) ) ;
#6537 = LINE ( 'NONE', #6538, #9005 ) ;
#6538 = CARTESIAN_POINT ( 'NONE',  ( -0.2077230034126852900, 0.4489999999999998400, 0.04076531697529468100 ) ) ;
#6539 = DIRECTION ( 'NONE',  ( -0.0000000000000000000, 1.000000000000000000, -0.0000000000000000000 ) ) ;
#6540 = LINE ( 'NONE', #6541, #9009 ) ;
#6541 = CARTESIAN_POINT ( 'NONE',  ( -0.2035563367460186400, 0.4489999999999998400, -0.05923468302470532400 ) ) ;
#6542 = DIRECTION ( 'NONE',  ( -0.0000000000000000000, 1.000000000000000000, -0.0000000000000000000 ) ) ;
#6543 = LINE ( 'NONE', #6544, #9019 ) ;
#6544 = CARTESIAN_POINT ( 'NONE',  ( -0.2167574585408904300, 0.4489999999999998400, 0.04076531697529468100 ) ) ;
#6545 = DIRECTION ( 'NONE',  ( 0.1308757600508720900, 0.0000000000000000000, -0.9913987771987146100 ) ) ;
#6546 = CARTESIAN_POINT ( 'NONE',  ( 0.2063194645360327500, 0.4489999999999998400, 0.01246002851375621600 ) ) ;
#6547 = CARTESIAN_POINT ( 'NONE',  ( 0.2063194645360327500, 0.4499999999999994000, 0.01246002851375621600 ) ) ;
#6548 = CARTESIAN_POINT ( 'NONE',  ( 0.2063359754225688500, 0.4489999999999998400, 0.01175833731270436500 ) ) ;
#6549 = CARTESIAN_POINT ( 'NONE',  ( 0.2063359754225688500, 0.4499999999999994000, 0.01175833731270436500 ) ) ;
#6550 = CARTESIAN_POINT ( 'NONE',  ( 0.2063686067620492700, 0.4489999999999997900, 0.01037154783039253100 ) ) ;
#6551 = CARTESIAN_POINT ( 'NONE',  ( 0.2063686067620492700, 0.4499999999999993400, 0.01037154783039253100 ) ) ;
#6552 = CARTESIAN_POINT ( 'NONE',  ( 0.2065944595686478000, 0.4489999999999998400, 0.008322709879384817800 ) ) ;
#6553 = CARTESIAN_POINT ( 'NONE',  ( 0.2065944595686478000, 0.4499999999999994000, 0.008322709879384817800 ) ) ;
#6554 = CARTESIAN_POINT ( 'NONE',  ( 0.2069575584630289100, 0.4489999999999999500, 0.006328534600118401400 ) ) ;
#6555 = CARTESIAN_POINT ( 'NONE',  ( 0.2069575584630289100, 0.4499999999999995100, 0.006328534600118401400 ) ) ;
#6556 = CARTESIAN_POINT ( 'NONE',  ( 0.2074506857999864100, 0.4489999999999997900, 0.004381656209334846600 ) ) ;
#6557 = CARTESIAN_POINT ( 'NONE',  ( 0.2074506857999864100, 0.4499999999999993400, 0.004381656209334846600 ) ) ;
#6558 = CARTESIAN_POINT ( 'NONE',  ( 0.2081190008419375500, 0.4489999999999999000, 0.002496248423030903200 ) ) ;
#6559 = CARTESIAN_POINT ( 'NONE',  ( 0.2081190008419375500, 0.4499999999999994600, 0.002496248423030903200 ) ) ;
#6560 = CARTESIAN_POINT ( 'NONE',  ( 0.2089259189317802500, 0.4489999999999998400, 0.0006633777464763318500 ) ) ;
#6561 = CARTESIAN_POINT ( 'NONE',  ( 0.2089259189317802500, 0.4499999999999994000, 0.0006633777464763318500 ) ) ;
#6562 = CARTESIAN_POINT ( 'NONE',  ( 0.2098668318596962100, 0.4489999999999997300, -0.001119025080498578100 ) ) ;
#6563 = CARTESIAN_POINT ( 'NONE',  ( 0.2098668318596962100, 0.4499999999999992900, -0.001119025080498578100 ) ) ;
#6564 = CARTESIAN_POINT ( 'NONE',  ( 0.2109548651468963800, 0.4489999999999998400, -0.002860707396753169000 ) ) ;
#6565 = CARTESIAN_POINT ( 'NONE',  ( 0.2109548651468963800, 0.4499999999999994000, -0.002860707396753169000 ) ) ;
#6566 = CARTESIAN_POINT ( 'NONE',  ( 0.2122206372612179300, 0.4489999999999997900, -0.004537264889020634100 ) ) ;
#6567 = CARTESIAN_POINT ( 'NONE',  ( 0.2122206372612179300, 0.4499999999999993400, -0.004537264889020634100 ) ) ;
#6568 = CARTESIAN_POINT ( 'NONE',  ( 0.2136538843979863300, 0.4489999999999999000, -0.006177150449299617700 ) ) ;
#6569 = CARTESIAN_POINT ( 'NONE',  ( 0.2136538843979863300, 0.4499999999999994600, -0.006177150449299617700 ) ) ;
#6570 = CARTESIAN_POINT ( 'NONE',  ( 0.2152832520741321500, 0.4489999999999998400, -0.007754918081792647700 ) ) ;
#6571 = CARTESIAN_POINT ( 'NONE',  ( 0.2152832520741321500, 0.4499999999999994000, -0.007754918081792647700 ) ) ;
#6572 = CARTESIAN_POINT ( 'NONE',  ( 0.2170906137570052500, 0.4489999999999998400, -0.009289844507983390000 ) ) ;
#6573 = CARTESIAN_POINT ( 'NONE',  ( 0.2170906137570052500, 0.4499999999999994000, -0.009289844507983390000 ) ) ;
#6574 = CARTESIAN_POINT ( 'NONE',  ( 0.2190553148845909300, 0.4489999999999999000, -0.01080915804568844700 ) ) ;
#6575 = CARTESIAN_POINT ( 'NONE',  ( 0.2190553148845909300, 0.4499999999999994600, -0.01080915804568844700 ) ) ;
#6576 = CARTESIAN_POINT ( 'NONE',  ( 0.2212283871841686500, 0.4489999999999997900, -0.01223075029172347400 ) ) ;
#6577 = CARTESIAN_POINT ( 'NONE',  ( 0.2212283871841686500, 0.4499999999999993400, -0.01223075029172347400 ) ) ;
#6578 = CARTESIAN_POINT ( 'NONE',  ( 0.2235522234067620100, 0.4489999999999999500, -0.01365526357066634800 ) ) ;
#6579 = CARTESIAN_POINT ( 'NONE',  ( 0.2235522234067620100, 0.4499999999999995100, -0.01365526357066634800 ) ) ;
#6580 = CARTESIAN_POINT ( 'NONE',  ( 0.2252038064241149400, 0.4489999999999999000, -0.01450693001168708300 ) ) ;
#6581 = CARTESIAN_POINT ( 'NONE',  ( 0.2252038064241149400, 0.4499999999999994600, -0.01450693001168708300 ) ) ;
#6582 = CARTESIAN_POINT ( 'NONE',  ( 0.2260510350488532700, 0.4489999999999998400, -0.01494381764008994100 ) ) ;
#6583 = CARTESIAN_POINT ( 'NONE',  ( 0.2260510350488532700, 0.4499999999999994000, -0.01494381764008994100 ) ) ;
#6584 = LINE ( 'NONE', #6585, #9014 ) ;
#6585 = CARTESIAN_POINT ( 'NONE',  ( -0.2022742854639673600, 0.4489999999999998400, -0.05923468302470532400 ) ) ;
#6586 = DIRECTION ( 'NONE',  ( 0.4494802773921304200, 0.0000000000000000000, 0.8932902553120645200 ) ) ;
#6587 = PLANE ( 'NONE',  #9025 ) ;
#6588 = LINE ( 'NONE', #6589, #9026 ) ;
#6589 = CARTESIAN_POINT ( 'NONE',  ( -0.2022742854639673600, 0.4489999999999998400, -0.05923468302470532400 ) ) ;
#6590 = DIRECTION ( 'NONE',  ( -0.0000000000000000000, 1.000000000000000000, -0.0000000000000000000 ) ) ;
#6591 = CARTESIAN_POINT ( 'NONE',  ( 0.2651655284134568600, 0.4489999999999998400, -0.02334876277788074500 ) ) ;
#6592 = DIRECTION ( 'NONE',  ( 9.516321183849109000E-013, 1.000000000000000000, 8.590875143234548200E-014 ) ) ;
#6593 = DIRECTION ( 'NONE',  ( -1.000000000000000000, 9.516321183849109000E-013, 0.0000000000000000000 ) ) ;
#6594 = LINE ( 'NONE', #6595, #9029 ) ;
#6595 = CARTESIAN_POINT ( 'NONE',  ( -0.2077230034126852900, 0.4489999999999998400, 0.04076531697529468100 ) ) ;
#6596 = DIRECTION ( 'NONE',  ( -1.000000000000000000, 0.0000000000000000000, 0.0000000000000000000 ) ) ;
#6597 = CARTESIAN_POINT ( 'NONE',  ( 0.2406143363309045400, 0.4489999999999998400, -0.01949109328111558700 ) ) ;
#6598 = CARTESIAN_POINT ( 'NONE',  ( 0.2406143363309045400, 0.4499999999999999000, -0.01949109328111558700 ) ) ;
#6599 = CARTESIAN_POINT ( 'NONE',  ( 0.2414643392964804200, 0.4489999999999998400, -0.01951603234252850800 ) ) ;
#6600 = CARTESIAN_POINT ( 'NONE',  ( 0.2414643392964804200, 0.4499999999999999000, -0.01951603234252850800 ) ) ;
#6601 = CARTESIAN_POINT ( 'NONE',  ( 0.2431559498004806600, 0.4489999999999996200, -0.01956566414377454100 ) ) ;
#6602 = CARTESIAN_POINT ( 'NONE',  ( 0.2431559498004806600, 0.4499999999999996800, -0.01956566414377454100 ) ) ;
#6603 = CARTESIAN_POINT ( 'NONE',  ( 0.2456496449885808600, 0.4490000000000000700, -0.02002712625120254100 ) ) ;
#6604 = CARTESIAN_POINT ( 'NONE',  ( 0.2456496449885808600, 0.4500000000000001200, -0.02002712625120254100 ) ) ;
#6605 = CARTESIAN_POINT ( 'NONE',  ( 0.2480742919718438900, 0.4489999999999997300, -0.02075300961279997300 ) ) ;
#6606 = CARTESIAN_POINT ( 'NONE',  ( 0.2480742919718438900, 0.4499999999999997900, -0.02075300961279997300 ) ) ;
#6607 = CARTESIAN_POINT ( 'NONE',  ( 0.2504039749558649700, 0.4489999999999999000, -0.02174615150765075700 ) ) ;
#6608 = CARTESIAN_POINT ( 'NONE',  ( 0.2504039749558649700, 0.4499999999999999600, -0.02174615150765075700 ) ) ;
#6609 = CARTESIAN_POINT ( 'NONE',  ( 0.2525783916764365300, 0.4489999999999996800, -0.02299266178904521900 ) ) ;
#6610 = CARTESIAN_POINT ( 'NONE',  ( 0.2525783916764365300, 0.4499999999999997300, -0.02299266178904521900 ) ) ;
#6611 = CARTESIAN_POINT ( 'NONE',  ( 0.2545166793400278100, 0.4490000000000000700, -0.02448503373445678300 ) ) ;
#6612 = CARTESIAN_POINT ( 'NONE',  ( 0.2545166793400278100, 0.4500000000000001200, -0.02448503373445678300 ) ) ;
#6613 = CARTESIAN_POINT ( 'NONE',  ( 0.2562023048498296400, 0.4489999999999996800, -0.02618880794026940500 ) ) ;
#6614 = CARTESIAN_POINT ( 'NONE',  ( 0.2562023048498296400, 0.4499999999999997300, -0.02618880794026940500 ) ) ;
#6615 = CARTESIAN_POINT ( 'NONE',  ( 0.2576177508562201300, 0.4489999999999998400, -0.02807746039082407300 ) ) ;
#6616 = CARTESIAN_POINT ( 'NONE',  ( 0.2576177508562201300, 0.4499999999999999000, -0.02807746039082407300 ) ) ;
#6617 = CARTESIAN_POINT ( 'NONE',  ( 0.2587151750399272500, 0.4489999999999998400, -0.03008750576962274100 ) ) ;
#6618 = CARTESIAN_POINT ( 'NONE',  ( 0.2587151750399272500, 0.4499999999999999000, -0.03008750576962274100 ) ) ;
#6619 = CARTESIAN_POINT ( 'NONE',  ( 0.2595695124053902800, 0.4489999999999998400, -0.03210465699305574400 ) ) ;
#6620 = CARTESIAN_POINT ( 'NONE',  ( 0.2595695124053902800, 0.4499999999999999000, -0.03210465699305574400 ) ) ;
#6621 = CARTESIAN_POINT ( 'NONE',  ( 0.2600684042728758600, 0.4489999999999997900, -0.03415043502128569500 ) ) ;
#6622 = CARTESIAN_POINT ( 'NONE',  ( 0.2600684042728758600, 0.4499999999999998400, -0.03415043502128569500 ) ) ;
#6623 = CARTESIAN_POINT ( 'NONE',  ( 0.2601334776153716400, 0.4489999999999998400, -0.03552091970149206400 ) ) ;
#6624 = CARTESIAN_POINT ( 'NONE',  ( 0.2601334776153716400, 0.4499999999999999000, -0.03552091970149206400 ) ) ;
#6625 = CARTESIAN_POINT ( 'NONE',  ( 0.2601656183821865500, 0.4489999999999998400, -0.03619782405034635600 ) ) ;
#6626 = CARTESIAN_POINT ( 'NONE',  ( 0.2601656183821865500, 0.4499999999999999000, -0.03619782405034635600 ) ) ;
#6627 = CARTESIAN_POINT ( 'NONE',  ( 0.2601656183821865500, 0.4489999999999998400, -0.03619782405034635600 ) ) ;
#6628 = CARTESIAN_POINT ( 'NONE',  ( 0.2601656183821865500, 0.4499999999999999000, -0.03619782405034635600 ) ) ;
#6629 = CARTESIAN_POINT ( 'NONE',  ( 0.2601504213084666600, 0.4489999999999998400, -0.03667291079087532000 ) ) ;
#6630 = CARTESIAN_POINT ( 'NONE',  ( 0.2601504213084666600, 0.4499999999999999000, -0.03667291079087532000 ) ) ;
#6631 = CARTESIAN_POINT ( 'NONE',  ( 0.2601202572953809100, 0.4489999999999998400, -0.03761588987502770300 ) ) ;
#6632 = CARTESIAN_POINT ( 'NONE',  ( 0.2601202572953809100, 0.4499999999999999000, -0.03761588987502770300 ) ) ;
#6633 = CARTESIAN_POINT ( 'NONE',  ( 0.2598716842680090000, 0.4489999999999999500, -0.03900841459894397600 ) ) ;
#6634 = CARTESIAN_POINT ( 'NONE',  ( 0.2598716842680090000, 0.4500000000000000100, -0.03900841459894397600 ) ) ;
#6635 = FACE_OUTER_BOUND ( 'NONE', #7140, .T. ) ;
#6636 = VECTOR ( 'NONE', #7392, 1000.000000000000000 ) ;
#6637 = VECTOR ( 'NONE', #2536, 1000.000000000000100 ) ;
#6638 = AXIS2_PLACEMENT_3D ( 'NONE', #7434, #7435, #7436 ) ;
#6639 = VECTOR ( 'NONE', #7386, 1000.000000000000000 ) ;
#6640 = AXIS2_PLACEMENT_3D ( 'NONE', #7426, #7427, #7428 ) ;
#6641 = AXIS2_PLACEMENT_3D ( 'NONE', #7438, #7439, #7440 ) ;
#6642 = FACE_OUTER_BOUND ( 'NONE', #7187, .T. ) ;
#6643 = VECTOR ( 'NONE', #7395, 1000.000000000000000 ) ;
#6644 = FACE_OUTER_BOUND ( 'NONE', #7117, .T. ) ;
#6645 = VECTOR ( 'NONE', #2484, 1000.000000000000000 ) ;
#6646 = FACE_OUTER_BOUND ( 'NONE', #7228, .T. ) ;
#6647 = AXIS2_PLACEMENT_3D ( 'NONE', #7475, #7476, #7477 ) ;
#6648 = VECTOR ( 'NONE', #2524, 1000.000000000000000 ) ;
#6649 = MECHANICAL_DESIGN_GEOMETRIC_PRESENTATION_REPRESENTATION (  '', ( #6662 ), #3797 ) ;
#6650 = VECTOR ( 'NONE', #2481, 1000.000000000000000 ) ;
#6651 = VECTOR ( 'NONE', #7328, 1000.000000000000000 ) ;
#6652 = AXIS2_PLACEMENT_3D ( 'NONE', #7446, #7447, #7448 ) ;
#6653 = AXIS2_PLACEMENT_3D ( 'NONE', #7454, #7455, #7456 ) ;
#6654 = VECTOR ( 'NONE', #2527, 1000.000000000000000 ) ;
#6655 = VECTOR ( 'NONE', #2490, 1000.000000000000000 ) ;
#6656 = VECTOR ( 'NONE', #2518, 1000.000000000000000 ) ;
#6657 = VECTOR ( 'NONE', #2601, 1000.000000000000100 ) ;
#6658 = AXIS2_PLACEMENT_3D ( 'NONE', #7422, #7423, #7424 ) ;
#6659 = VECTOR ( 'NONE', #7421, 1000.000000000000000 ) ;
#6660 = VECTOR ( 'NONE', #2530, 1000.000000000000000 ) ;
#6661 = VECTOR ( 'NONE', #2515, 1000.000000000000000 ) ;
#6662 = STYLED_ITEM ( 'NONE', ( #7462 ), #4548 ) ;
#6663 = VECTOR ( 'NONE', #7418, 1000.000000000000000 ) ;
#6664 = FACE_OUTER_BOUND ( 'NONE', #7136, .T. ) ;
#6665 = VECTOR ( 'NONE', #7389, 1000.000000000000000 ) ;
#6666 = VECTOR ( 'NONE', #2487, 1000.000000000000000 ) ;
#6667 = FACE_OUTER_BOUND ( 'NONE', #7043, .T. ) ;
#6668 = PRESENTATION_LAYER_ASSIGNMENT (  '', '', ( #6662 ) ) ;
#6669 = VECTOR ( 'NONE', #7415, 1000.000000000000100 ) ;
#6670 = VECTOR ( 'NONE', #2478, 1000.000000000000000 ) ;
#6671 = VECTOR ( 'NONE', #7325, 1000.000000000000000 ) ;
#6672 = FACE_OUTER_BOUND ( 'NONE', #7177, .T. ) ;
#6673 = FACE_OUTER_BOUND ( 'NONE', #7259, .T. ) ;
#6674 = VECTOR ( 'NONE', #7412, 1000.000000000000000 ) ;
#6675 = VECTOR ( 'NONE', #2539, 1000.000000000000000 ) ;
#6676 = VECTOR ( 'NONE', #2564, 1000.000000000000000 ) ;
#6677 = VECTOR ( 'NONE', #2592, 1000.000000000000000 ) ;
#6678 = VECTOR ( 'NONE', #7291, 1000.000000000000000 ) ;
#6679 = VECTOR ( 'NONE', #2604, 1000.000000000000000 ) ;
#6680 = FACE_OUTER_BOUND ( 'NONE', #7214, .T. ) ;
#6681 = VECTOR ( 'NONE', #2521, 1000.000000000000000 ) ;
#6682 = VECTOR ( 'NONE', #7383, 1000.000000000000000 ) ;
#6683 = VECTOR ( 'NONE', #7342, 1000.000000000000000 ) ;
#6684 = VECTOR ( 'NONE', #2598, 1000.000000000000000 ) ;
#6685 = AXIS2_PLACEMENT_3D ( 'NONE', #7430, #7431, #7432 ) ;
#6686 = VECTOR ( 'NONE', #7316, 1000.000000000000000 ) ;
#6687 = AXIS2_PLACEMENT_3D ( 'NONE', #7442, #7443, #7444 ) ;
#6688 = FACE_OUTER_BOUND ( 'NONE', #7255, .T. ) ;
#6689 = VECTOR ( 'NONE', #2561, 1000.000000000000000 ) ;
#6690 = AXIS2_PLACEMENT_3D ( 'NONE', #7467, #7468, #7469 ) ;
#6691 = VECTOR ( 'NONE', #7319, 1000.000000000000000 ) ;
#6692 = VECTOR ( 'NONE', #2533, 1000.000000000000000 ) ;
#6693 = FACE_OUTER_BOUND ( 'NONE', #7042, .T. ) ;
#6694 = VECTOR ( 'NONE', #2493, 1000.000000000000000 ) ;
#6695 = VECTOR ( 'NONE', #2595, 1000.000000000000000 ) ;
#6696 = VECTOR ( 'NONE', #7313, 1000.000000000000000 ) ;
#6697 = VECTOR ( 'NONE', #7322, 1000.000000000000000 ) ;
#6698 = VECTOR ( 'NONE', #2589, 1000.000000000000000 ) ;
#6699 = VECTOR ( 'NONE', #2586, 1000.000000000000000 ) ;
#6700 = VECTOR ( 'NONE', #7398, 1000.000000000000000 ) ;
#6701 = AXIS2_PLACEMENT_3D ( 'NONE', #7450, #7451, #7452 ) ;
#6702 = CARTESIAN_POINT ( 'NONE',  ( -0.03825732881834419800, 0.4499999999999997300, -0.01957659534872010000 ) ) ;
#6703 = CARTESIAN_POINT ( 'NONE',  ( -0.03646388349402217300, 0.4489999999999999500, -0.02126461558300871800 ) ) ;
#6704 = CARTESIAN_POINT ( 'NONE',  ( -0.03646388349402217300, 0.4499999999999999600, -0.02126461558300871800 ) ) ;
#6705 = CARTESIAN_POINT ( 'NONE',  ( -0.03491193215797739500, 0.4489999999999997900, -0.02316255362090869800 ) ) ;
#6706 = CARTESIAN_POINT ( 'NONE',  ( -0.03491193215797739500, 0.4499999999999997900, -0.02316255362090869800 ) ) ;
#6707 = CARTESIAN_POINT ( 'NONE',  ( -0.03368033564545176000, 0.4489999999999997900, -0.02527395731879611100 ) ) ;
#6708 = CARTESIAN_POINT ( 'NONE',  ( -0.03368033564545176000, 0.4499999999999997900, -0.02527395731879611100 ) ) ;
#6709 = CARTESIAN_POINT ( 'NONE',  ( -0.03277873586498097900, 0.4489999999999999000, -0.02753306979668251900 ) ) ;
#6710 = CARTESIAN_POINT ( 'NONE',  ( -0.03277873586498097900, 0.4499999999999999000, -0.02753306979668251900 ) ) ;
#6711 = CARTESIAN_POINT ( 'NONE',  ( -0.03224898851173674300, 0.4489999999999997300, -0.02991672264015979000 ) ) ;
#6712 = CARTESIAN_POINT ( 'NONE',  ( -0.03224898851173674300, 0.4499999999999997300, -0.02991672264015979000 ) ) ;
#6713 = CARTESIAN_POINT ( 'NONE',  ( -0.03217795440728901000, 0.4489999999999998400, -0.03154781232173628500 ) ) ;
#6714 = CARTESIAN_POINT ( 'NONE',  ( -0.03217795440728901000, 0.4499999999999998400, -0.03154781232173628500 ) ) ;
#6715 = CARTESIAN_POINT ( 'NONE',  ( -0.03214207392550577600, 0.4489999999999998400, -0.03237170225547456000 ) ) ;
#6716 = CARTESIAN_POINT ( 'NONE',  ( -0.03214207392550577600, 0.4499999999999998400, -0.03237170225547456000 ) ) ;
#6717 = CARTESIAN_POINT ( 'NONE',  ( 0.9750000000000002000, 0.4249999999999998800, 0.8000000000000000400 ) ) ;
#6718 = DIRECTION ( 'NONE',  ( 0.0000000000000000000, 0.0000000000000000000, -1.000000000000000000 ) ) ;
#6719 = DIRECTION ( 'NONE',  ( -1.000000000000000000, 0.0000000000000000000, 0.0000000000000000000 ) ) ;
#6720 = PLANE ( 'NONE',  #8233 ) ;
#6721 = CARTESIAN_POINT ( 'NONE',  ( -0.2790830553785212400, 0.4489999999999998400, 0.03703111817914280700 ) ) ;
#6722 = DIRECTION ( 'NONE',  ( -4.905889987284690800E-015, 1.000000000000000000, 2.537041339075201000E-013 ) ) ;
#6723 = DIRECTION ( 'NONE',  ( 0.0000000000000000000, -2.537041339075201000E-013, 1.000000000000000000 ) ) ;
#6724 = CARTESIAN_POINT ( 'NONE',  ( 0.9750000000000000900, 0.4499999999999999000, -0.7750000000000000200 ) ) ;
#6725 = DIRECTION ( 'NONE',  ( 0.0000000000000000000, 1.000000000000000000, 0.0000000000000000000 ) ) ;
#6726 = DIRECTION ( 'NONE',  ( 0.0000000000000000000, 0.0000000000000000000, 1.000000000000000000 ) ) ;
#6727 = PLANE ( 'NONE',  #8220 ) ;
#6728 = CARTESIAN_POINT ( 'NONE',  ( -0.3638127470024289400, 0.4489999999999998400, -0.001542375332397635200 ) ) ;
#6729 = DIRECTION ( 'NONE',  ( -0.0000000000000000000, 0.0000000000000000000, 1.000000000000000000 ) ) ;
#6730 = DIRECTION ( 'NONE',  ( 1.000000000000000000, 0.0000000000000000000, 0.0000000000000000000 ) ) ;
#6731 = LINE ( 'NONE', #6732, #8213 ) ;
#6732 = CARTESIAN_POINT ( 'NONE',  ( -0.3686805354639673400, 0.4499999999999999000, 0.008714034924012620600 ) ) ;
#6733 = DIRECTION ( 'NONE',  ( -0.4285960263555439500, 0.0000000000000000000, 0.9034962347415942400 ) ) ;
#6734 = PLANE ( 'NONE',  #8211 ) ;
#6735 = CARTESIAN_POINT ( 'NONE',  ( 0.0000000000000000000, 0.4489999999999997300, 0.0000000000000000000 ) ) ;
#6736 = DIRECTION ( 'NONE',  ( 0.0000000000000000000, -1.000000000000000000, -0.0000000000000000000 ) ) ;
#6737 = DIRECTION ( 'NONE',  ( 0.0000000000000000000, 0.0000000000000000000, -1.000000000000000000 ) ) ;
#6738 = PLANE ( 'NONE',  #8194 ) ;
#6739 = CARTESIAN_POINT ( 'NONE',  ( -1.000000000000000000, -0.4500000000000000100, 0.8000000000000000400 ) ) ;
#6740 = DIRECTION ( 'NONE',  ( -5.421010862427522200E-017, 1.000000000000000000, 0.0000000000000000000 ) ) ;
#6741 = DIRECTION ( 'NONE',  ( -1.000000000000000000, -5.421010862427522200E-017, 0.0000000000000000000 ) ) ;
#6742 = CARTESIAN_POINT ( 'NONE',  ( -0.02316771495114683400, 0.4499999999999999000, -0.03241176635803865600 ) ) ;
#6743 = CARTESIAN_POINT ( 'NONE',  ( -0.02317975565768852800, 0.4499999999999997900, -0.03158954416411055600 ) ) ;
#6744 = CARTESIAN_POINT ( 'NONE',  ( -0.02320331411327074600, 0.4499999999999998400, -0.02998081090852567100 ) ) ;
#6745 = CARTESIAN_POINT ( 'NONE',  ( -0.02348606512266621400, 0.4499999999999999600, -0.02762730267456304700 ) ) ;
#6746 = CARTESIAN_POINT ( 'NONE',  ( -0.02386692774034363300, 0.4499999999999997300, -0.02537820581366026200 ) ) ;
#6747 = CARTESIAN_POINT ( 'NONE',  ( -0.02445255780683515400, 0.4499999999999999000, -0.02323850722881971200 ) ) ;
#6748 = CARTESIAN_POINT ( 'NONE',  ( -0.02521957703821809500, 0.4499999999999999000, -0.02122091378679781500 ) ) ;
#6749 = CARTESIAN_POINT ( 'NONE',  ( -0.02611934997666639000, 0.4500000000000000100, -0.01929459287191954300 ) ) ;
#6750 = CARTESIAN_POINT ( 'NONE',  ( -0.02720459370151706600, 0.4499999999999997900, -0.01749231653195962300 ) ) ;
#6751 = CARTESIAN_POINT ( 'NONE',  ( -0.02845158883610281900, 0.4500000000000000700, -0.01580754174505521700 ) ) ;
#6752 = CARTESIAN_POINT ( 'NONE',  ( -0.02983877724732838000, 0.4499999999999999000, -0.01423868710750757200 ) ) ;
#6753 = CARTESIAN_POINT ( 'NONE',  ( -0.03136028976582151000, 0.4499999999999997900, -0.01279712155057311800 ) ) ;
#6754 = CARTESIAN_POINT ( 'NONE',  ( -0.03300998383725770000, 0.4499999999999999000, -0.01149128330992948300 ) ) ;
#6755 = CARTESIAN_POINT ( 'NONE',  ( -0.03478261663943950400, 0.4499999999999999600, -0.01031824491906124300 ) ) ;
#6756 = CARTESIAN_POINT ( 'NONE',  ( -0.03669546946334068000, 0.4499999999999997900, -0.009305208361984507200 ) ) ;
#6757 = CARTESIAN_POINT ( 'NONE',  ( -0.03871953099393914800, 0.4500000000000000100, -0.008397856792683537300 ) ) ;
#6758 = CARTESIAN_POINT ( 'NONE',  ( -0.04087239432027973300, 0.4500000000000000100, -0.007635826488726556700 ) ) ;
#6759 = CARTESIAN_POINT ( 'NONE',  ( -0.04236218043386169600, 0.4499999999999999000, -0.007234967590829492200 ) ) ;
#6760 = CARTESIAN_POINT ( 'NONE',  ( -0.04311963802806987500, 0.4499999999999999000, -0.007031157383679684100 ) ) ;
#6761 = PLANE ( 'NONE',  #8214 ) ;
#6762 = CARTESIAN_POINT ( 'NONE',  ( -0.2167574585408904300, 0.4489999999999998400, 0.04076531697529468100 ) ) ;
#6763 = DIRECTION ( 'NONE',  ( 0.9913987771987146100, 0.0000000000000000000, 0.1308757600508720600 ) ) ;
#6764 = DIRECTION ( 'NONE',  ( 0.1308757600508720600, 0.0000000000000000000, -0.9913987771987146100 ) ) ;
#6765 = LINE ( 'NONE', #6766, #8193 ) ;
#6766 = CARTESIAN_POINT ( 'NONE',  ( 0.5000000000000000000, 0.4499999999999999000, 0.8000000000000000400 ) ) ;
#6767 = DIRECTION ( 'NONE',  ( -0.0000000000000000000, 0.0000000000000000000, 1.000000000000000000 ) ) ;
#6768 = PLANE ( 'NONE',  #8247 ) ;
#6769 = CARTESIAN_POINT ( 'NONE',  ( -0.08470617648960833400, 0.4489999999999998400, 0.04076531697529468100 ) ) ;
#6770 = DIRECTION ( 'NONE',  ( 1.000000000000000000, 0.0000000000000000000, 0.0000000000000000000 ) ) ;
#6771 = DIRECTION ( 'NONE',  ( 0.0000000000000000000, 0.0000000000000000000, -1.000000000000000000 ) ) ;
#6772 = CARTESIAN_POINT ( 'NONE',  ( -0.2415371059767878700, 0.4499999999999999000, -0.03872186251188481500 ) ) ;
#6773 = CARTESIAN_POINT ( 'NONE',  ( -0.2420269897617111400, 0.4499999999999998400, -0.03935296795253114700 ) ) ;
#6774 = CARTESIAN_POINT ( 'NONE',  ( -0.2429703913923430300, 0.4499999999999997900, -0.04056832947322250300 ) ) ;
#6775 = CARTESIAN_POINT ( 'NONE',  ( -0.2444026624455006600, 0.4499999999999999000, -0.04227036706197284000 ) ) ;
#6776 = CARTESIAN_POINT ( 'NONE',  ( -0.2457526238146515400, 0.4500000000000000700, -0.04382512362002819600 ) ) ;
#6777 = CARTESIAN_POINT ( 'NONE',  ( -0.2470826352370577600, 0.4499999999999999600, -0.04517555584945798200 ) ) ;
#6778 = CARTESIAN_POINT ( 'NONE',  ( -0.2483224532789409500, 0.4499999999999996800, -0.04639561680196891600 ) ) ;
#6779 = CARTESIAN_POINT ( 'NONE',  ( -0.2495257973431399300, 0.4500000000000000100, -0.04744018128266774800 ) ) ;
#6780 = CARTESIAN_POINT ( 'NONE',  ( -0.2506753502356371400, 0.4499999999999999600, -0.04831948400924168000 ) ) ;
#6781 = CARTESIAN_POINT ( 'NONE',  ( -0.2521244048255239000, 0.4499999999999997900, -0.04925787143664626900 ) ) ;
#6782 = CARTESIAN_POINT ( 'NONE',  ( -0.2539449110633293900, 0.4499999999999998400, -0.05018805725249658000 ) ) ;
#6783 = CARTESIAN_POINT ( 'NONE',  ( -0.2562301835273100800, 0.4500000000000000100, -0.05097517376900281800 ) ) ;
#6784 = CARTESIAN_POINT ( 'NONE',  ( -0.2586183628140234500, 0.4499999999999997300, -0.05144817553811101300 ) ) ;
#6785 = CARTESIAN_POINT ( 'NONE',  ( -0.2602449237137576300, 0.4499999999999999000, -0.05151071518290607800 ) ) ;
#6786 = CARTESIAN_POINT ( 'NONE',  ( -0.2610683559767879600, 0.4499999999999999600, -0.05154237533239764600 ) ) ;
#6787 = PLANE ( 'NONE',  #8209 ) ;
#6788 = CARTESIAN_POINT ( 'NONE',  ( -0.3457037726434545300, 0.4489999999999998400, -0.03974349712726943400 ) ) ;
#6789 = DIRECTION ( 'NONE',  ( -0.9036123719369733000, 0.0000000000000000000, -0.4283511191562795500 ) ) ;
#6790 = DIRECTION ( 'NONE',  ( -0.4283511191562794900, 0.0000000000000000000, 0.9036123719369731900 ) ) ;
#6791 = CARTESIAN_POINT ( 'NONE',  ( 2.303929616531696600E-017, -0.4249999999999999300, 0.7750000000000001300 ) ) ;
#6792 = DIRECTION ( 'NONE',  ( -1.000000000000000000, -5.421010862427522200E-017, 0.0000000000000000000 ) ) ;
#6793 = DIRECTION ( 'NONE',  ( 5.421010862427524000E-017, -1.000000000000000000, 0.0000000000000000000 ) ) ;
#6794 = PLANE ( 'NONE',  #8249 ) ;
#6795 = CARTESIAN_POINT ( 'NONE',  ( -0.2035563367460186400, 0.4489999999999998400, -0.05923468302470532400 ) ) ;
#6796 = DIRECTION ( 'NONE',  ( -0.0000000000000000000, 0.0000000000000000000, 1.000000000000000000 ) ) ;
#6797 = DIRECTION ( 'NONE',  ( 1.000000000000000000, 0.0000000000000000000, 0.0000000000000000000 ) ) ;
#6798 = PLANE ( 'NONE',  #8279 ) ;
#6799 = CARTESIAN_POINT ( 'NONE',  ( -0.2334241252075571200, 0.4489999999999998400, -0.04487170225547456500 ) ) ;
#6800 = DIRECTION ( 'NONE',  ( -0.6040849710794086200, 0.0000000000000000000, -0.7969199129874908700 ) ) ;
#6801 = DIRECTION ( 'NONE',  ( -0.7969199129874908700, 0.0000000000000000000, 0.6040849710794086200 ) ) ;
#6802 = PLANE ( 'NONE',  #8187 ) ;
#6803 = CARTESIAN_POINT ( 'NONE',  ( -0.2911164328998647700, 0.4489999999999998400, 0.02147445159067929200 ) ) ;
#6804 = DIRECTION ( 'NONE',  ( 0.5141968420297358100, 0.0000000000000000000, 0.8576722029112561200 ) ) ;
#6805 = DIRECTION ( 'NONE',  ( 0.8576722029112561200, 0.0000000000000000000, -0.5141968420297358100 ) ) ;
#6806 = PLANE ( 'NONE',  #8221 ) ;
#6807 = CARTESIAN_POINT ( 'NONE',  ( -0.3085643495665315000, 0.4489999999999998400, 0.04076531697529468100 ) ) ;
#6808 = DIRECTION ( 'NONE',  ( 0.9080590238365493500, 0.0000000000000000000, -0.4188422247446084700 ) ) ;
#6809 = DIRECTION ( 'NONE',  ( -0.4188422247446084200, 0.0000000000000000000, -0.9080590238365492400 ) ) ;
#6810 = PLANE ( 'NONE',  #8281 ) ;
#6811 = CARTESIAN_POINT ( 'NONE',  ( -0.05744255469473659400, 0.4489999999999998400, -0.04897827276829507000 ) ) ;
#6812 = DIRECTION ( 'NONE',  ( -0.0000000000000000000, 0.0000000000000000000, -1.000000000000000000 ) ) ;
#6813 = DIRECTION ( 'NONE',  ( -1.000000000000000000, 0.0000000000000000000, 0.0000000000000000000 ) ) ;
#6814 = FILL_AREA_STYLE_COLOUR ( '', #4387 ) ;
#6815 = FILL_AREA_STYLE ('',( #6814 ) ) ;
#6816 = SURFACE_STYLE_FILL_AREA ( #6815 ) ;
#6817 = SURFACE_SIDE_STYLE ('',( #6816 ) ) ;
#6818 = SURFACE_STYLE_USAGE ( .BOTH. , #6817 ) ;
#6819 = PRESENTATION_STYLE_ASSIGNMENT (( #6818 ) ) ;
#6820 =( LENGTH_UNIT ( ) NAMED_UNIT ( * ) SI_UNIT ( .MILLI., .METRE. ) );
#6821 =( NAMED_UNIT ( * ) PLANE_ANGLE_UNIT ( ) SI_UNIT ( $, .RADIAN. ) );
#6822 =( NAMED_UNIT ( * ) SI_UNIT ( $, .STERADIAN. ) SOLID_ANGLE_UNIT ( ) );
#6823 = LINE ( 'NONE', #6824, #8333 ) ;
#6824 = CARTESIAN_POINT ( 'NONE',  ( -0.1142334200793519300, 0.4499999999999999000, 0.04076531697529468100 ) ) ;
#6825 = DIRECTION ( 'NONE',  ( -0.1319106486351630200, 0.0000000000000000000, -0.9912616106642335700 ) ) ;
#6826 = PLANE ( 'NONE',  #8347 ) ;
#6827 = LINE ( 'NONE', #6828, #8354 ) ;
#6828 = CARTESIAN_POINT ( 'NONE',  ( 0.2691399773565456000, 0.4489999999999998400, -0.03585727917855148500 ) ) ;
#6829 = DIRECTION ( 'NONE',  ( -0.0000000000000000000, 1.000000000000000000, -0.0000000000000000000 ) ) ;
#6830 = LINE ( 'NONE', #6831, #8355 ) ;
#6831 = CARTESIAN_POINT ( 'NONE',  ( 0.1631303619719301200, 0.4489999999999998400, 0.03307300928298698200 ) ) ;
#6832 = DIRECTION ( 'NONE',  ( -0.0000000000000000000, 1.000000000000000000, -0.0000000000000000000 ) ) ;
#6833 = FILL_AREA_STYLE_COLOUR ( '', #4389 ) ;
#6834 = FILL_AREA_STYLE ('',( #6833 ) ) ;
#6835 = SURFACE_STYLE_FILL_AREA ( #6834 ) ;
#6836 = SURFACE_SIDE_STYLE ('',( #6835 ) ) ;
#6837 = SURFACE_STYLE_USAGE ( .BOTH. , #6836 ) ;
#6838 = PRESENTATION_STYLE_ASSIGNMENT (( #6837 ) ) ;
#6839 =( LENGTH_UNIT ( ) NAMED_UNIT ( * ) SI_UNIT ( .MILLI., .METRE. ) );
#6840 =( NAMED_UNIT ( * ) PLANE_ANGLE_UNIT ( ) SI_UNIT ( $, .RADIAN. ) );
#6841 =( NAMED_UNIT ( * ) SI_UNIT ( $, .STERADIAN. ) SOLID_ANGLE_UNIT ( ) );
#6842 = CARTESIAN_POINT ( 'NONE',  ( -1.000000000000000000, 0.4499999999999999000, 0.8000000000000000400 ) ) ;
#6843 = DIRECTION ( 'NONE',  ( 0.0000000000000000000, -1.000000000000000000, 0.0000000000000000000 ) ) ;
#6844 = DIRECTION ( 'NONE',  ( 0.0000000000000000000, -0.0000000000000000000, -1.000000000000000000 ) ) ;
#6845 = CARTESIAN_POINT ( 'NONE',  ( 0.3952818042796224500, 0.4489999999999998400, -0.006670580460602763100 ) ) ;
#6846 = CARTESIAN_POINT ( 'NONE',  ( 0.3952818042796224500, 0.4499999999999999000, -0.006670580460602763100 ) ) ;
#6847 = CARTESIAN_POINT ( 'NONE',  ( 0.3945200258558562700, 0.4489999999999998400, -0.006648350641100153800 ) ) ;
#6848 = CARTESIAN_POINT ( 'NONE',  ( 0.3945200258558562700, 0.4499999999999999000, -0.006648350641100153800 ) ) ;
#6849 = CARTESIAN_POINT ( 'NONE',  ( 0.3930320513014259900, 0.4489999999999998400, -0.006604929345960384300 ) ) ;
#6850 = CARTESIAN_POINT ( 'NONE',  ( 0.3930320513014259900, 0.4499999999999999000, -0.006604929345960384300 ) ) ;
#6851 = CARTESIAN_POINT ( 'NONE',  ( 0.3908489823093918000, 0.4489999999999997300, -0.006352779290961028900 ) ) ;
#6852 = CARTESIAN_POINT ( 'NONE',  ( 0.3908489823093918000, 0.4499999999999997900, -0.006352779290961028900 ) ) ;
#6853 = CARTESIAN_POINT ( 'NONE',  ( 0.3887828894108851200, 0.4489999999999999500, -0.005877948845795641000 ) ) ;
#6854 = CARTESIAN_POINT ( 'NONE',  ( 0.3887828894108851200, 0.4500000000000000100, -0.005877948845795641000 ) ) ;
#6855 = CARTESIAN_POINT ( 'NONE',  ( 0.3868063998780091900, 0.4489999999999997900, -0.005273196504007939500 ) ) ;
#6856 = CARTESIAN_POINT ( 'NONE',  ( 0.3868063998780091900, 0.4499999999999998400, -0.005273196504007939500 ) ) ;
#6857 = CARTESIAN_POINT ( 'NONE',  ( 0.3849564655092622100, 0.4489999999999997900, -0.004441680512132405000 ) ) ;
#6858 = CARTESIAN_POINT ( 'NONE',  ( 0.3849564655092622100, 0.4499999999999998400, -0.004441680512132405000 ) ) ;
#6859 = CARTESIAN_POINT ( 'NONE',  ( 0.3832196415135970500, 0.4489999999999999500, -0.003431629113414040600 ) ) ;
#6860 = CARTESIAN_POINT ( 'NONE',  ( 0.3832196415135970500, 0.4500000000000000100, -0.003431629113414040600 ) ) ;
#6861 = CARTESIAN_POINT ( 'NONE',  ( 0.3815892114596573500, 0.4489999999999999000, -0.002242452594936395100 ) ) ;
#6862 = CARTESIAN_POINT ( 'NONE',  ( 0.3815892114596573500, 0.4499999999999999600, -0.002242452594936395100 ) ) ;
#6863 = CARTESIAN_POINT ( 'NONE',  ( 0.3800822528388244600, 0.4489999999999999000, -0.0008909979919777797900 ) ) ;
#6864 = CARTESIAN_POINT ( 'NONE',  ( 0.3800822528388244600, 0.4499999999999999600, -0.0008909979919777797900 ) ) ;
#6865 = CARTESIAN_POINT ( 'NONE',  ( 0.3787159767430987600, 0.4489999999999997300, 0.0005886600933694566600 ) ) ;
#6866 = CARTESIAN_POINT ( 'NONE',  ( 0.3787159767430987600, 0.4499999999999997900, 0.0005886600933694566600 ) ) ;
#6867 = CARTESIAN_POINT ( 'NONE',  ( 0.3775393730068464800, 0.4489999999999999000, 0.002173503584112085300 ) ) ;
#6868 = CARTESIAN_POINT ( 'NONE',  ( 0.3775393730068464800, 0.4499999999999999600, 0.002173503584112085300 ) ) ;
#6869 = CARTESIAN_POINT ( 'NONE',  ( 0.3765244472899070300, 0.4489999999999997900, 0.003825337958564608600 ) ) ;
#6870 = CARTESIAN_POINT ( 'NONE',  ( 0.3765244472899070300, 0.4499999999999998400, 0.003825337958564608600 ) ) ;
#6871 = CARTESIAN_POINT ( 'NONE',  ( 0.3756992524646871100, 0.4489999999999997900, 0.005557964878475156600 ) ) ;
#6872 = CARTESIAN_POINT ( 'NONE',  ( 0.3756992524646871100, 0.4499999999999998400, 0.005557964878475156600 ) ) ;
#6873 = CARTESIAN_POINT ( 'NONE',  ( 0.3750566788713800600, 0.4489999999999999000, 0.007370722009603702900 ) ) ;
#6874 = CARTESIAN_POINT ( 'NONE',  ( 0.3750566788713800600, 0.4499999999999999600, 0.007370722009603702900 ) ) ;
#6875 = CARTESIAN_POINT ( 'NONE',  ( 0.3745918717036669200, 0.4489999999999997300, 0.009255271991941158400 ) ) ;
#6876 = CARTESIAN_POINT ( 'NONE',  ( 0.3745918717036669200, 0.4499999999999997900, 0.009255271991941158400 ) ) ;
#6877 = CARTESIAN_POINT ( 'NONE',  ( 0.3743331930973510200, 0.4489999999999999500, 0.01122425216697606000 ) ) ;
#6878 = CARTESIAN_POINT ( 'NONE',  ( 0.3743331930973510200, 0.4500000000000000100, 0.01122425216697606000 ) ) ;
#6879 = CARTESIAN_POINT ( 'NONE',  ( 0.3742901579114817900, 0.4489999999999998400, 0.01255946653067572700 ) ) ;
#6880 = CARTESIAN_POINT ( 'NONE',  ( 0.3742901579114817900, 0.4499999999999999000, 0.01255946653067572700 ) ) ;
#6881 = CARTESIAN_POINT ( 'NONE',  ( 0.3742681824847506900, 0.4489999999999998400, 0.01324127851375621300 ) ) ;
#6882 = CARTESIAN_POINT ( 'NONE',  ( 0.3742681824847506900, 0.4499999999999999000, 0.01324127851375621300 ) ) ;
#6883 = LINE ( 'NONE', #6884, #8298 ) ;
#6884 = CARTESIAN_POINT ( 'NONE',  ( -0.1052189970024288900, 0.4499999999999999000, 0.04076531697529468100 ) ) ;
#6885 = DIRECTION ( 'NONE',  ( -1.000000000000000000, 0.0000000000000000000, 0.0000000000000000000 ) ) ;
#6886 = LINE ( 'NONE', #6887, #8320 ) ;
#6887 = CARTESIAN_POINT ( 'NONE',  ( -0.1981677149511468200, 0.4499999999999999000, -0.03135006764008994200 ) ) ;
#6888 = DIRECTION ( 'NONE',  ( -0.1313519925438847200, 0.0000000000000000000, 0.9913357927840349400 ) ) ;
#6889 = LINE ( 'NONE', #6890, #8340 ) ;
#6890 = CARTESIAN_POINT ( 'NONE',  ( 0.1845846888950070100, 0.4489999999999998400, 0.01590554133426903500 ) ) ;
#6891 = DIRECTION ( 'NONE',  ( -0.0000000000000000000, 1.000000000000000000, -0.0000000000000000000 ) ) ;
#6892 = CARTESIAN_POINT ( 'NONE',  ( 0.3742681824847506900, 0.4489999999999998400, 0.01324127851375621300 ) ) ;
#6893 = CARTESIAN_POINT ( 'NONE',  ( 0.3742681824847506900, 0.4499999999999999000, 0.01324127851375621300 ) ) ;
#6894 = CARTESIAN_POINT ( 'NONE',  ( 0.3742860785270472600, 0.4489999999999999000, 0.01391699222469918600 ) ) ;
#6895 = CARTESIAN_POINT ( 'NONE',  ( 0.3742860785270472600, 0.4499999999999999600, 0.01391699222469918600 ) ) ;
#6896 = CARTESIAN_POINT ( 'NONE',  ( 0.3743211700017828900, 0.4489999999999999500, 0.01524196621745485500 ) ) ;
#6897 = CARTESIAN_POINT ( 'NONE',  ( 0.3743211700017828900, 0.4500000000000000100, 0.01524196621745485500 ) ) ;
#6898 = CARTESIAN_POINT ( 'NONE',  ( 0.3746398077123142500, 0.4489999999999998400, 0.01719451420515170600 ) ) ;
#6899 = CARTESIAN_POINT ( 'NONE',  ( 0.3746398077123142500, 0.4499999999999999000, 0.01719451420515170600 ) ) ;
#6900 = CARTESIAN_POINT ( 'NONE',  ( 0.3751265243501337200, 0.4489999999999998400, 0.01907351158808177200 ) ) ;
#6901 = CARTESIAN_POINT ( 'NONE',  ( 0.3751265243501337200, 0.4499999999999999000, 0.01907351158808177200 ) ) ;
#6902 = CARTESIAN_POINT ( 'NONE',  ( 0.3758505356604434600, 0.4489999999999999000, 0.02086927155333966100 ) ) ;
#6903 = CARTESIAN_POINT ( 'NONE',  ( 0.3758505356604434600, 0.4499999999999999600, 0.02086927155333966100 ) ) ;
#6904 = CARTESIAN_POINT ( 'NONE',  ( 0.3767141610365825600, 0.4489999999999997900, 0.02260916635426439600 ) ) ;
#6905 = CARTESIAN_POINT ( 'NONE',  ( 0.3767141610365825600, 0.4499999999999998400, 0.02260916635426439600 ) ) ;
#6906 = CARTESIAN_POINT ( 'NONE',  ( 0.3778543131562696100, 0.4489999999999998400, 0.02423017451060193200 ) ) ;
#6907 = CARTESIAN_POINT ( 'NONE',  ( 0.3778543131562696100, 0.4499999999999999000, 0.02423017451060193200 ) ) ;
#6908 = CARTESIAN_POINT ( 'NONE',  ( 0.3791176498943241200, 0.4489999999999998400, 0.02583074794183814700 ) ) ;
#6909 = CARTESIAN_POINT ( 'NONE',  ( 0.3791176498943241200, 0.4499999999999999000, 0.02583074794183814700 ) ) ;
#6910 = CARTESIAN_POINT ( 'NONE',  ( 0.3806277622785472800, 0.4489999999999997900, 0.02728793283974545100 ) ) ;
#6911 = CARTESIAN_POINT ( 'NONE',  ( 0.3806277622785472800, 0.4499999999999998400, 0.02728793283974545100 ) ) ;
#6912 = CARTESIAN_POINT ( 'NONE',  ( 0.3822484297922230700, 0.4489999999999997300, 0.02864383638762564900 ) ) ;
#6913 = CARTESIAN_POINT ( 'NONE',  ( 0.3822484297922230700, 0.4499999999999997900, 0.02864383638762564900 ) ) ;
#6914 = CARTESIAN_POINT ( 'NONE',  ( 0.3839798927209627200, 0.4489999999999997900, 0.02982898648813246000 ) ) ;
#6915 = CARTESIAN_POINT ( 'NONE',  ( 0.3839798927209627200, 0.4499999999999998400, 0.02982898648813246000 ) ) ;
#6916 = CARTESIAN_POINT ( 'NONE',  ( 0.3857844630025920600, 0.4489999999999998400, 0.03084287715665232800 ) ) ;
#6917 = CARTESIAN_POINT ( 'NONE',  ( 0.3857844630025920600, 0.4499999999999999000, 0.03084287715665232800 ) ) ;
#6918 = CARTESIAN_POINT ( 'NONE',  ( 0.3876865036333097500, 0.4489999999999997900, 0.03163747994572251700 ) ) ;
#6919 = CARTESIAN_POINT ( 'NONE',  ( 0.3876865036333097500, 0.4499999999999998400, 0.03163747994572251700 ) ) ;
#6920 = CARTESIAN_POINT ( 'NONE',  ( 0.3896590288895295200, 0.4489999999999999000, 0.03228960242706961600 ) ) ;
#6921 = CARTESIAN_POINT ( 'NONE',  ( 0.3896590288895295200, 0.4499999999999999600, 0.03228960242706961600 ) ) ;
#6922 = CARTESIAN_POINT ( 'NONE',  ( 0.3917184732908443600, 0.4489999999999999500, 0.03274850183444488100 ) ) ;
#6923 = CARTESIAN_POINT ( 'NONE',  ( 0.3917184732908443600, 0.4500000000000000100, 0.03274850183444488100 ) ) ;
#6924 = CARTESIAN_POINT ( 'NONE',  ( 0.3938662691631575300, 0.4489999999999997300, 0.03300794543432641900 ) ) ;
#6925 = CARTESIAN_POINT ( 'NONE',  ( 0.3938662691631575300, 0.4499999999999997900, 0.03300794543432641900 ) ) ;
#6926 = CARTESIAN_POINT ( 'NONE',  ( 0.3953211816780635200, 0.4489999999999999000, 0.03305103668024515100 ) ) ;
#6927 = CARTESIAN_POINT ( 'NONE',  ( 0.3953211816780635200, 0.4499999999999999600, 0.03305103668024515100 ) ) ;
#6928 = CARTESIAN_POINT ( 'NONE',  ( 0.3960630542796224600, 0.4489999999999998400, 0.03307300928298698200 ) ) ;
#6929 = CARTESIAN_POINT ( 'NONE',  ( 0.3960630542796224600, 0.4499999999999999000, 0.03307300928298698200 ) ) ;
#6930 = CARTESIAN_POINT ( 'NONE',  ( 0.3868082465873147700, 0.4489999999999998400, -0.01596545225547456000 ) ) ;
#6931 = CARTESIAN_POINT ( 'NONE',  ( 0.3868082465873147700, 0.4499999999999999000, -0.01596545225547456000 ) ) ;
#6932 = CARTESIAN_POINT ( 'NONE',  ( 0.3885673973582671200, 0.4489999999999999000, -0.01624584827414868000 ) ) ;
#6933 = CARTESIAN_POINT ( 'NONE',  ( 0.3885673973582671200, 0.4499999999999999600, -0.01624584827414868000 ) ) ;
#6934 = CARTESIAN_POINT ( 'NONE',  ( 0.3919988198375788900, 0.4489999999999997900, -0.01679279241189706200 ) ) ;
#6935 = CARTESIAN_POINT ( 'NONE',  ( 0.3919988198375788900, 0.4499999999999998400, -0.01679279241189706200 ) ) ;
#6936 = CARTESIAN_POINT ( 'NONE',  ( 0.3954721312239900500, 0.4489999999999998400, -0.01688301942470923900 ) ) ;
#6937 = CARTESIAN_POINT ( 'NONE',  ( 0.3954721312239900500, 0.4499999999999999000, -0.01688301942470923900 ) ) ;
#6938 = CARTESIAN_POINT ( 'NONE',  ( 0.3971648171001352400, 0.4489999999999998400, -0.01692699071701301800 ) ) ;
#6939 = CARTESIAN_POINT ( 'NONE',  ( 0.3971648171001352400, 0.4499999999999999000, -0.01692699071701301800 ) ) ;
#6940 = CARTESIAN_POINT ( 'NONE',  ( 0.4268322850488532900, 0.4489999999999998400, 0.01270041312914082900 ) ) ;
#6941 = CARTESIAN_POINT ( 'NONE',  ( 0.4268322850488532900, 0.4499999999999999600, 0.01270041312914082900 ) ) ;
#6942 = CARTESIAN_POINT ( 'NONE',  ( 0.4267916249093043300, 0.4489999999999997900, 0.01409983324190719100 ) ) ;
#6943 = CARTESIAN_POINT ( 'NONE',  ( 0.4267916249093043300, 0.4499999999999999000, 0.01409983324190719100 ) ) ;
#6944 = CARTESIAN_POINT ( 'NONE',  ( 0.4267116153771999300, 0.4489999999999997900, 0.01685356084054002000 ) ) ;
#6945 = CARTESIAN_POINT ( 'NONE',  ( 0.4267116153771999300, 0.4499999999999999000, 0.01685356084054002000 ) ) ;
#6946 = CARTESIAN_POINT ( 'NONE',  ( 0.4259143640623239100, 0.4489999999999999000, 0.02086432388066840300 ) ) ;
#6947 = CARTESIAN_POINT ( 'NONE',  ( 0.4259143640623239100, 0.4500000000000000100, 0.02086432388066840300 ) ) ;
#6948 = CARTESIAN_POINT ( 'NONE',  ( 0.4246755170693143900, 0.4489999999999998400, 0.02468525289589893300 ) ) ;
#6949 = CARTESIAN_POINT ( 'NONE',  ( 0.4246755170693143900, 0.4499999999999999600, 0.02468525289589893300 ) ) ;
#6950 = CARTESIAN_POINT ( 'NONE',  ( 0.4229047305435102400, 0.4489999999999998400, 0.02825534350642408900 ) ) ;
#6951 = CARTESIAN_POINT ( 'NONE',  ( 0.4229047305435102400, 0.4499999999999999600, 0.02825534350642408900 ) ) ;
#6952 = CARTESIAN_POINT ( 'NONE',  ( 0.4207052338868320600, 0.4490000000000000100, 0.03156970263722697100 ) ) ;
#6953 = CARTESIAN_POINT ( 'NONE',  ( 0.4207052338868320600, 0.4500000000000001200, 0.03156970263722697100 ) ) ;
#6954 = CARTESIAN_POINT ( 'NONE',  ( 0.4180230169534666100, 0.4489999999999995700, 0.03450643022070417500 ) ) ;
#6955 = CARTESIAN_POINT ( 'NONE',  ( 0.4180230169534666100, 0.4499999999999996800, 0.03450643022070417500 ) ) ;
#6956 = CARTESIAN_POINT ( 'NONE',  ( 0.4149532030010644700, 0.4490000000000000100, 0.03712557414406063300 ) ) ;
#6957 = CARTESIAN_POINT ( 'NONE',  ( 0.4149532030010644700, 0.4500000000000001200, 0.03712557414406063300 ) ) ;
#6958 = CARTESIAN_POINT ( 'NONE',  ( 0.4114821516244934200, 0.4489999999999999000, 0.03931576326428713700 ) ) ;
#6959 = CARTESIAN_POINT ( 'NONE',  ( 0.4114821516244934200, 0.4500000000000000100, 0.03931576326428713700 ) ) ;
#6960 = CARTESIAN_POINT ( 'NONE',  ( 0.4077466383640260800, 0.4489999999999998400, 0.04110442186464229700 ) ) ;
#6961 = CARTESIAN_POINT ( 'NONE',  ( 0.4077466383640260800, 0.4499999999999999600, 0.04110442186464229700 ) ) ;
#6962 = CARTESIAN_POINT ( 'NONE',  ( 0.4038222955807594400, 0.4489999999999999000, 0.04238914306701022800 ) ) ;
#6963 = CARTESIAN_POINT ( 'NONE',  ( 0.4038222955807594400, 0.4500000000000000100, 0.04238914306701022800 ) ) ;
#6964 = CARTESIAN_POINT ( 'NONE',  ( 0.3997472342567823800, 0.4489999999999996800, 0.04318009933532248500 ) ) ;
#6965 = CARTESIAN_POINT ( 'NONE',  ( 0.3997472342567823800, 0.4499999999999997900, 0.04318009933532248500 ) ) ;
#6966 = CARTESIAN_POINT ( 'NONE',  ( 0.3969813883123664600, 0.4489999999999999000, 0.04327925941153020600 ) ) ;
#6967 = CARTESIAN_POINT ( 'NONE',  ( 0.3969813883123664600, 0.4500000000000000100, 0.04327925941153020600 ) ) ;
#6968 = CARTESIAN_POINT ( 'NONE',  ( 0.3955822850488532300, 0.4489999999999998400, 0.04332941953939724300 ) ) ;
#6969 = CARTESIAN_POINT ( 'NONE',  ( 0.3955822850488532300, 0.4499999999999999600, 0.04332941953939724300 ) ) ;
#6970 = LINE ( 'NONE', #6971, #8353 ) ;
#6971 = CARTESIAN_POINT ( 'NONE',  ( -0.1185002470024288800, 0.4489999999999998400, -0.05923468302470532400 ) ) ;
#6972 = VECTOR ( 'NONE', #1779, 1000.000000000000000 ) ;
#6973 = VECTOR ( 'NONE', #1912, 1000.000000000000000 ) ;
#6974 = VECTOR ( 'NONE', #1824, 1000.000000000000000 ) ;
#6975 = VECTOR ( 'NONE', #1838, 1000.000000000000000 ) ;
#6976 = VECTOR ( 'NONE', #1876, 1000.000000000000000 ) ;
#6977 = VECTOR ( 'NONE', #1855, 1000.000000000000000 ) ;
#6978 = VECTOR ( 'NONE', #1858, 1000.000000000000000 ) ;
#6979 = VECTOR ( 'NONE', #1909, 1000.000000000000000 ) ;
#6980 = VECTOR ( 'NONE', #1800, 1000.000000000000000 ) ;
#6981 = VECTOR ( 'NONE', #1797, 1000.000000000000000 ) ;
#6982 = VECTOR ( 'NONE', #1821, 1000.000000000000000 ) ;
#6983 = VECTOR ( 'NONE', #1933, 1000.000000000000000 ) ;
#6984 = AXIS2_PLACEMENT_3D ( 'NONE', #3196, #3197, #3198 ) ;
#6985 = MECHANICAL_DESIGN_GEOMETRIC_PRESENTATION_REPRESENTATION (  '', ( #6990 ), #3802 ) ;
#6986 = PRESENTATION_LAYER_ASSIGNMENT (  '', '', ( #6990 ) ) ;
#6987 = VECTOR ( 'NONE', #1803, 1000.000000000000000 ) ;
#6988 = VECTOR ( 'NONE', #1841, 1000.000000000000000 ) ;
#6989 = VECTOR ( 'NONE', #1915, 1000.000000000000000 ) ;
#6990 = STYLED_ITEM ( 'NONE', ( #3192 ), #1715 ) ;
#6991 = STYLED_ITEM ( 'NONE', ( #5566 ), #4667 ) ;
#6992 = AXIS2_PLACEMENT_3D ( 'NONE', #5571, #5572, #5573 ) ;
#6993 = PRESENTATION_LAYER_ASSIGNMENT (  '', '', ( #6995 ) ) ;
#6994 = VECTOR ( 'NONE', #1725, 1000.000000000000100 ) ;
#6995 = STYLED_ITEM ( 'NONE', ( #1731 ), #4674 ) ;
#6996 = FACE_OUTER_BOUND ( 'NONE', #1094, .T. ) ;
#6997 = FACE_OUTER_BOUND ( 'NONE', #1071, .T. ) ;
#6998 = VECTOR ( 'NONE', #5484, 1000.000000000000000 ) ;
#6999 = VECTOR ( 'NONE', #1744, 1000.000000000000000 ) ;
#7000 = FACE_OUTER_BOUND ( 'NONE', #1083, .T. ) ;
#7001 = FACE_OUTER_BOUND ( 'NONE', #5895, .T. ) ;
#7002 = VECTOR ( 'NONE', #1719, 1000.000000000000100 ) ;
#7003 = VECTOR ( 'NONE', #1747, 1000.000000000000000 ) ;
#7004 = VECTOR ( 'NONE', #1722, 1000.000000000000000 ) ;
#7005 = VECTOR ( 'NONE', #1740, 1000.000000000000000 ) ;
#7006 = VECTOR ( 'NONE', #1776, 1000.000000000000000 ) ;
#7007 = AXIS2_PLACEMENT_3D ( 'NONE', #1735, #1736, #1737 ) ;
#7008 = MECHANICAL_DESIGN_GEOMETRIC_PRESENTATION_REPRESENTATION (  '', ( #6995 ), #3800 ) ;
#7009 = FACE_OUTER_BOUND ( 'NONE', #5894, .T. ) ;
#7010 = PRESENTATION_LAYER_ASSIGNMENT (  '', '', ( #6991 ) ) ;
#7011 = FACE_OUTER_BOUND ( 'NONE', #5924, .T. ) ;
#7012 = FACE_OUTER_BOUND ( 'NONE', #1077, .T. ) ;
#7013 = MECHANICAL_DESIGN_GEOMETRIC_PRESENTATION_REPRESENTATION (  '', ( #6991 ), #3799 ) ;
#7014 = FACE_OUTER_BOUND ( 'NONE', #5898, .T. ) ;
#7015 = B_SPLINE_CURVE_WITH_KNOTS ( 'NONE', 3,
 ( #1400, #1404, #1405, #1406, #1407, #1408, #1409, #1410, #1411, #1412, #1413, #1414, #1415, #1416, #1417 ),
 .UNSPECIFIED., .F., .F.,
 ( 4, 1, 1, 1, 1, 1, 1, 1, 1, 1, 1, 1, 4 ),
 ( 0.0000000000000000000, 0.07405842627338263300, 0.1488703523168769800, 0.2266676683691787300, 0.3077347594511133400, 0.3911572038059786300, 0.4739293555425522200, 0.5579277515150558000, 0.6449892900513580800, 0.7333640555176163000, 0.8210920421841587700, 0.9092872149973382200, 1.000000000000000000 ),
 .UNSPECIFIED. ) ;
#7016 = B_SPLINE_CURVE_WITH_KNOTS ( 'NONE', 3,
 ( #3763, #3764, #3765, #3766, #3767, #3768, #3769, #3770, #3771, #3772, #3773, #3774, #3775, #3776, #3777, #3778, #3779, #3780, #3781, #3782, #3783, #3784, #3785 ),
 .UNSPECIFIED., .F., .F.,
 ( 4, 1, 1, 1, 1, 1, 1, 1, 1, 1, 1, 1, 1, 1, 1, 1, 1, 1, 1, 1, 4 ),
 ( 0.0000000000000000000, 0.06568119799063879000, 0.1284864641740647300, 0.1881751303280076700, 0.2451061306699862900, 0.2994484245294752900, 0.3508229360093821400, 0.3999416805337775400, 0.4466717436323711700, 0.4912545333734977300, 0.5333763442704360100, 0.5738527549682233000, 0.6125263117194521500, 0.6495971364453287900, 0.6855320415538493900, 0.7201057860681993100, 0.7538376629736495100, 0.8189254160467124300, 0.8804934616501628500, 0.9403113338460555900, 1.000000000000000000 ),
 .UNSPECIFIED. ) ;
#7017 = B_SPLINE_CURVE_WITH_KNOTS ( 'NONE', 3,
 ( #1418, #1428, #1429, #1430, #1431, #1432, #1433, #1434, #1435, #1436, #1437, #1438, #1439, #1440, #1441 ),
 .UNSPECIFIED., .F., .F.,
 ( 4, 1, 1, 1, 1, 1, 1, 1, 1, 1, 1, 1, 4 ),
 ( 0.0000000000000000000, 0.1128134007444595000, 0.2253938839207300600, 0.3395948145627022400, 0.4596754102248643000, 0.5217351900879344500, 0.5839258387389173500, 0.6481741447653702700, 0.7138810381130663600, 0.7810044549073895700, 0.8514509275565553800, 0.9240506926641773900, 1.000000000000000000 ),
 .UNSPECIFIED. ) ;
#7018 = B_SPLINE_CURVE_WITH_KNOTS ( 'NONE', 3,
 ( #1533, #1552, #1553, #1554, #1555, #1556, #1557, #1558, #1559, #1560, #1561, #1562, #1563, #1564, #1565, #1566, #1567, #1568, #1569, #1570, #1571, #1572, #1573 ),
 .UNSPECIFIED., .F., .F.,
 ( 4, 1, 1, 1, 1, 1, 1, 1, 1, 1, 1, 1, 1, 1, 1, 1, 1, 1, 1, 1, 4 ),
 ( 0.0000000000000000000, 0.07295106587586658300, 0.1415836941865452100, 0.2059264601708671900, 0.2653013571846056800, 0.3205972327139283700, 0.3718165030988107600, 0.4187897697094524800, 0.4616987286157652200, 0.5021335821035660700, 0.5408043152926485000, 0.5781805253279667100, 0.6142968652075145900, 0.6496782432647874000, 0.6842994600896378200, 0.7183589527723618400, 0.7520808646475972700, 0.8176524386023854600, 0.8797220764054368700, 0.9399655597309871700, 1.000000000000000000 ),
 .UNSPECIFIED. ) ;
#7019 = B_SPLINE_CURVE_WITH_KNOTS ( 'NONE', 3,
 ( #1506, #1519, #1520, #1521, #1522, #1523, #1524, #1525, #1526, #1527, #1528, #1529, #1530, #1531, #1532 ),
 .UNSPECIFIED., .F., .F.,
 ( 4, 1, 1, 1, 1, 1, 1, 1, 1, 1, 1, 1, 4 ),
 ( 0.0000000000000000000, 0.08433472199262624600, 0.1670523184160750100, 0.2495660772409659100, 0.3327404818018455700, 0.4159148863627277800, 0.4978280095399950600, 0.5803725886080506300, 0.6646001210565030100, 0.7494666931126170400, 0.8325102339401405600, 0.9156392816681741000, 0.9999999999999998900 ),
 .UNSPECIFIED. ) ;
#7020 = B_SPLINE_CURVE_WITH_KNOTS ( 'NONE', 3,
 ( #1487, #1488, #1489, #1490, #1491, #1492, #1493, #1494, #1495, #1496, #1497, #1498, #1499, #1500, #1501, #1502, #1503, #1504, #1505 ),
 .UNSPECIFIED., .F., .F.,
 ( 4, 1, 1, 1, 1, 1, 1, 1, 1, 1, 1, 1, 1, 1, 1, 1, 4 ),
 ( 0.0000000000000000000, 0.06113791491562068500, 0.1199938438512143200, 0.1782253215076173600, 0.2362564202618979700, 0.2949293769549103400, 0.3547157488097533200, 0.4167296639241626600, 0.4806644084708283100, 0.5458317702108652600, 0.6097581054261657100, 0.6729712284742205300, 0.7360168691676619600, 0.7998393981920309800, 0.8647753566655654900, 0.9310876232725690000, 1.000000000000000000 ),
 .UNSPECIFIED. ) ;
#7021 = B_SPLINE_CURVE_WITH_KNOTS ( 'NONE', 3,
 ( #1460, #1461, #1462, #1463, #1464, #1465, #1466, #1467, #1468, #1469, #1470, #1471, #1472, #1473, #1474, #1475, #1476, #1477, #1478, #1479, #1480, #1481, #1482, #1483, #1484, #1485, #1486 ),
 .UNSPECIFIED., .F., .F.,
 ( 4, 1, 1, 1, 1, 1, 1, 1, 1, 1, 1, 1, 1, 1, 1, 1, 1, 1, 1, 1, 1, 1, 1, 1, 4 ),
 ( 0.0000000000000000000, 0.06859462225874235500, 0.1332460424433007700, 0.1943125864682561900, 0.2512792231169659300, 0.3045134392563466600, 0.3542349066533245800, 0.4004805887739886800, 0.4434107549384916900, 0.4840148686163447400, 0.5232523007732022800, 0.5610423727283596600, 0.5979002393643990700, 0.6335184888561948800, 0.6683143511696513200, 0.7024956712863808000, 0.7366853535134574300, 0.7702931693607880700, 0.8034372550192483400, 0.8359129516660289700, 0.8684602457892906000, 0.9008465382431828400, 0.9334665246307066700, 0.9662575752981231700, 1.000000000000000000 ),
 .UNSPECIFIED. ) ;
#7022 = B_SPLINE_CURVE_WITH_KNOTS ( 'NONE', 3,
 ( #1442, #1446, #1447, #1448, #1449, #1450, #1451, #1452, #1453, #1454, #1455, #1456, #1457, #1458, #1459 ),
 .UNSPECIFIED., .F., .F.,
 ( 4, 1, 1, 1, 1, 1, 1, 1, 1, 1, 1, 1, 4 ),
 ( 0.0000000000000000000, 0.07489820792759534200, 0.1485962943439405600, 0.2244712347857282000, 0.3023227423595712400, 0.3819186179896825200, 0.4611486955215892700, 0.5424171227241516600, 0.6267160830665700100, 0.7145968311855374100, 0.8049029203553208500, 0.9001272540718585600, 1.000000000000000000 ),
 .UNSPECIFIED. ) ;
#7023 = B_SPLINE_CURVE_WITH_KNOTS ( 'NONE', 3,
 ( #1627, #1628, #1629, #1630, #1631, #1632, #1633, #1634, #1635, #1636, #1637, #1638, #1639, #1640, #1641, #1642, #1643, #1644, #1645, #1646, #1647, #1648, #1649 ),
 .UNSPECIFIED., .F., .F.,
 ( 4, 1, 1, 1, 1, 1, 1, 1, 1, 1, 1, 1, 1, 1, 1, 1, 1, 1, 1, 1, 4 ),
 ( 0.0000000000000000000, 0.06038661931106113800, 0.1208832485859955700, 0.1827546186251383100, 0.2478110297583505400, 0.2812991000432478700, 0.3150876241506563900, 0.3497023955502747100, 0.3848565811185547000, 0.4209661972261022900, 0.4585111882611382900, 0.4971747221273121700, 0.5376020478662691900, 0.5805030184200110600, 0.6274675400267042400, 0.6783882095592432800, 0.7339832205925603800, 0.7937467045508348500, 0.8577136721607320200, 0.9266978643613861300, 1.000000000000000000 ),
 .UNSPECIFIED. ) ;
#7024 = B_SPLINE_CURVE_WITH_KNOTS ( 'NONE', 3,
 ( #1577, #1584, #1585, #1586, #1587 ),
 .UNSPECIFIED., .F., .F.,
 ( 4, 1, 4 ),
 ( 0.0000000000000000000, 0.5126593363417822900, 1.000000000000000000 ),
 .UNSPECIFIED. ) ;
#7025 = B_SPLINE_CURVE_WITH_KNOTS ( 'NONE', 3,
 ( #3230, #3234, #3235, #3236, #3237, #3238, #3239, #3240, #3241, #3242, #3243, #3244, #3245, #3246, #3247, #3248, #3249, #3250, #3251, #3252, #3253, #3254, #3255, #3256, #3257, #3258, #3259 ),
 .UNSPECIFIED., .F., .F.,
 ( 4, 1, 1, 1, 1, 1, 1, 1, 1, 1, 1, 1, 1, 1, 1, 1, 1, 1, 1, 1, 1, 1, 1, 1, 4 ),
 ( 0.0000000000000000000, 0.06506328961727918200, 0.1267731664665229000, 0.1855157632260790700, 0.2407646791677149600, 0.2929797960235977500, 0.3422503727797671100, 0.3889192861856600200, 0.4327756640583101400, 0.4746284326311174300, 0.5147746906379534500, 0.5536058934984422500, 0.5914264064311723900, 0.6280281199460666700, 0.6638036341103206200, 0.6989843361316641100, 0.7335914893067050400, 0.7676284691511391400, 0.8012083477865921100, 0.8342638397266226600, 0.8669806947287757000, 0.8997197415181597000, 0.9327019124985370700, 0.9661758834327492900, 1.000000000000000000 ),
 .UNSPECIFIED. ) ;
#7026 = B_SPLINE_CURVE_WITH_KNOTS ( 'NONE', 3,
 ( #1672, #1679, #1680, #1681, #1682, #1683, #1684, #1685, #1686, #1687, #1688, #1689, #1690, #1691, #3202, #3203, #3204, #3205, #3206, #3207, #3208, #3209, #3210, #3211, #3212, #3213, #3214 ),
 .UNSPECIFIED., .F., .F.,
 ( 4, 1, 1, 1, 1, 1, 1, 1, 1, 1, 1, 1, 1, 1, 1, 1, 1, 1, 1, 1, 1, 1, 1, 1, 4 ),
 ( 0.0000000000000000000, 0.06859462225874241000, 0.1332460424433008800, 0.1943125864682562200, 0.2512792231169662100, 0.3045134392563467700, 0.3542349066533250800, 0.4004805887739887900, 0.4434107549384918000, 0.4840148686163448500, 0.5232523007732031700, 0.5610423727283605500, 0.5979002393643999500, 0.6335184888561958800, 0.6683143511696512100, 0.7024956712863819100, 0.7366853535134585400, 0.7702931693607892900, 0.8034372550192495600, 0.8359129516660287500, 0.8684602457892904900, 0.9008465382431826200, 0.9334665246307080100, 0.9662575752981230600, 0.9999999999999998900 ),
 .UNSPECIFIED. ) ;
#7027 = B_SPLINE_CURVE_WITH_KNOTS ( 'NONE', 3,
 ( #1650, #1651, #1652, #1653, #1654, #1655, #1656, #1657, #1658, #1659, #1660, #1661, #1662, #1663, #1664, #1665, #1666, #1667, #1668 ),
 .UNSPECIFIED., .F., .F.,
 ( 4, 1, 1, 1, 1, 1, 1, 1, 1, 1, 1, 1, 1, 1, 1, 1, 4 ),
 ( 0.0000000000000000000, 0.07059928943359122800, 0.1379009210036193400, 0.2031961978097305300, 0.2667897246502605700, 0.3291063872214230500, 0.3906535452348599600, 0.4526530569344814900, 0.5157480403003724700, 0.5779263408004526900, 0.6389300116184460900, 0.6983507176418217700, 0.7572960374442715400, 0.8163937673501525700, 0.8762669096141290100, 0.9368171089060844900, 1.000000000000000000 ),
 .UNSPECIFIED. ) ;
#7028 = B_SPLINE_CURVE_WITH_KNOTS ( 'NONE', 3,
 ( #3215, #3216, #3217, #3218, #3219, #3220, #3221, #3222, #3223, #3224, #3225, #3226, #3227, #3228, #3229 ),
 .UNSPECIFIED., .F., .F.,
 ( 4, 1, 1, 1, 1, 1, 1, 1, 1, 1, 1, 1, 4 ),
 ( 0.0000000000000000000, 0.09781818961471436300, 0.1997260534018264800, 0.3052763574779414100, 0.4158114905382920300, 0.4744722311435609100, 0.5372738797760973100, 0.6036574205596564300, 0.6742988630901252100, 0.7498344853162298700, 0.8285984767571021900, 0.9123777781577819800, 1.000000000000000000 ),
 .UNSPECIFIED. ) ;
#7029 = B_SPLINE_CURVE_WITH_KNOTS ( 'NONE', 3,
 ( #3366, #3370, #3371, #3372, #3373, #3374, #3375, #3376, #3377, #3378, #3379, #3380, #3381, #3382, #3383, #3384, #3385, #3386, #3387 ),
 .UNSPECIFIED., .F., .F.,
 ( 4, 1, 1, 1, 1, 1, 1, 1, 1, 1, 1, 1, 1, 1, 1, 1, 4 ),
 ( 0.0000000000000000000, 0.05720826943350786100, 0.1136960596574902600, 0.1691779164171948500, 0.2241592165805417800, 0.2787198783810434500, 0.3337942174469880600, 0.3892414593400018200, 0.4458220733936211200, 0.5037042811090197700, 0.5642938918193638500, 0.6279754158952234300, 0.6950382596840509700, 0.7653727258510129000, 0.8396114430907355400, 0.9175377500777889300, 0.9999999999999998900 ),
 .UNSPECIFIED. ) ;
#7030 = B_SPLINE_CURVE_WITH_KNOTS ( 'NONE', 3,
 ( #3311, #3318, #3319, #3320, #3321, #3322, #3323, #3324, #3325, #3326, #3327, #3328, #3329, #3330, #3331, #3332, #3333, #3334, #3335, #3336, #3337, #3338, #3339, #3340, #3341, #3342, #3343 ),
 .UNSPECIFIED., .F., .F.,
 ( 4, 1, 1, 1, 1, 1, 1, 1, 1, 1, 1, 1, 1, 1, 1, 1, 1, 1, 1, 1, 1, 1, 1, 1, 4 ),
 ( 0.0000000000000000000, 0.03378714634699098200, 0.06662165772429337600, 0.09928487809597198700, 0.1313611650426503600, 0.1635851875953421900, 0.1961039269870678300, 0.2289022543238162800, 0.2621580559050067400, 0.2959912222583152600, 0.3302178457247991200, 0.3650598258919537400, 0.4009507373401067200, 0.4376203820767373700, 0.4757075294370918800, 0.5153806916250481800, 0.5564135414931640200, 0.5997648298727305000, 0.6464241555840869500, 0.6964314445175663300, 0.7497815178015573300, 0.8065733069755322000, 0.8674355315653993200, 0.9318867532508740000, 1.000000000000000000 ),
 .UNSPECIFIED. ) ;
#7031 = B_SPLINE_CURVE_WITH_KNOTS ( 'NONE', 3,
 ( #3281, #3285, #3286, #3287, #3288, #3289, #3290, #3291, #3292, #3293, #3294, #3295, #3296, #3297, #3298, #3299, #3300, #3301, #3302, #3303, #3304, #3305, #3306, #3307, #3308, #3309, #3310 ),
 .UNSPECIFIED., .F., .F.,
 ( 4, 1, 1, 1, 1, 1, 1, 1, 1, 1, 1, 1, 1, 1, 1, 1, 1, 1, 1, 1, 1, 1, 1, 1, 4 ),
 ( 0.0000000000000000000, 0.06859462225874235500, 0.1332460424433007700, 0.1943125864682561900, 0.2512792231169659300, 0.3045134392563466600, 0.3542349066533245800, 0.4004805887739886800, 0.4434107549384916900, 0.4840148686163447400, 0.5232523007732022800, 0.5610423727283596600, 0.5979002393643990700, 0.6335184888561948800, 0.6683143511696513200, 0.7024956712863808000, 0.7366853535134574300, 0.7702931693607880700, 0.8034372550192483400, 0.8359129516660289700, 0.8684602457892906000, 0.9008465382431828400, 0.9334665246307066700, 0.9662575752981231700, 1.000000000000000000 ),
 .UNSPECIFIED. ) ;
#7032 = B_SPLINE_CURVE_WITH_KNOTS ( 'NONE', 3,
 ( #3388, #3395, #3396, #3397, #3398, #3399, #3400, #3401, #3402, #3403, #3404, #3405, #3406, #3407, #3408 ),
 .UNSPECIFIED., .F., .F.,
 ( 4, 1, 1, 1, 1, 1, 1, 1, 1, 1, 1, 1, 4 ),
 ( 0.0000000000000000000, 0.1128134007444595000, 0.2253938839207300600, 0.3395948145627022400, 0.4596754102248643000, 0.5217351900879344500, 0.5839258387389173500, 0.6481741447653702700, 0.7138810381130663600, 0.7810044549073895700, 0.8514509275565553800, 0.9240506926641773900, 1.000000000000000000 ),
 .UNSPECIFIED. ) ;
#7033 = B_SPLINE_CURVE_WITH_KNOTS ( 'NONE', 3,
 ( #3347, #3348, #3349, #3350, #3351, #3352, #3353, #3354, #3355, #3356, #3357, #3358, #3359, #3360, #3361, #3362, #3363, #3364, #3365 ),
 .UNSPECIFIED., .F., .F.,
 ( 4, 1, 1, 1, 1, 1, 1, 1, 1, 1, 1, 1, 1, 1, 1, 1, 4 ),
 ( 0.0000000000000000000, 0.05885358602866782400, 0.1163154589633509700, 0.1726748434114558100, 0.2287803868808988600, 0.2845803591252739100, 0.3402565063845448500, 0.3966298050124557600, 0.4535072628751918900, 0.5123181897799952100, 0.5726484440568294600, 0.6360219358217998900, 0.7023629463891915000, 0.7714830560569281300, 0.8441844774898995500, 0.9200697939721536000, 1.000000000000000000 ),
 .UNSPECIFIED. ) ;
#7034 = B_SPLINE_CURVE_WITH_KNOTS ( 'NONE', 3,
 ( #3409, #3410, #3411, #3412, #3413, #3414, #3415, #3416, #3417, #3418, #3419, #3420, #3421, #3422, #3423, #3424, #3425, #3426, #3427 ),
 .UNSPECIFIED., .F., .F.,
 ( 4, 1, 1, 1, 1, 1, 1, 1, 1, 1, 1, 1, 1, 1, 1, 1, 4 ),
 ( 0.0000000000000000000, 0.07524330859112955700, 0.1472088117202520800, 0.2164470898547697600, 0.2840250416193528200, 0.3506554491966478700, 0.4150313178410272600, 0.4796298309645113900, 0.5446516341371356900, 0.6080442396977436800, 0.6678275650288173500, 0.7251142466493378800, 0.7809917079106402100, 0.8355270040618585400, 0.8894381545415829300, 0.9440720891799445600, 0.9999999999999998900 ),
 .UNSPECIFIED. ) ;
#7035 = B_SPLINE_CURVE_WITH_KNOTS ( 'NONE', 3,
 ( #1275, #1276, #1277, #1278, #1279, #1280, #1281, #1282, #1283, #1284, #1285, #1286, #1287, #1288, #1289, #1290, #1291, #1292, #1293, #1294, #1295, #1296, #1297 ),
 .UNSPECIFIED., .F., .F.,
 ( 4, 1, 1, 1, 1, 1, 1, 1, 1, 1, 1, 1, 1, 1, 1, 1, 1, 1, 1, 1, 4 ),
 ( 0.0000000000000000000, 0.06568119799063883200, 0.1284864641740648100, 0.1881751303280078100, 0.2451061306699864300, 0.2994484245294754500, 0.3508229360093823600, 0.3999416805337777700, 0.4466717436323720500, 0.4912545333734980000, 0.5333763442704362300, 0.5738527549682235200, 0.6125263117194523800, 0.6495971364453290200, 0.6855320415538496100, 0.7201057860682009700, 0.7538376629736496200, 0.8189254160467140900, 0.8804934616501646200, 0.9403113338460573600, 1.000000000000000000 ),
 .UNSPECIFIED. ) ;
#7036 = B_SPLINE_CURVE_WITH_KNOTS ( 'NONE', 3,
 ( #2374, #2375, #2376, #2377, #2378, #2379, #2380, #2381, #2382, #2383, #2384, #2385, #2386, #2387, #2388, #2389, #2390, #2391, #2392, #2393, #2394, #2395, #2396, #2397, #2398, #2399, #2400 ),
 .UNSPECIFIED., .F., .F.,
 ( 4, 1, 1, 1, 1, 1, 1, 1, 1, 1, 1, 1, 1, 1, 1, 1, 1, 1, 1, 1, 1, 1, 1, 1, 4 ),
 ( 0.0000000000000000000, 0.03378811616271067100, 0.06719393237388124300, 0.09986241085682554000, 0.1325666121262584800, 0.1651511732547865900, 0.1979131873557925200, 0.2313190035669616100, 0.2650832782673736600, 0.2992553087581155100, 0.3343985665049784000, 0.3699428235093080700, 0.4062835607000612200, 0.4440638196985088900, 0.4829977068727754900, 0.5233544466133046600, 0.5655365896041494300, 0.6096129240658197900, 0.6563908113764171900, 0.7058854949364575800, 0.7583245002617313700, 0.8138317829411501100, 0.8727945590393900700, 0.9347222295400741100, 1.000000000000000000 ),
 .UNSPECIFIED. ) ;
#7037 = B_SPLINE_CURVE_WITH_KNOTS ( 'NONE', 3,
 ( #3473, #3483, #3484, #3485, #3486, #3487, #3488, #3489, #3490, #3491, #3492, #3493, #6016, #6017, #6018 ),
 .UNSPECIFIED., .F., .F.,
 ( 4, 1, 1, 1, 1, 1, 1, 1, 1, 1, 1, 1, 4 ),
 ( 0.0000000000000000000, 0.08433472199262624600, 0.1670523184160750100, 0.2495660772409659100, 0.3327404818018455700, 0.4159148863627277800, 0.4978280095399950600, 0.5803725886080506300, 0.6646001210565030100, 0.7494666931126170400, 0.8325102339401405600, 0.9156392816681741000, 0.9999999999999998900 ),
 .UNSPECIFIED. ) ;
#7038 = B_SPLINE_CURVE_WITH_KNOTS ( 'NONE', 3,
 ( #3440, #3441, #3442, #3443, #3444, #3445, #3446, #3447, #3448, #3449, #3450, #3451, #3452, #3453, #3454, #3455, #3456, #3457, #3458, #3459, #3460, #3461, #3462, #3463, #3464, #3465, #3466 ),
 .UNSPECIFIED., .F., .F.,
 ( 4, 1, 1, 1, 1, 1, 1, 1, 1, 1, 1, 1, 1, 1, 1, 1, 1, 1, 1, 1, 1, 1, 1, 1, 4 ),
 ( 0.0000000000000000000, 0.03378811616271067100, 0.06719393237388124300, 0.09986241085682554000, 0.1325666121262584800, 0.1651511732547865900, 0.1979131873557925200, 0.2313190035669616100, 0.2650832782673736600, 0.2992553087581155100, 0.3343985665049784000, 0.3699428235093080700, 0.4062835607000612200, 0.4440638196985088900, 0.4829977068727754900, 0.5233544466133046600, 0.5655365896041494300, 0.6096129240658197900, 0.6563908113764171900, 0.7058854949364575800, 0.7583245002617313700, 0.8138317829411501100, 0.8727945590393900700, 0.9347222295400741100, 1.000000000000000000 ),
 .UNSPECIFIED. ) ;
#7039 = B_SPLINE_CURVE_WITH_KNOTS ( 'NONE', 3,
 ( #3727, #3737, #3738, #3739, #3740, #3741, #3742, #3743, #3744, #3745, #3746, #3747, #3748, #3749, #3750, #3751, #3752, #3753, #3754, #3755, #3756, #3757, #3758, #3759, #3760, #3761, #3762 ),
 .UNSPECIFIED., .F., .F.,
 ( 4, 1, 1, 1, 1, 1, 1, 1, 1, 1, 1, 1, 1, 1, 1, 1, 1, 1, 1, 1, 1, 1, 1, 1, 4 ),
 ( 0.0000000000000000000, 0.03378811616270917300, 0.06719393237387978600, 0.09986241085682411000, 0.1325666121262585900, 0.1651511732547852900, 0.1979131873557912800, 0.2313190035669617800, 0.2650832782673726000, 0.2992553087581145100, 0.3343985665049785100, 0.3699428235093072400, 0.4062835607000603900, 0.4440638196985081100, 0.4829977068727754900, 0.5233544466133039900, 0.5655365896041487600, 0.6096129240658192400, 0.6563908113764167500, 0.7058854949364571400, 0.7583245002617309300, 0.8138317829411499900, 0.8727945590393898500, 0.9347222295400741100, 1.000000000000000000 ),
 .UNSPECIFIED. ) ;
#7040 = B_SPLINE_CURVE_WITH_KNOTS ( 'NONE', 3,
 ( #1594, #1601, #1602, #1603, #1604, #1605, #1606, #1607, #1608, #1609, #1610, #1611, #1612, #1613, #1614, #1615, #1616, #1617, #1618, #1619, #1620, #1621, #1622, #1623, #1624, #1625, #1626 ),
 .UNSPECIFIED., .F., .F.,
 ( 4, 1, 1, 1, 1, 1, 1, 1, 1, 1, 1, 1, 1, 1, 1, 1, 1, 1, 1, 1, 1, 1, 1, 1, 4 ),
 ( 0.0000000000000000000, 0.06506328961727923800, 0.1267731664665230100, 0.1855157632260792700, 0.2407646791677151800, 0.2929797960235983600, 0.3422503727797677800, 0.3889192861856606800, 0.4327756640583108600, 0.4746284326311182000, 0.5147746906379535600, 0.5536058934984432500, 0.5914264064311733900, 0.6280281199460676600, 0.6638036341103207300, 0.6989843361316641100, 0.7335914893067063700, 0.7676284691511404700, 0.8012083477865922200, 0.8342638397266241000, 0.8669806947287771500, 0.8997197415181611400, 0.9327019124985385100, 0.9661758834327508500, 1.000000000000000000 ),
 .UNSPECIFIED. ) ;
#7041 = B_SPLINE_CURVE_WITH_KNOTS ( 'NONE', 3,
 ( #6019, #6020, #6021, #6022, #6023, #6024, #6025, #6026, #6027, #6028, #6029, #6030, #6031, #6032, #6033, #6034, #6035, #6036, #6037 ),
 .UNSPECIFIED., .F., .F.,
 ( 4, 1, 1, 1, 1, 1, 1, 1, 1, 1, 1, 1, 1, 1, 1, 1, 4 ),
 ( 0.0000000000000000000, 0.06523080374203103800, 0.1284048960032242700, 0.1900670715964777900, 0.2509433657682808000, 0.3115458328521434900, 0.3728628021568300400, 0.4350236738562380200, 0.4990717247070442000, 0.5630910750496633800, 0.6255101063303749600, 0.6866800359296494300, 0.7472825030135129600, 0.8085634952159589400, 0.8707421035159855800, 0.9343409515059124500, 1.000000000000000000 ),
 .UNSPECIFIED. ) ;
#7042 = EDGE_LOOP ( 'NONE', ( #3537, #3539, #3540, #3542 ) ) ;
#7043 = EDGE_LOOP ( 'NONE', ( #3514, #3515, #3516, #3513, #3517 ) ) ;
#7044 = EDGE_LOOP ( 'NONE', ( #4850, #4821, #4870, #4804 ) ) ;
#7045 = ORIENTED_EDGE ( 'NONE', *, *, #573, .T. ) ;
#7046 = ORIENTED_EDGE ( 'NONE', *, *, #688, .F. ) ;
#7047 = EDGE_LOOP ( 'NONE', ( #3614, #3616, #3615, #3617, #3618 ) ) ;
#7048 = ORIENTED_EDGE ( 'NONE', *, *, #731, .T. ) ;
#7049 = ORIENTED_EDGE ( 'NONE', *, *, #732, .T. ) ;
#7050 = VERTEX_POINT ( 'NONE', #3058 ) ;
#7051 = EDGE_LOOP ( 'NONE', ( #5937, #5036, #5009, #5021 ) ) ;
#7052 = EDGE_LOOP ( 'NONE', ( #4874, #4887, #4862 ) ) ;
#7053 = EDGE_LOOP ( 'NONE', ( #8962, #8964, #8965, #8967 ) ) ;
#7054 = EDGE_LOOP ( 'NONE', ( #4936, #4934, #4935, #4933 ) ) ;
#7055 = EDGE_LOOP ( 'NONE', ( #3644, #3645, #3646, #3643, #3647 ) ) ;
#7056 = EDGE_LOOP ( 'NONE', ( #8970, #8972, #8973, #8975 ) ) ;
#7057 = ORIENTED_EDGE ( 'NONE', *, *, #573, .F. ) ;
#7058 = EDGE_LOOP ( 'NONE', ( #4781, #8890, #8908, #8892 ) ) ;
#7059 = ORIENTED_EDGE ( 'NONE', *, *, #725, .F. ) ;
#7060 = VERTEX_POINT ( 'NONE', #3059 ) ;
#7061 = VERTEX_POINT ( 'NONE', #3060 ) ;
#7062 = VERTEX_POINT ( 'NONE', #3061 ) ;
#7063 = VERTEX_POINT ( 'NONE', #3062 ) ;
#7064 = VERTEX_POINT ( 'NONE', #3063 ) ;
#7065 = VERTEX_POINT ( 'NONE', #3064 ) ;
#7066 = VERTEX_POINT ( 'NONE', #3065 ) ;
#7067 = VERTEX_POINT ( 'NONE', #3066 ) ;
#7068 = ORIENTED_EDGE ( 'NONE', *, *, #4433, .T. ) ;
#7069 = ORIENTED_EDGE ( 'NONE', *, *, #4699, .T. ) ;
#7070 = VERTEX_POINT ( 'NONE', #3067 ) ;
#7071 = VERTEX_POINT ( 'NONE', #3068 ) ;
#7072 = VERTEX_POINT ( 'NONE', #3069 ) ;
#7073 = VERTEX_POINT ( 'NONE', #3070 ) ;
#7074 = EDGE_LOOP ( 'NONE', ( #3711, #3713, #3714, #3719 ) ) ;
#7075 = EDGE_LOOP ( 'NONE', ( #8979, #8981, #8980, #8982, #8983 ) ) ;
#7076 = EDGE_LOOP ( 'NONE', ( #8931, #8932, #8933, #8929, #8934, #8935, #8936, #8937, #8938, #8939, #8940, #8941, #8942 ) ) ;
#7077 = EDGE_LOOP ( 'NONE', ( #3640, #3642, #3638, #3641 ) ) ;
#7078 = EDGE_LOOP ( 'NONE', ( #3663, #3665, #3666, #3668 ) ) ;
#7079 = EDGE_LOOP ( 'NONE', ( #3602, #3603, #3604, #3606 ) ) ;
#7080 = EDGE_LOOP ( 'NONE', ( #3589, #3591, #3592, #3594 ) ) ;
#7081 = EDGE_LOOP ( 'NONE', ( #4879, #4868, #4782, #4880 ) ) ;
#7082 = EDGE_LOOP ( 'NONE', ( #8798, #8802, #8809, #8801 ) ) ;
#7083 = EDGE_LOOP ( 'NONE', ( #4833, #4834, #4770, #4780, #4815, #4818, #4819, #4822, #4827 ) ) ;
#7084 = EDGE_LOOP ( 'NONE', ( #4931, #4843, #4884, #4927 ) ) ;
#7085 = EDGE_LOOP ( 'NONE', ( #3541, #3543, #3544, #3546 ) ) ;
#7086 = EDGE_LOOP ( 'NONE', ( #3631, #3633, #3632, #3634 ) ) ;
#7087 = EDGE_LOOP ( 'NONE', ( #4856, #4859, #4861, #4758 ) ) ;
#7088 = EDGE_LOOP ( 'NONE', ( #4911, #4866, #4885, #4764 ) ) ;
#7089 = EDGE_LOOP ( 'NONE', ( #8921, #8912, #8902, #8896 ) ) ;
#7090 = EDGE_LOOP ( 'NONE', ( #4817, #4754, #4929, #4848 ) ) ;
#7091 = EDGE_LOOP ( 'NONE', ( #8856, #8846, #8822, #8835, #8852, #8839, #8854, #8851, #8828, #8837, #8850, #8840, #8824, #8838, #8830, #8855, #8847 ) ) ;
#7092 = EDGE_LOOP ( 'NONE', ( #4847, #4787, #4845, #4756, #4757, #4749, #4793, #4939 ) ) ;
#7093 = EDGE_LOOP ( 'NONE', ( #8772, #8859, #4875, #8925 ) ) ;
#7094 = EDGE_LOOP ( 'NONE', ( #8954, #8956, #8957, #8959 ) ) ;
#7095 = EDGE_LOOP ( 'NONE', ( #3649, #3650, #3648, #3651 ) ) ;
#7096 = ORIENTED_EDGE ( 'NONE', *, *, #732, .F. ) ;
#7097 = VERTEX_POINT ( 'NONE', #3071 ) ;
#7098 = EDGE_LOOP ( 'NONE', ( #4863, #4938, #4940, #4937 ) ) ;
#7099 = EDGE_LOOP ( 'NONE', ( #3652, #3653, #3654, #3656 ) ) ;
#7100 = EDGE_LOOP ( 'NONE', ( #3716, #8858, #8857, #8862 ) ) ;
#7101 = ORIENTED_EDGE ( 'NONE', *, *, #669, .F. ) ;
#7102 = ORIENTED_EDGE ( 'NONE', *, *, #633, .F. ) ;
#7103 = ORIENTED_EDGE ( 'NONE', *, *, #589, .F. ) ;
#7104 = ORIENTED_EDGE ( 'NONE', *, *, #4707, .T. ) ;
#7105 = ORIENTED_EDGE ( 'NONE', *, *, #593, .F. ) ;
#7106 = EDGE_LOOP ( 'NONE', ( #8788, #8791, #8790, #8794 ) ) ;
#7107 = ORIENTED_EDGE ( 'NONE', *, *, #647, .F. ) ;
#7108 = EDGE_LOOP ( 'NONE', ( #5912, #5914, #5926, #5911 ) ) ;
#7109 = EDGE_LOOP ( 'NONE', ( #4783, #4846, #4796, #4807, #4810, #4824, #4900, #4895, #4829, #4831, #4832, #4800, #4801, #4803, #4805, #4924, #4932 ) ) ;
#7110 = EDGE_LOOP ( 'NONE', ( #4886, #4849, #4922, #4825 ) ) ;
#7111 = EDGE_LOOP ( 'NONE', ( #4830, #4784, #4865, #4842 ) ) ;
#7112 = ORIENTED_EDGE ( 'NONE', *, *, #589, .T. ) ;
#7113 = EDGE_LOOP ( 'NONE', ( #4908, #4769, #4836 ) ) ;
#7114 = ORIENTED_EDGE ( 'NONE', *, *, #671, .T. ) ;
#7115 = EDGE_LOOP ( 'NONE', ( #8793, #8796, #8797, #8799 ) ) ;
#7116 = EDGE_LOOP ( 'NONE', ( #3635, #3637, #3636, #3639 ) ) ;
#7117 = EDGE_LOOP ( 'NONE', ( #3557, #3559, #3560, #3562 ) ) ;
#7118 = ORIENTED_EDGE ( 'NONE', *, *, #678, .F. ) ;
#7119 = EDGE_LOOP ( 'NONE', ( #4809, #4814, #4765 ) ) ;
#7120 = EDGE_LOOP ( 'NONE', ( #3561, #3563, #3564, #3566 ) ) ;
#7121 = ORIENTED_EDGE ( 'NONE', *, *, #605, .T. ) ;
#7122 = EDGE_LOOP ( 'NONE', ( #3579, #3580, #3578, #3581 ) ) ;
#7123 = ORIENTED_EDGE ( 'NONE', *, *, #652, .F. ) ;
#7124 = ORIENTED_EDGE ( 'NONE', *, *, #688, .T. ) ;
#7125 = ORIENTED_EDGE ( 'NONE', *, *, #595, .F. ) ;
#7126 = ORIENTED_EDGE ( 'NONE', *, *, #699, .T. ) ;
#7127 = EDGE_LOOP ( 'NONE', ( #4888, #4869, #4867, #4855 ) ) ;
#7128 = EDGE_LOOP ( 'NONE', ( #8947, #8948, #8949, #8951 ) ) ;
#7129 = EDGE_LOOP ( 'NONE', ( #8905, #8913, #8919 ) ) ;
#7130 = ORIENTED_EDGE ( 'NONE', *, *, #4493, .T. ) ;
#7131 = EDGE_LOOP ( 'NONE', ( #8816, #8814, #8811, #8773 ) ) ;
#7132 = EDGE_LOOP ( 'NONE', ( #4791, #4767, #4820, #4802 ) ) ;
#7133 = ORIENTED_EDGE ( 'NONE', *, *, #655, .F. ) ;
#7134 = EDGE_LOOP ( 'NONE', ( #8993, #3495, #3494, #3496 ) ) ;
#7135 = EDGE_LOOP ( 'NONE', ( #3623, #3625, #3624, #3626 ) ) ;
#7136 = EDGE_LOOP ( 'NONE', ( #3533, #3535, #3536, #3538 ) ) ;
#7137 = ORIENTED_EDGE ( 'NONE', *, *, #586, .T. ) ;
#7138 = EDGE_LOOP ( 'NONE', ( #8944, #8945, #8943, #8946 ) ) ;
#7139 = EDGE_LOOP ( 'NONE', ( #8815, #8810, #8817 ) ) ;
#7140 = EDGE_LOOP ( 'NONE', ( #3505, #3507, #3506, #3509 ) ) ;
#7141 = ORIENTED_EDGE ( 'NONE', *, *, #671, .F. ) ;
#7142 = ORIENTED_EDGE ( 'NONE', *, *, #604, .T. ) ;
#7143 = ORIENTED_EDGE ( 'NONE', *, *, #664, .F. ) ;
#7144 = EDGE_LOOP ( 'NONE', ( #8899, #8909, #8897 ) ) ;
#7145 = ORIENTED_EDGE ( 'NONE', *, *, #4624, .T. ) ;
#7146 = EDGE_LOOP ( 'NONE', ( #4812, #4799, #4798, #4792 ) ) ;
#7147 = EDGE_LOOP ( 'NONE', ( #4823, #4748, #4766, #4753 ) ) ;
#7148 = ORIENTED_EDGE ( 'NONE', *, *, #591, .F. ) ;
#7149 = EDGE_LOOP ( 'NONE', ( #4943, #4772, #4858, #4877 ) ) ;
#7150 = ORIENTED_EDGE ( 'NONE', *, *, #581, .T. ) ;
#7151 = EDGE_LOOP ( 'NONE', ( #8891, #8918, #8894, #8882 ) ) ;
#7152 = EDGE_LOOP ( 'NONE', ( #4915, #4914, #4916, #4905 ) ) ;
#7153 = EDGE_LOOP ( 'NONE', ( #8813, #8792, #8807, #8812 ) ) ;
#7154 = EDGE_LOOP ( 'NONE', ( #8958, #8960, #8961, #8963 ) ) ;
#7155 = ORIENTED_EDGE ( 'NONE', *, *, #579, .F. ) ;
#7156 = ORIENTED_EDGE ( 'NONE', *, *, #581, .F. ) ;
#7157 = ORIENTED_EDGE ( 'NONE', *, *, #747, .F. ) ;
#7158 = ORIENTED_EDGE ( 'NONE', *, *, #4579, .T. ) ;
#7159 = EDGE_LOOP ( 'NONE', ( #8887, #8888, #8889, #8904 ) ) ;
#7160 = EDGE_LOOP ( 'NONE', ( #8821, #8818, #8775, #8800 ) ) ;
#7161 = EDGE_LOOP ( 'NONE', ( #4774, #4828, #4775, #4790 ) ) ;
#7162 = ORIENTED_EDGE ( 'NONE', *, *, #714, .F. ) ;
#7163 = EDGE_LOOP ( 'NONE', ( #8774, #8778, #8779, #8781 ) ) ;
#7164 = ORIENTED_EDGE ( 'NONE', *, *, #632, .F. ) ;
#7165 = ORIENTED_EDGE ( 'NONE', *, *, #572, .F. ) ;
#7166 = EDGE_LOOP ( 'NONE', ( #5041, #5018, #5942, #5928 ) ) ;
#7167 = EDGE_LOOP ( 'NONE', ( #4811, #4755, #4864, #4786 ) ) ;
#7168 = EDGE_LOOP ( 'NONE', ( #4762, #4852, #4840, #4871 ) ) ;
#7169 = EDGE_LOOP ( 'NONE', ( #8845, #8844, #8849, #8843 ) ) ;
#7170 = EDGE_LOOP ( 'NONE', ( #5905, #5940, #5909, #3712 ) ) ;
#7171 = EDGE_LOOP ( 'NONE', ( #4941, #4813, #4808, #4776 ) ) ;
#7172 = EDGE_LOOP ( 'NONE', ( #3659, #3661, #3662, #3664 ) ) ;
#7173 = EDGE_LOOP ( 'NONE', ( #3655, #3657, #3658, #3660 ) ) ;
#7174 = EDGE_LOOP ( 'NONE', ( #8780, #8784, #8785, #8782 ) ) ;
#7175 = ORIENTED_EDGE ( 'NONE', *, *, #728, .F. ) ;
#7176 = EDGE_LOOP ( 'NONE', ( #8884, #8875, #8881, #8871 ) ) ;
#7177 = EDGE_LOOP ( 'NONE', ( #3510, #3512, #3508, #3511 ) ) ;
#7178 = EDGE_LOOP ( 'NONE', ( #4881, #4872, #4910, #4909 ) ) ;
#7179 = EDGE_LOOP ( 'NONE', ( #5910, #5938, #5929, #5925 ) ) ;
#7180 = EDGE_LOOP ( 'NONE', ( #5915, #8829, #8853, #8833 ) ) ;
#7181 = EDGE_LOOP ( 'NONE', ( #8842, #8831, #8841, #8827 ) ) ;
#7182 = EDGE_LOOP ( 'NONE', ( #8820, #5019, #5919, #5908 ) ) ;
#7183 = EDGE_LOOP ( 'NONE', ( #4894, #4890, #4882, #4873 ) ) ;
#7184 = EDGE_LOOP ( 'NONE', ( #8880, #8903, #8886, #8911 ) ) ;
#7185 = EDGE_LOOP ( 'NONE', ( #8825, #8832, #8826, #8823 ) ) ;
#7186 = EDGE_LOOP ( 'NONE', ( #1063, #1056, #1074, #1091 ) ) ;
#7187 = EDGE_LOOP ( 'NONE', ( #3525, #3527, #3528, #3530 ) ) ;
#7188 = EDGE_LOOP ( 'NONE', ( #4883, #4878, #4876 ) ) ;
#7189 = EDGE_LOOP ( 'NONE', ( #8910, #8893, #8883 ) ) ;
#7190 = ORIENTED_EDGE ( 'NONE', *, *, #632, .T. ) ;
#7191 = EDGE_LOOP ( 'NONE', ( #3599, #3600, #3598, #3601 ) ) ;
#7192 = ORIENTED_EDGE ( 'NONE', *, *, #647, .T. ) ;
#7193 = ORIENTED_EDGE ( 'NONE', *, *, #622, .F. ) ;
#7194 = ORIENTED_EDGE ( 'NONE', *, *, #633, .T. ) ;
#7195 = ORIENTED_EDGE ( 'NONE', *, *, #572, .T. ) ;
#7196 = EDGE_LOOP ( 'NONE', ( #4912, #4904, #4903, #4902 ) ) ;
#7197 = EDGE_LOOP ( 'NONE', ( #8898, #8900, #8914, #8922, #8907, #8917, #8901, #8804 ) ) ;
#7198 = ORIENTED_EDGE ( 'NONE', *, *, #731, .F. ) ;
#7199 = ORIENTED_EDGE ( 'NONE', *, *, #591, .T. ) ;
#7200 = ORIENTED_EDGE ( 'NONE', *, *, #728, .T. ) ;
#7201 = ORIENTED_EDGE ( 'NONE', *, *, #4708, .T. ) ;
#7202 = EDGE_LOOP ( 'NONE', ( #3621, #3620, #3622, #3619 ) ) ;
#7203 = EDGE_LOOP ( 'NONE', ( #4899, #4898, #4896, #4891 ) ) ;
#7204 = EDGE_LOOP ( 'NONE', ( #3595, #3596, #3597, #3593 ) ) ;
#7205 = EDGE_LOOP ( 'NONE', ( #3497, #3499, #3498, #3500 ) ) ;
#7206 = EDGE_LOOP ( 'NONE', ( #1078, #1065, #1062, #1080, #1051, #4844, #4747, #4789 ) ) ;
#7207 = EDGE_LOOP ( 'NONE', ( #8777, #8776, #8803, #8819 ) ) ;
#7208 = EDGE_LOOP ( 'NONE', ( #1081, #1069, #1093, #1075 ) ) ;
#7209 = EDGE_LOOP ( 'NONE', ( #5035, #5006, #5922, #5939 ) ) ;
#7210 = EDGE_LOOP ( 'NONE', ( #4857, #4942, #4860 ) ) ;
#7211 = EDGE_LOOP ( 'NONE', ( #5934, #5931, #4998, #5933 ) ) ;
#7212 = EDGE_LOOP ( 'NONE', ( #4907, #4892, #4893, #4889 ) ) ;
#7213 = EDGE_LOOP ( 'NONE', ( #3567, #3568, #3569, #3565, #3570, #3571, #3572, #3573, #3574, #3575, #3576, #3577 ) ) ;
#7214 = EDGE_LOOP ( 'NONE', ( #3522, #3523, #3524, #3526 ) ) ;
#7215 = ORIENTED_EDGE ( 'NONE', *, *, #635, .F. ) ;
#7216 = EDGE_LOOP ( 'NONE', ( #4839, #4760, #4751, #4763 ) ) ;
#7217 = EDGE_LOOP ( 'NONE', ( #4913, #4750, #4926, #4752, #4901, #4897, #4785, #4779, #4921 ) ) ;
#7218 = ORIENTED_EDGE ( 'NONE', *, *, #669, .T. ) ;
#7219 = EDGE_LOOP ( 'NONE', ( #4920, #4918, #4919, #4917 ) ) ;
#7220 = EDGE_LOOP ( 'NONE', ( #8783, #8786, #8789, #8787 ) ) ;
#7221 = ORIENTED_EDGE ( 'NONE', *, *, #604, .F. ) ;
#7222 = EDGE_LOOP ( 'NONE', ( #1038, #1055, #1047, #1070, #1059, #1088, #1090, #1046, #1045, #1095, #1039, #1079 ) ) ;
#7223 = EDGE_LOOP ( 'NONE', ( #3501, #3503, #3502, #3504 ) ) ;
#7224 = EDGE_LOOP ( 'NONE', ( #4854, #4835, #4837, #4761 ) ) ;
#7225 = EDGE_LOOP ( 'NONE', ( #8868, #8867, #8866, #8869 ) ) ;
#7226 = EDGE_LOOP ( 'NONE', ( #1037, #1089, #1048, #1086, #1072, #1042, #1057, #1064, #1085, #1041, #1050, #1053, #1076 ) ) ;
#7227 = ORIENTED_EDGE ( 'NONE', *, *, #4562, .T. ) ;
#7228 = EDGE_LOOP ( 'NONE', ( #3582, #3583, #3584, #3586 ) ) ;
#7229 = ORIENTED_EDGE ( 'NONE', *, *, #725, .T. ) ;
#7230 = EDGE_LOOP ( 'NONE', ( #4930, #4925, #4928, #4923 ) ) ;
#7231 = ORIENTED_EDGE ( 'NONE', *, *, #622, .T. ) ;
#7232 = EDGE_LOOP ( 'NONE', ( #8877, #8872, #8873, #8874 ) ) ;
#7233 = ORIENTED_EDGE ( 'NONE', *, *, #593, .T. ) ;
#7234 = ORIENTED_EDGE ( 'NONE', *, *, #592, .T. ) ;
#7235 = EDGE_LOOP ( 'NONE', ( #4771, #4777, #4797, #4795 ) ) ;
#7236 = EDGE_LOOP ( 'NONE', ( #8863, #8860, #8861, #8924 ) ) ;
#7237 = EDGE_LOOP ( 'NONE', ( #3627, #3629, #3628, #3630 ) ) ;
#7238 = EDGE_LOOP ( 'NONE', ( #4816, #4806, #4778, #4851 ) ) ;
#7239 = EDGE_LOOP ( 'NONE', ( #8966, #8968, #8969, #8971 ) ) ;
#7240 = ORIENTED_EDGE ( 'NONE', *, *, #714, .T. ) ;
#7241 = ORIENTED_EDGE ( 'NONE', *, *, #582, .F. ) ;
#7242 = EDGE_LOOP ( 'NONE', ( #4773, #4768, #4826 ) ) ;
#7243 = EDGE_LOOP ( 'NONE', ( #5936, #5017, #5053, #5052 ) ) ;
#7244 = ORIENTED_EDGE ( 'NONE', *, *, #696, .F. ) ;
#7245 = ORIENTED_EDGE ( 'NONE', *, *, #586, .F. ) ;
#7246 = ORIENTED_EDGE ( 'NONE', *, *, #605, .F. ) ;
#7247 = EDGE_LOOP ( 'NONE', ( #8950, #8952, #8953, #8955 ) ) ;
#7248 = EDGE_LOOP ( 'NONE', ( #5941, #5920, #5927, #5932 ) ) ;
#7249 = EDGE_LOOP ( 'NONE', ( #8870, #8864, #8916, #8876 ) ) ;
#7250 = EDGE_LOOP ( 'NONE', ( #3585, #3587, #3588, #3590 ) ) ;
#7251 = EDGE_LOOP ( 'NONE', ( #3549, #3551, #3552, #3554 ) ) ;
#7252 = ORIENTED_EDGE ( 'NONE', *, *, #580, .F. ) ;
#7253 = EDGE_LOOP ( 'NONE', ( #8974, #8976, #8977, #8978 ) ) ;
#7254 = EDGE_LOOP ( 'NONE', ( #3553, #3555, #3556, #3558 ) ) ;
#7255 = EDGE_LOOP ( 'NONE', ( #3519, #3520, #3518, #3521 ) ) ;
#7256 = EDGE_LOOP ( 'NONE', ( #3720, #3718, #3717, #3715 ) ) ;
#7257 = EDGE_LOOP ( 'NONE', ( #3605, #3607, #3608, #3610 ) ) ;
#7258 = ORIENTED_EDGE ( 'NONE', *, *, #747, .T. ) ;
#7259 = EDGE_LOOP ( 'NONE', ( #3545, #3547, #3548, #3550 ) ) ;
#7260 = EDGE_LOOP ( 'NONE', ( #5921, #5923, #5930, #5916 ) ) ;
#7261 = EDGE_LOOP ( 'NONE', ( #8926, #8927, #8928, #8930 ) ) ;
#7262 = ORIENTED_EDGE ( 'NONE', *, *, #699, .F. ) ;
#7263 = ORIENTED_EDGE ( 'NONE', *, *, #4561, .T. ) ;
#7264 = EDGE_LOOP ( 'NONE', ( #3609, #3611, #3612, #3613 ) ) ;
#7265 = ORIENTED_EDGE ( 'NONE', *, *, #727, .F. ) ;
#7266 = EDGE_LOOP ( 'NONE', ( #8834, #8848, #8836, #5904 ) ) ;
#7267 = ORIENTED_EDGE ( 'NONE', *, *, #4434, .F. ) ;
#7268 = ORIENTED_EDGE ( 'NONE', *, *, #4704, .T. ) ;
#7269 = EDGE_LOOP ( 'NONE', ( #8986, #8985, #8987, #8984, #8988, #8989, #8990, #8991, #8992 ) ) ;
#7270 = EDGE_LOOP ( 'NONE', ( #4759, #4794, #4853, #4788 ) ) ;
#7271 = VERTEX_POINT ( 'NONE', #3072 ) ;
#7272 = EDGE_LOOP ( 'NONE', ( #3529, #3531, #3532, #3534 ) ) ;
#7273 = VERTEX_POINT ( 'NONE', #3073 ) ;
#7274 = VERTEX_POINT ( 'NONE', #3074 ) ;
#7275 = VERTEX_POINT ( 'NONE', #3075 ) ;
#7276 = VERTEX_POINT ( 'NONE', #3076 ) ;
#7277 = VERTEX_POINT ( 'NONE', #3077 ) ;
#7278 = VERTEX_POINT ( 'NONE', #3078 ) ;
#7279 = CARTESIAN_POINT ( 'NONE',  ( -0.04366886119573357800, 0.4489999999999997300, -0.04766364902106533200 ) ) ;
#7280 = CARTESIAN_POINT ( 'NONE',  ( -0.04509834576384171700, 0.4489999999999997900, -0.04802778731984341800 ) ) ;
#7281 = CARTESIAN_POINT ( 'NONE',  ( -0.04671236503488018100, 0.4489999999999999500, -0.04831851892684144200 ) ) ;
#7282 = CARTESIAN_POINT ( 'NONE',  ( -0.04851144444946191300, 0.4489999999999997300, -0.04855393329244684500 ) ) ;
#7283 = CARTESIAN_POINT ( 'NONE',  ( -0.05048163970318791900, 0.4489999999999997900, -0.04875546075597157700 ) ) ;
#7284 = CARTESIAN_POINT ( 'NONE',  ( -0.05263987727160551700, 0.4490000000000000100, -0.04889220296265699800 ) ) ;
#7285 = CARTESIAN_POINT ( 'NONE',  ( -0.05497798136487477800, 0.4489999999999996800, -0.04897224456941515900 ) ) ;
#7286 = CARTESIAN_POINT ( 'NONE',  ( -0.05660114053244477700, 0.4489999999999999000, -0.04897621471960599700 ) ) ;
#7287 = CARTESIAN_POINT ( 'NONE',  ( -0.05744255469473659400, 0.4489999999999998400, -0.04897827276829507000 ) ) ;
#7288 = CARTESIAN_POINT ( 'NONE',  ( -0.05822380469473655700, 0.4489999999999998400, -0.01542458687085917400 ) ) ;
#7289 = LINE ( 'NONE', #7290, #6678 ) ;
#7290 = CARTESIAN_POINT ( 'NONE',  ( -0.07573181751524939200, 0.4489999999999998400, 0.04076531697529468100 ) ) ;
#7291 = DIRECTION ( 'NONE',  ( -0.0000000000000000000, 1.000000000000000000, -0.0000000000000000000 ) ) ;
#7292 = CARTESIAN_POINT ( 'NONE',  ( -0.05736894967151205700, 0.4489999999999998400, -0.01542414505396940200 ) ) ;
#7293 = CARTESIAN_POINT ( 'NONE',  ( -0.05571866967343302300, 0.4489999999999999000, -0.01542329213557249200 ) ) ;
#7294 = CARTESIAN_POINT ( 'NONE',  ( -0.05333477758105474600, 0.4489999999999996800, -0.01553715566355038500 ) ) ;
#7295 = CARTESIAN_POINT ( 'NONE',  ( -0.05112308365811050300, 0.4489999999999998400, -0.01566859945396164100 ) ) ;
#7296 = CARTESIAN_POINT ( 'NONE',  ( -0.04909038150458696500, 0.4489999999999999000, -0.01586105441001881300 ) ) ;
#7297 = CARTESIAN_POINT ( 'NONE',  ( -0.04723575480506369400, 0.4489999999999997900, -0.01613309033813839200 ) ) ;
#7298 = CARTESIAN_POINT ( 'NONE',  ( -0.04555611112293653200, 0.4489999999999998400, -0.01640771142151410000 ) ) ;
#7299 = CARTESIAN_POINT ( 'NONE',  ( -0.04406447446879642500, 0.4489999999999999500, -0.01680500749575780700 ) ) ;
#7300 = CARTESIAN_POINT ( 'NONE',  ( -0.04231878298977214500, 0.4489999999999997900, -0.01733995232830415000 ) ) ;
#7301 = CARTESIAN_POINT ( 'NONE',  ( -0.04037354449043533500, 0.4489999999999998400, -0.01825231277576087500 ) ) ;
#7302 = CARTESIAN_POINT ( 'NONE',  ( -0.03825732881834419800, 0.4489999999999997300, -0.01957659534872010000 ) ) ;
#7303 = CARTESIAN_POINT ( 'NONE',  ( -0.03646388349402217300, 0.4489999999999999500, -0.02126461558300871800 ) ) ;
#7304 = CARTESIAN_POINT ( 'NONE',  ( -0.03491193215797739500, 0.4489999999999997900, -0.02316255362090869800 ) ) ;
#7305 = CARTESIAN_POINT ( 'NONE',  ( -0.03368033564545176000, 0.4489999999999997900, -0.02527395731879611100 ) ) ;
#7306 = CARTESIAN_POINT ( 'NONE',  ( -0.03277873586498097900, 0.4489999999999999000, -0.02753306979668251900 ) ) ;
#7307 = CARTESIAN_POINT ( 'NONE',  ( -0.03224898851173674300, 0.4489999999999997300, -0.02991672264015979000 ) ) ;
#7308 = CARTESIAN_POINT ( 'NONE',  ( -0.03217795440728901000, 0.4489999999999998400, -0.03154781232173628500 ) ) ;
#7309 = CARTESIAN_POINT ( 'NONE',  ( -0.03214207392550577600, 0.4489999999999998400, -0.03237170225547456000 ) ) ;
#7310 = CARTESIAN_POINT ( 'NONE',  ( -0.04311963802806987500, 0.4489999999999998400, -0.007031157383679684100 ) ) ;
#7311 = LINE ( 'NONE', #7312, #6696 ) ;
#7312 = CARTESIAN_POINT ( 'NONE',  ( 0.1217040799206480500, 0.4489999999999998400, -0.002824426614448918900 ) ) ;
#7313 = DIRECTION ( 'NONE',  ( 0.0000000000000000000, 0.0000000000000000000, 1.000000000000000000 ) ) ;
#7314 = LINE ( 'NONE', #7315, #6686 ) ;
#7315 = CARTESIAN_POINT ( 'NONE',  ( -0.07573181751524939200, 0.4489999999999998400, -0.005388529178551479600 ) ) ;
#7316 = DIRECTION ( 'NONE',  ( 0.0000000000000000000, 0.0000000000000000000, 1.000000000000000000 ) ) ;
#7317 = LINE ( 'NONE', #7318, #6691 ) ;
#7318 = CARTESIAN_POINT ( 'NONE',  ( -0.04311963802806987500, 0.4489999999999998400, -0.007031157383679684100 ) ) ;
#7319 = DIRECTION ( 'NONE',  ( -0.0000000000000000000, 1.000000000000000000, -0.0000000000000000000 ) ) ;
#7320 = LINE ( 'NONE', #7321, #6697 ) ;
#7321 = CARTESIAN_POINT ( 'NONE',  ( -0.07573181751524939200, 0.4489999999999998400, 0.04076531697529468100 ) ) ;
#7322 = DIRECTION ( 'NONE',  ( -1.000000000000000000, 0.0000000000000000000, 0.0000000000000000000 ) ) ;
#7323 = LINE ( 'NONE', #7324, #6671 ) ;
#7324 = CARTESIAN_POINT ( 'NONE',  ( -0.06858037520755708200, 0.4489999999999998400, -0.005388529178551479600 ) ) ;
#7325 = DIRECTION ( 'NONE',  ( -0.0000000000000000000, 1.000000000000000000, -0.0000000000000000000 ) ) ;
#7326 = LINE ( 'NONE', #7327, #6651 ) ;
#7327 = CARTESIAN_POINT ( 'NONE',  ( -0.07573181751524939200, 0.4489999999999998400, -0.005388529178551479600 ) ) ;
#7328 = DIRECTION ( 'NONE',  ( -0.0000000000000000000, 1.000000000000000000, -0.0000000000000000000 ) ) ;
#7329 = CARTESIAN_POINT ( 'NONE',  ( -0.04374613328496741000, 0.4489999999999998400, -0.006897929352882779100 ) ) ;
#7330 = CARTESIAN_POINT ( 'NONE',  ( -0.04511913406669915100, 0.4489999999999999500, -0.006605952377129478700 ) ) ;
#7331 = CARTESIAN_POINT ( 'NONE',  ( -0.04738035470034904200, 0.4489999999999999000, -0.006279996467275658600 ) ) ;
#7332 = CARTESIAN_POINT ( 'NONE',  ( -0.05001308001262959300, 0.4489999999999999000, -0.006001779304834279800 ) ) ;
#7333 = CARTESIAN_POINT ( 'NONE',  ( -0.05301371658164579600, 0.4490000000000000100, -0.005793175373946946600 ) ) ;
#7334 = CARTESIAN_POINT ( 'NONE',  ( -0.05637957100797651900, 0.4489999999999996800, -0.005614593417889540000 ) ) ;
#7335 = CARTESIAN_POINT ( 'NONE',  ( -0.06011246407454062800, 0.4489999999999999000, -0.005472647878155900200 ) ) ;
#7336 = CARTESIAN_POINT ( 'NONE',  ( -0.06421972342252091300, 0.4489999999999998400, -0.005394652054294230400 ) ) ;
#7337 = CARTESIAN_POINT ( 'NONE',  ( -0.06708461611046256900, 0.4489999999999999000, -0.005390629402908769800 ) ) ;
#7338 = CARTESIAN_POINT ( 'NONE',  ( -0.06858037520755708200, 0.4489999999999998400, -0.005388529178551479600 ) ) ;
#7339 = CARTESIAN_POINT ( 'NONE',  ( -0.02316771495114683400, 0.4489999999999998400, -0.03241176635803865600 ) ) ;
#7340 = LINE ( 'NONE', #7341, #6683 ) ;
#7341 = CARTESIAN_POINT ( 'NONE',  ( -0.02316771495114683400, 0.4489999999999998400, -0.03241176635803865600 ) ) ;
#7342 = DIRECTION ( 'NONE',  ( -0.0000000000000000000, 1.000000000000000000, -0.0000000000000000000 ) ) ;
#7343 = CARTESIAN_POINT ( 'NONE',  ( -0.02317975565768852800, 0.4489999999999997300, -0.03158954416411055600 ) ) ;
#7344 = CARTESIAN_POINT ( 'NONE',  ( -0.02320331411327074600, 0.4489999999999997900, -0.02998081090852567100 ) ) ;
#7345 = CARTESIAN_POINT ( 'NONE',  ( -0.02348606512266621400, 0.4489999999999999000, -0.02762730267456304700 ) ) ;
#7346 = CARTESIAN_POINT ( 'NONE',  ( -0.02386692774034363300, 0.4489999999999996800, -0.02537820581366026200 ) ) ;
#7347 = CARTESIAN_POINT ( 'NONE',  ( -0.02445255780683515400, 0.4489999999999998400, -0.02323850722881971200 ) ) ;
#7348 = CARTESIAN_POINT ( 'NONE',  ( -0.02521957703821809500, 0.4489999999999998400, -0.02122091378679781500 ) ) ;
#7349 = CARTESIAN_POINT ( 'NONE',  ( -0.02611934997666639000, 0.4489999999999999500, -0.01929459287191954300 ) ) ;
#7350 = CARTESIAN_POINT ( 'NONE',  ( -0.02720459370151706600, 0.4489999999999997300, -0.01749231653195962300 ) ) ;
#7351 = CARTESIAN_POINT ( 'NONE',  ( -0.02845158883610281900, 0.4490000000000000100, -0.01580754174505521700 ) ) ;
#7352 = CARTESIAN_POINT ( 'NONE',  ( -0.02983877724732838000, 0.4489999999999998400, -0.01423868710750757200 ) ) ;
#7353 = CARTESIAN_POINT ( 'NONE',  ( -0.03136028976582151000, 0.4489999999999997300, -0.01279712155057311800 ) ) ;
#7354 = CARTESIAN_POINT ( 'NONE',  ( -0.03300998383725770000, 0.4489999999999998400, -0.01149128330992948300 ) ) ;
#7355 = CARTESIAN_POINT ( 'NONE',  ( -0.03478261663943950400, 0.4489999999999999000, -0.01031824491906124300 ) ) ;
#7356 = CARTESIAN_POINT ( 'NONE',  ( -0.03669546946334068000, 0.4489999999999997300, -0.009305208361984507200 ) ) ;
#7357 = CARTESIAN_POINT ( 'NONE',  ( -0.03871953099393914800, 0.4489999999999999500, -0.008397856792683537300 ) ) ;
#7358 = CARTESIAN_POINT ( 'NONE',  ( -0.04087239432027973300, 0.4489999999999999500, -0.007635826488726556700 ) ) ;
#7359 = CARTESIAN_POINT ( 'NONE',  ( -0.04236218043386169600, 0.4489999999999998400, -0.007234967590829492200 ) ) ;
#7360 = CARTESIAN_POINT ( 'NONE',  ( -0.04311963802806987500, 0.4489999999999998400, -0.007031157383679684100 ) ) ;
#7361 = CARTESIAN_POINT ( 'NONE',  ( -0.04231835597678782600, 0.4489999999999998400, -0.05773227917855149000 ) ) ;
#7362 = CARTESIAN_POINT ( 'NONE',  ( -0.04162711215435091500, 0.4489999999999997900, -0.05754308061193149500 ) ) ;
#7363 = CARTESIAN_POINT ( 'NONE',  ( -0.04026091280543263300, 0.4489999999999998400, -0.05716914170623356400 ) ) ;
#7364 = CARTESIAN_POINT ( 'NONE',  ( -0.03829231157395760600, 0.4490000000000000100, -0.05642017817835803100 ) ) ;
#7365 = CARTESIAN_POINT ( 'NONE',  ( -0.03641934456023257500, 0.4490000000000000100, -0.05553211631620114100 ) ) ;
#7366 = CARTESIAN_POINT ( 'NONE',  ( -0.03463558574751313100, 0.4489999999999997900, -0.05452000374903257600 ) ) ;
#7367 = CARTESIAN_POINT ( 'NONE',  ( -0.03296295480263099200, 0.4489999999999997900, -0.05334041620082861900 ) ) ;
#7368 = CARTESIAN_POINT ( 'NONE',  ( -0.03137649648931655600, 0.4490000000000001200, -0.05204116997970598800 ) ) ;
#7369 = CARTESIAN_POINT ( 'NONE',  ( -0.02989021133801091100, 0.4489999999999996800, -0.05059226802049367200 ) ) ;
#7370 = CARTESIAN_POINT ( 'NONE',  ( -0.02851245728417732900, 0.4489999999999999500, -0.04900996116770987100 ) ) ;
#7371 = CARTESIAN_POINT ( 'NONE',  ( -0.02724717735320738100, 0.4489999999999997900, -0.04732081231395285400 ) ) ;
#7372 = CARTESIAN_POINT ( 'NONE',  ( -0.02615775784671660000, 0.4489999999999998400, -0.04549960574516749600 ) ) ;
#7373 = CARTESIAN_POINT ( 'NONE',  ( -0.02524555136005191700, 0.4489999999999997900, -0.04357699707602927900 ) ) ;
#7374 = CARTESIAN_POINT ( 'NONE',  ( -0.02446317217479032300, 0.4489999999999998400, -0.04155432361439100100 ) ) ;
#7375 = CARTESIAN_POINT ( 'NONE',  ( -0.02390007347567041400, 0.4489999999999998400, -0.03941460008606706400 ) ) ;
#7376 = CARTESIAN_POINT ( 'NONE',  ( -0.02347587634122888500, 0.4489999999999996800, -0.03717269401823313600 ) ) ;
#7377 = CARTESIAN_POINT ( 'NONE',  ( -0.02320662983792461800, 0.4489999999999999000, -0.03482884572676184900 ) ) ;
#7378 = CARTESIAN_POINT ( 'NONE',  ( -0.02318084235920627900, 0.4489999999999998400, -0.03322713522616575100 ) ) ;
#7379 = CARTESIAN_POINT ( 'NONE',  ( -0.02316771495114683400, 0.4489999999999998400, -0.03241176635803865600 ) ) ;
#7380 = CARTESIAN_POINT ( 'NONE',  ( -0.06509479828448015700, 0.4489999999999998400, -0.05923468302470532400 ) ) ;
#7381 = LINE ( 'NONE', #7382, #6682 ) ;
#7382 = CARTESIAN_POINT ( 'NONE',  ( -0.06509479828448015700, 0.4489999999999998400, -0.05923468302470532400 ) ) ;
#7383 = DIRECTION ( 'NONE',  ( -0.0000000000000000000, 1.000000000000000000, -0.0000000000000000000 ) ) ;
#7384 = LINE ( 'NONE', #7385, #6639 ) ;
#7385 = CARTESIAN_POINT ( 'NONE',  ( -0.08470617648960833400, 0.4489999999999998400, -0.05923468302470532400 ) ) ;
#7386 = DIRECTION ( 'NONE',  ( -0.0000000000000000000, 1.000000000000000000, -0.0000000000000000000 ) ) ;
#7387 = LINE ( 'NONE', #7388, #6665 ) ;
#7388 = CARTESIAN_POINT ( 'NONE',  ( -0.04231835597678782600, 0.4489999999999998400, -0.05773227917855149000 ) ) ;
#7389 = DIRECTION ( 'NONE',  ( -0.0000000000000000000, 1.000000000000000000, -0.0000000000000000000 ) ) ;
#7390 = LINE ( 'NONE', #7391, #6636 ) ;
#7391 = CARTESIAN_POINT ( 'NONE',  ( -0.06858037520755708200, 0.4489999999999998400, -0.005388529178551479600 ) ) ;
#7392 = DIRECTION ( 'NONE',  ( -1.000000000000000000, 0.0000000000000000000, 0.0000000000000000000 ) ) ;
#7393 = LINE ( 'NONE', #7394, #6643 ) ;
#7394 = CARTESIAN_POINT ( 'NONE',  ( -0.08470617648960833400, 0.4489999999999998400, -0.05923468302470532400 ) ) ;
#7395 = DIRECTION ( 'NONE',  ( 1.000000000000000000, 0.0000000000000000000, 0.0000000000000000000 ) ) ;
#7396 = LINE ( 'NONE', #7397, #6700 ) ;
#7397 = CARTESIAN_POINT ( 'NONE',  ( -0.08470617648960833400, 0.4489999999999998400, 0.04076531697529468100 ) ) ;
#7398 = DIRECTION ( 'NONE',  ( 0.0000000000000000000, 0.0000000000000000000, -1.000000000000000000 ) ) ;
#7399 = CARTESIAN_POINT ( 'NONE',  ( -0.06374591525157552500, 0.4489999999999998400, -0.05923320027496691700 ) ) ;
#7400 = CARTESIAN_POINT ( 'NONE',  ( -0.06116139545698426300, 0.4489999999999998400, -0.05923035926061960600 ) ) ;
#7401 = CARTESIAN_POINT ( 'NONE',  ( -0.05745525100815892400, 0.4489999999999997900, -0.05914422366560116700 ) ) ;
#7402 = CARTESIAN_POINT ( 'NONE',  ( -0.05408925867597787200, 0.4489999999999998400, -0.05902917532009360100 ) ) ;
#7403 = CARTESIAN_POINT ( 'NONE',  ( -0.05107067636378582300, 0.4489999999999999000, -0.05886969265743299100 ) ) ;
#7404 = CARTESIAN_POINT ( 'NONE',  ( -0.04839021641845491600, 0.4489999999999999500, -0.05868121865036138300 ) ) ;
#7405 = CARTESIAN_POINT ( 'NONE',  ( -0.04606000785998175300, 0.4489999999999997900, -0.05841687466814914100 ) ) ;
#7406 = CARTESIAN_POINT ( 'NONE',  ( -0.04406173482187195800, 0.4489999999999998400, -0.05814086622376832300 ) ) ;
#7407 = CARTESIAN_POINT ( 'NONE',  ( -0.04286440769482865300, 0.4489999999999998400, -0.05786025460892852600 ) ) ;
#7408 = CARTESIAN_POINT ( 'NONE',  ( -0.04231835597678782600, 0.4489999999999998400, -0.05773227917855149000 ) ) ;
#7409 = PLANE ( 'NONE',  #6658 ) ;
#7410 = LINE ( 'NONE', #7411, #6674 ) ;
#7411 = CARTESIAN_POINT ( 'NONE',  ( -0.2022742854639673600, 0.4499999999999999000, -0.05923468302470532400 ) ) ;
#7412 = DIRECTION ( 'NONE',  ( 0.4494802773921304200, 0.0000000000000000000, 0.8932902553120645200 ) ) ;
#7413 = LINE ( 'NONE', #7414, #6669 ) ;
#7414 = CARTESIAN_POINT ( 'NONE',  ( -0.1981677149511468200, 0.4489999999999998400, -0.03135006764008994200 ) ) ;
#7415 = DIRECTION ( 'NONE',  ( -0.1313519925438847200, 0.0000000000000000000, 0.9913357927840349400 ) ) ;
#7416 = LINE ( 'NONE', #7417, #6663 ) ;
#7417 = CARTESIAN_POINT ( 'NONE',  ( -0.08470617648960833400, 0.4489999999999998400, 0.04076531697529468100 ) ) ;
#7418 = DIRECTION ( 'NONE',  ( -0.0000000000000000000, 1.000000000000000000, -0.0000000000000000000 ) ) ;
#7419 = LINE ( 'NONE', #7420, #6659 ) ;
#7420 = CARTESIAN_POINT ( 'NONE',  ( -0.1981677149511468200, 0.4489999999999998400, -0.03135006764008994200 ) ) ;
#7421 = DIRECTION ( 'NONE',  ( -0.0000000000000000000, 1.000000000000000000, -0.0000000000000000000 ) ) ;
#7422 = CARTESIAN_POINT ( 'NONE',  ( -0.07573181751524939200, 0.4489999999999998400, -0.01564493943496173700 ) ) ;
#7423 = DIRECTION ( 'NONE',  ( -0.01258481566222937100, 0.0000000000000000000, 0.9999208080716931500 ) ) ;
#7424 = DIRECTION ( 'NONE',  ( 0.9999208080716930300, 0.0000000000000000000, 0.01258481566222936900 ) ) ;
#7425 = PLANE ( 'NONE',  #6640 ) ;
#7426 = CARTESIAN_POINT ( 'NONE',  ( -0.07573181751524939200, 0.4489999999999998400, -0.04897827276829507000 ) ) ;
#7427 = DIRECTION ( 'NONE',  ( -1.000000000000000000, 0.0000000000000000000, 0.0000000000000000000 ) ) ;
#7428 = DIRECTION ( 'NONE',  ( 0.0000000000000000000, 0.0000000000000000000, 1.000000000000000000 ) ) ;
#7429 = PLANE ( 'NONE',  #6685 ) ;
#7430 = CARTESIAN_POINT ( 'NONE',  ( -0.002654894438326293300, 0.4489999999999998400, -0.05923468302470532400 ) ) ;
#7431 = DIRECTION ( 'NONE',  ( -0.0000000000000000000, 0.0000000000000000000, 1.000000000000000000 ) ) ;
#7432 = DIRECTION ( 'NONE',  ( 1.000000000000000000, 0.0000000000000000000, 0.0000000000000000000 ) ) ;
#7433 = PLANE ( 'NONE',  #6638 ) ;
#7434 = CARTESIAN_POINT ( 'NONE',  ( 0.08324254145910961500, 0.4489999999999998400, -0.002824426614448918900 ) ) ;
#7435 = DIRECTION ( 'NONE',  ( -0.0000000000000000000, 0.0000000000000000000, 1.000000000000000000 ) ) ;
#7436 = DIRECTION ( 'NONE',  ( 1.000000000000000000, 0.0000000000000000000, 0.0000000000000000000 ) ) ;
#7437 = PLANE ( 'NONE',  #6641 ) ;
#7438 = CARTESIAN_POINT ( 'NONE',  ( 0.06657587479244293800, 0.4489999999999998400, 0.04076531697529468100 ) ) ;
#7439 = DIRECTION ( 'NONE',  ( -0.0000000000000000000, 0.0000000000000000000, -1.000000000000000000 ) ) ;
#7440 = DIRECTION ( 'NONE',  ( -1.000000000000000000, 0.0000000000000000000, 0.0000000000000000000 ) ) ;
#7441 = PLANE ( 'NONE',  #6687 ) ;
#7442 = CARTESIAN_POINT ( 'NONE',  ( 0.006319464536032651800, 0.4489999999999998400, -0.007952631742654047600 ) ) ;
#7443 = DIRECTION ( 'NONE',  ( -1.000000000000000000, 0.0000000000000000000, 0.0000000000000000000 ) ) ;
#7444 = DIRECTION ( 'NONE',  ( 0.0000000000000000000, 0.0000000000000000000, 1.000000000000000000 ) ) ;
#7445 = PLANE ( 'NONE',  #6652 ) ;
#7446 = CARTESIAN_POINT ( 'NONE',  ( 0.05760151581808394700, 0.4489999999999998400, -0.01820904199906430200 ) ) ;
#7447 = DIRECTION ( 'NONE',  ( 1.000000000000000000, 0.0000000000000000000, 0.0000000000000000000 ) ) ;
#7448 = DIRECTION ( 'NONE',  ( 0.0000000000000000000, 0.0000000000000000000, -1.000000000000000000 ) ) ;
#7449 = PLANE ( 'NONE',  #6701 ) ;
#7450 = CARTESIAN_POINT ( 'NONE',  ( -0.002654894438326293300, 0.4489999999999998400, 0.04076531697529468100 ) ) ;
#7451 = DIRECTION ( 'NONE',  ( 1.000000000000000000, 0.0000000000000000000, 0.0000000000000000000 ) ) ;
#7452 = DIRECTION ( 'NONE',  ( 0.0000000000000000000, 0.0000000000000000000, -1.000000000000000000 ) ) ;
#7453 = PLANE ( 'NONE',  #6653 ) ;
#7454 = CARTESIAN_POINT ( 'NONE',  ( 0.006319464536032651800, 0.4489999999999998400, -0.05923468302470532400 ) ) ;
#7455 = DIRECTION ( 'NONE',  ( -1.000000000000000000, 0.0000000000000000000, 0.0000000000000000000 ) ) ;
#7456 = DIRECTION ( 'NONE',  ( 0.0000000000000000000, 0.0000000000000000000, 1.000000000000000000 ) ) ;
#7457 = FILL_AREA_STYLE_COLOUR ( '', #4391 ) ;
#7458 = FILL_AREA_STYLE ('',( #7457 ) ) ;
#7459 = SURFACE_STYLE_FILL_AREA ( #7458 ) ;
#7460 = SURFACE_SIDE_STYLE ('',( #7459 ) ) ;
#7461 = SURFACE_STYLE_USAGE ( .BOTH. , #7460 ) ;
#7462 = PRESENTATION_STYLE_ASSIGNMENT (( #7461 ) ) ;
#7463 =( LENGTH_UNIT ( ) NAMED_UNIT ( * ) SI_UNIT ( .MILLI., .METRE. ) );
#7464 =( NAMED_UNIT ( * ) PLANE_ANGLE_UNIT ( ) SI_UNIT ( $, .RADIAN. ) );
#7465 =( NAMED_UNIT ( * ) SI_UNIT ( $, .STERADIAN. ) SOLID_ANGLE_UNIT ( ) );
#7466 = PLANE ( 'NONE',  #6690 ) ;
#7467 = CARTESIAN_POINT ( 'NONE',  ( -1.000000000000000000, 0.4499999999999999000, 0.8000000000000000400 ) ) ;
#7468 = DIRECTION ( 'NONE',  ( 0.0000000000000000000, -1.000000000000000000, 0.0000000000000000000 ) ) ;
#7469 = DIRECTION ( 'NONE',  ( 0.0000000000000000000, -0.0000000000000000000, -1.000000000000000000 ) ) ;
#7470 = PLANE ( 'NONE',  #2160 ) ;
#7471 = CARTESIAN_POINT ( 'NONE',  ( 0.05760151581808394700, 0.4489999999999998400, -0.05923468302470532400 ) ) ;
#7472 = DIRECTION ( 'NONE',  ( -0.0000000000000000000, 0.0000000000000000000, 1.000000000000000000 ) ) ;
#7473 = DIRECTION ( 'NONE',  ( 1.000000000000000000, 0.0000000000000000000, 0.0000000000000000000 ) ) ;
#7474 = PLANE ( 'NONE',  #6647 ) ;
#7475 = CARTESIAN_POINT ( 'NONE',  ( 0.06657587479244293800, 0.4489999999999998400, -0.05923468302470532400 ) ) ;
#7476 = DIRECTION ( 'NONE',  ( -1.000000000000000000, 0.0000000000000000000, 0.0000000000000000000 ) ) ;
#7477 = DIRECTION ( 'NONE',  ( 0.0000000000000000000, 0.0000000000000000000, 1.000000000000000000 ) ) ;
#7478 = PLANE ( 'NONE',  #2197 ) ;
#7479 = CARTESIAN_POINT ( 'NONE',  ( 0.006319464536032651800, 0.4489999999999998400, -0.01820904199906430200 ) ) ;
#7480 = DIRECTION ( 'NONE',  ( -0.0000000000000000000, 0.0000000000000000000, 1.000000000000000000 ) ) ;
#7481 = DIRECTION ( 'NONE',  ( 1.000000000000000000, 0.0000000000000000000, 0.0000000000000000000 ) ) ;
#7482 = PLANE ( 'NONE',  #2168 ) ;
#7483 = CARTESIAN_POINT ( 'NONE',  ( 0.05760151581808394700, 0.4489999999999998400, -0.007952631742654047600 ) ) ;
#7484 = DIRECTION ( 'NONE',  ( -0.0000000000000000000, 0.0000000000000000000, -1.000000000000000000 ) ) ;
#7485 = DIRECTION ( 'NONE',  ( -1.000000000000000000, 0.0000000000000000000, 0.0000000000000000000 ) ) ;
#7486 = PLANE ( 'NONE',  #2186 ) ;
#7487 = CARTESIAN_POINT ( 'NONE',  ( 0.0000000000000000000, 0.4489999999999998400, 0.0000000000000000000 ) ) ;
#7488 = DIRECTION ( 'NONE',  ( 0.0000000000000000000, -1.000000000000000000, 0.0000000000000000000 ) ) ;
#7489 = DIRECTION ( 'NONE',  ( 0.0000000000000000000, -0.0000000000000000000, -1.000000000000000000 ) ) ;
#7490 = PLANE ( 'NONE',  #2176 ) ;
#7491 = CARTESIAN_POINT ( 'NONE',  ( 0.05760151581808394700, 0.4489999999999998400, 0.04076531697529468100 ) ) ;
#7492 = DIRECTION ( 'NONE',  ( 1.000000000000000000, 0.0000000000000000000, 0.0000000000000000000 ) ) ;
#7493 = DIRECTION ( 'NONE',  ( 0.0000000000000000000, 0.0000000000000000000, -1.000000000000000000 ) ) ;
#7494 = LINE ( 'NONE', #7495, #2230 ) ;
#7495 = CARTESIAN_POINT ( 'NONE',  ( 0.2549372529975711400, 0.4489999999999998400, -0.01494381764008994100 ) ) ;
#7496 = DIRECTION ( 'NONE',  ( -0.0000000000000000000, 1.000000000000000000, -0.0000000000000000000 ) ) ;
#7497 = PLANE ( 'NONE',  #2171 ) ;
#7498 = CARTESIAN_POINT ( 'NONE',  ( 0.006319464536032651800, 0.4489999999999998400, 0.04076531697529468100 ) ) ;
#7499 = DIRECTION ( 'NONE',  ( -0.0000000000000000000, 0.0000000000000000000, -1.000000000000000000 ) ) ;
#7500 = DIRECTION ( 'NONE',  ( -1.000000000000000000, 0.0000000000000000000, 0.0000000000000000000 ) ) ;
#7501 = CARTESIAN_POINT ( 'NONE',  ( 0.3971648171001352400, 0.4489999999999998400, -0.01692699071701301800 ) ) ;
#7502 = CARTESIAN_POINT ( 'NONE',  ( 0.3971648171001352400, 0.4499999999999999000, -0.01692699071701301800 ) ) ;
#7503 = CARTESIAN_POINT ( 'NONE',  ( 0.3981811741382827500, 0.4489999999999996800, -0.01689967323999091700 ) ) ;
#7504 = CARTESIAN_POINT ( 'NONE',  ( 0.3981811741382827500, 0.4499999999999997300, -0.01689967323999091700 ) ) ;
#7505 = CARTESIAN_POINT ( 'NONE',  ( 0.4001818427227384900, 0.4489999999999996800, -0.01684589959939674200 ) ) ;
#7506 = CARTESIAN_POINT ( 'NONE',  ( 0.4001818427227384900, 0.4499999999999997300, -0.01684589959939674200 ) ) ;
#7507 = CARTESIAN_POINT ( 'NONE',  ( 0.4031191799277097900, 0.4490000000000000100, -0.01643207529391553500 ) ) ;
#7508 = CARTESIAN_POINT ( 'NONE',  ( 0.4031191799277097900, 0.4500000000000000700, -0.01643207529391553500 ) ) ;
#7509 = CARTESIAN_POINT ( 'NONE',  ( 0.4059417209555149000, 0.4489999999999999000, -0.01577992923895498900 ) ) ;
#7510 = CARTESIAN_POINT ( 'NONE',  ( 0.4059417209555149000, 0.4499999999999999600, -0.01577992923895498900 ) ) ;
#7511 = CARTESIAN_POINT ( 'NONE',  ( 0.4086377670199551300, 0.4489999999999999500, -0.01482929335472052800 ) ) ;
#7512 = CARTESIAN_POINT ( 'NONE',  ( 0.4086377670199551300, 0.4500000000000000100, -0.01482929335472052800 ) ) ;
#7513 = CARTESIAN_POINT ( 'NONE',  ( 0.4112169950730856200, 0.4489999999999997900, -0.01361494037294083200 ) ) ;
#7514 = CARTESIAN_POINT ( 'NONE',  ( 0.4112169950730856200, 0.4499999999999998400, -0.01361494037294083200 ) ) ;
#7515 = CARTESIAN_POINT ( 'NONE',  ( 0.4136942063904723900, 0.4490000000000000700, -0.01215954407921267400 ) ) ;
#7516 = CARTESIAN_POINT ( 'NONE',  ( 0.4136942063904723900, 0.4500000000000001200, -0.01215954407921267400 ) ) ;
#7517 = CARTESIAN_POINT ( 'NONE',  ( 0.4160228352506498100, 0.4489999999999999000, -0.01038795321187660700 ) ) ;
#7518 = CARTESIAN_POINT ( 'NONE',  ( 0.4160228352506498100, 0.4499999999999999600, -0.01038795321187660700 ) ) ;
#7519 = CARTESIAN_POINT ( 'NONE',  ( 0.4182328689424186200, 0.4489999999999998400, -0.008408954475194897100 ) ) ;
#7520 = CARTESIAN_POINT ( 'NONE',  ( 0.4182328689424186200, 0.4499999999999999000, -0.008408954475194897100 ) ) ;
#7521 = CARTESIAN_POINT ( 'NONE',  ( 0.4202393574393598600, 0.4489999999999997900, -0.006217040632476340500 ) ) ;
#7522 = CARTESIAN_POINT ( 'NONE',  ( 0.4202393574393598600, 0.4499999999999998400, -0.006217040632476340500 ) ) ;
#7523 = CARTESIAN_POINT ( 'NONE',  ( 0.4220158161695751200, 0.4490000000000000100, -0.003891288155160560700 ) ) ;
#7524 = CARTESIAN_POINT ( 'NONE',  ( 0.4220158161695751200, 0.4500000000000000700, -0.003891288155160560700 ) ) ;
#7525 = CARTESIAN_POINT ( 'NONE',  ( 0.4235080102191208800, 0.4489999999999997900, -0.001434120126640811700 ) ) ;
#7526 = CARTESIAN_POINT ( 'NONE',  ( 0.4235080102191208800, 0.4499999999999998400, -0.001434120126640811700 ) ) ;
#7527 = CARTESIAN_POINT ( 'NONE',  ( 0.4247186936938235300, 0.4489999999999997900, 0.001153218900025660900 ) ) ;
#7528 = CARTESIAN_POINT ( 'NONE',  ( 0.4247186936938235300, 0.4499999999999998400, 0.001153218900025660900 ) ) ;
#7529 = CARTESIAN_POINT ( 'NONE',  ( 0.4256588330823342600, 0.4489999999999998400, 0.003866740601755400700 ) ) ;
#7530 = CARTESIAN_POINT ( 'NONE',  ( 0.4256588330823342600, 0.4499999999999999000, 0.003866740601755400700 ) ) ;
#7531 = CARTESIAN_POINT ( 'NONE',  ( 0.4263441943692944900, 0.4489999999999999500, 0.006702973158566895800 ) ) ;
#7532 = CARTESIAN_POINT ( 'NONE',  ( 0.4263441943692944900, 0.4500000000000000100, 0.006702973158566895800 ) ) ;
#7533 = CARTESIAN_POINT ( 'NONE',  ( 0.4267493255927186600, 0.4489999999999997300, 0.009663872343141732500 ) ) ;
#7534 = CARTESIAN_POINT ( 'NONE',  ( 0.4267493255927186600, 0.4499999999999997900, 0.009663872343141732500 ) ) ;
#7535 = CARTESIAN_POINT ( 'NONE',  ( 0.4268043396131499000, 0.4489999999999998400, 0.01167753449360409500 ) ) ;
#7536 = CARTESIAN_POINT ( 'NONE',  ( 0.4268043396131499000, 0.4499999999999999000, 0.01167753449360409500 ) ) ;
#7537 = CARTESIAN_POINT ( 'NONE',  ( 0.4268322850488532900, 0.4489999999999998400, 0.01270041312914082900 ) ) ;
#7538 = CARTESIAN_POINT ( 'NONE',  ( 0.4268322850488532900, 0.4499999999999999000, 0.01270041312914082900 ) ) ;
#7539 = LINE ( 'NONE', #7540, #2159 ) ;
#7540 = CARTESIAN_POINT ( 'NONE',  ( 0.1631303619719301500, 0.4489999999999999000, -0.05154237533239764600 ) ) ;
#7541 = DIRECTION ( 'NONE',  ( -0.0000000000000000000, 1.000000000000000000, -0.0000000000000000000 ) ) ;
#7542 = CARTESIAN_POINT ( 'NONE',  ( 0.1631303619719301500, 0.4489999999999999000, -0.05154237533239764600 ) ) ;
#7543 = CARTESIAN_POINT ( 'NONE',  ( 0.1620243450551642200, 0.4489999999999998400, -0.05148433399961897800 ) ) ;
#7544 = CARTESIAN_POINT ( 'NONE',  ( 0.1598102963235897000, 0.4489999999999997900, -0.05136814559664835300 ) ) ;
#7545 = CARTESIAN_POINT ( 'NONE',  ( 0.1565403547599679700, 0.4489999999999999000, -0.05054833835117433800 ) ) ;
#7546 = CARTESIAN_POINT ( 'NONE',  ( 0.1534059447130452200, 0.4489999999999997900, -0.04911939646724261500 ) ) ;
#7547 = CARTESIAN_POINT ( 'NONE',  ( 0.1509132882936493900, 0.4489999999999998400, -0.04754932868253044400 ) ) ;
#7548 = CARTESIAN_POINT ( 'NONE',  ( 0.1490028943934323700, 0.4489999999999999000, -0.04605394835562623400 ) ) ;
#7549 = CARTESIAN_POINT ( 'NONE',  ( 0.1476576745826681200, 0.4489999999999999500, -0.04475719252538435500 ) ) ;
#7550 = CARTESIAN_POINT ( 'NONE',  ( 0.1463963553764481300, 0.4489999999999998400, -0.04333872811495195800 ) ) ;
#7551 = CARTESIAN_POINT ( 'NONE',  ( 0.1452344210868009900, 0.4489999999999999500, -0.04178438769065613600 ) ) ;
#7552 = CARTESIAN_POINT ( 'NONE',  ( 0.1441461558527364400, 0.4489999999999997300, -0.04011394862439533700 ) ) ;
#7553 = CARTESIAN_POINT ( 'NONE',  ( 0.1431466983505733600, 0.4489999999999999500, -0.03831426963224508100 ) ) ;
#7554 = CARTESIAN_POINT ( 'NONE',  ( 0.1422462032169720400, 0.4489999999999999500, -0.03637623065437652800 ) ) ;
#7555 = CARTESIAN_POINT ( 'NONE',  ( 0.1414152164689672400, 0.4489999999999997900, -0.03430147535668898200 ) ) ;
#7556 = CARTESIAN_POINT ( 'NONE',  ( 0.1406845653825037300, 0.4489999999999998400, -0.03202773408710203600 ) ) ;
#7557 = CARTESIAN_POINT ( 'NONE',  ( 0.1400818807187898000, 0.4489999999999998400, -0.02952004855586024300 ) ) ;
#7558 = CARTESIAN_POINT ( 'NONE',  ( 0.1395251077725071000, 0.4489999999999997900, -0.02676399450474064100 ) ) ;
#7559 = CARTESIAN_POINT ( 'NONE',  ( 0.1391309572324911400, 0.4490000000000000700, -0.02374343713487810400 ) ) ;
#7560 = CARTESIAN_POINT ( 'NONE',  ( 0.1387805642107279900, 0.4489999999999997900, -0.02047823275290011300 ) ) ;
#7561 = CARTESIAN_POINT ( 'NONE',  ( 0.3166760350488532800, 0.4499999999999999000, 0.04332941953939724300 ) ) ;
#7562 = CARTESIAN_POINT ( 'NONE',  ( 0.9750000000000000900, 0.4249999999999998800, 0.7750000000000001300 ) ) ;
#7563 = LINE ( 'NONE', #7564, #5985 ) ;
#7564 = CARTESIAN_POINT ( 'NONE',  ( 0.3960630542796224600, 0.4489999999999998400, 0.03307300928298698200 ) ) ;
#7565 = DIRECTION ( 'NONE',  ( -0.0000000000000000000, 1.000000000000000000, -0.0000000000000000000 ) ) ;
#7566 = LINE ( 'NONE', #7567, #5955 ) ;
#7567 = CARTESIAN_POINT ( 'NONE',  ( 1.000000000000000000, 0.4499999999999999000, -0.7750000000000000200 ) ) ;
#7568 = DIRECTION ( 'NONE',  ( 0.0000000000000000000, 1.000000000000000000, 0.0000000000000000000 ) ) ;
#7569 = DIRECTION ( 'NONE',  ( -0.0000000000000000000, -0.0000000000000000000, -1.000000000000000000 ) ) ;
#7570 = DIRECTION ( 'NONE',  ( 1.000000000000000000, 0.0000000000000000000, 0.0000000000000000000 ) ) ;
#7571 = CARTESIAN_POINT ( 'NONE',  ( 0.3868082465873147700, 0.4499999999999999000, -0.01596545225547456000 ) ) ;
#7572 = LINE ( 'NONE', #7573, #5944 ) ;
#7573 = CARTESIAN_POINT ( 'NONE',  ( -1.000000000000000000, -0.4500000000000000100, 0.7750000000000001300 ) ) ;
#7574 = DIRECTION ( 'NONE',  ( -1.000000000000000000, -5.421010862427522200E-017, -0.0000000000000000000 ) ) ;
#7575 = LINE ( 'NONE', #7576, #6009 ) ;
#7576 = CARTESIAN_POINT ( 'NONE',  ( 0.3955822850488532300, 0.4489999999999998400, 0.04332941953939724300 ) ) ;
#7577 = DIRECTION ( 'NONE',  ( -0.0000000000000000000, 1.000000000000000000, -0.0000000000000000000 ) ) ;
#7578 = CARTESIAN_POINT ( 'NONE',  ( 0.3885673973582671200, 0.4499999999999999600, -0.01624584827414868000 ) ) ;
#7579 = CARTESIAN_POINT ( 'NONE',  ( 0.3919988198375788900, 0.4499999999999998400, -0.01679279241189706200 ) ) ;
#7580 = CARTESIAN_POINT ( 'NONE',  ( 0.3954721312239900500, 0.4499999999999999000, -0.01688301942470923900 ) ) ;
#7581 = CARTESIAN_POINT ( 'NONE',  ( 0.3971648171001352400, 0.4499999999999999000, -0.01692699071701301800 ) ) ;
#7582 = CARTESIAN_POINT ( 'NONE',  ( 0.9750000000000000900, 0.4249999999999998800, 0.7750000000000001300 ) ) ;
#7583 = DIRECTION ( 'NONE',  ( -0.0000000000000000000, -1.000000000000000000, -0.0000000000000000000 ) ) ;
#7584 = DIRECTION ( 'NONE',  ( 0.0000000000000000000, 0.0000000000000000000, 1.000000000000000000 ) ) ;
#7585 = CARTESIAN_POINT ( 'NONE',  ( 0.3166760350488532800, 0.4489999999999998400, 0.04332941953939724300 ) ) ;
#7586 = LINE ( 'NONE', #7587, #5995 ) ;
#7587 = CARTESIAN_POINT ( 'NONE',  ( -0.5000000000000000000, -0.4500000000000000100, 0.8000000000000000400 ) ) ;
#7588 = DIRECTION ( 'NONE',  ( 0.0000000000000000000, 0.0000000000000000000, 1.000000000000000000 ) ) ;
#7589 = LINE ( 'NONE', #7590, #6013 ) ;
#7590 = CARTESIAN_POINT ( 'NONE',  ( 0.4178579260744942300, 0.4489999999999998400, 0.01324127851375621300 ) ) ;
#7591 = DIRECTION ( 'NONE',  ( -0.0000000000000000000, 1.000000000000000000, -0.0000000000000000000 ) ) ;
#7592 = CARTESIAN_POINT ( 'NONE',  ( 0.3158873460778459700, 0.4489999999999998400, 0.04331609509771698600 ) ) ;
#7593 = CARTESIAN_POINT ( 'NONE',  ( 0.3143322053702599100, 0.4489999999999998400, 0.04328982189950507400 ) ) ;
#7594 = CARTESIAN_POINT ( 'NONE',  ( 0.3120278503577042000, 0.4489999999999998400, 0.04301800099984256400 ) ) ;
#7595 = CARTESIAN_POINT ( 'NONE',  ( 0.3097912091165628800, 0.4489999999999999000, 0.04258098662234670300 ) ) ;
#7596 = CARTESIAN_POINT ( 'NONE',  ( 0.3076112447154884000, 0.4489999999999997300, 0.04196908364831571100 ) ) ;
#7597 = CARTESIAN_POINT ( 'NONE',  ( 0.3054767728559545400, 0.4489999999999999000, 0.04122008832501752900 ) ) ;
#7598 = CARTESIAN_POINT ( 'NONE',  ( 0.3034168789515032700, 0.4489999999999999000, 0.04024426879350366500 ) ) ;
#7599 = CARTESIAN_POINT ( 'NONE',  ( 0.3014086594174839000, 0.4489999999999997900, 0.03912043825190472700 ) ) ;
#7600 = CARTESIAN_POINT ( 'NONE',  ( 0.2994574721026815900, 0.4489999999999997900, 0.03784056906795373700 ) ) ;
#7601 = CARTESIAN_POINT ( 'NONE',  ( 0.2975999817872578300, 0.4489999999999997900, 0.03637423526428541100 ) ) ;
#7602 = CARTESIAN_POINT ( 'NONE',  ( 0.2958257359211482500, 0.4489999999999998400, 0.03475239844467147000 ) ) ;
#7603 = CARTESIAN_POINT ( 'NONE',  ( 0.2941793068040919900, 0.4489999999999998400, 0.03293458669331663500 ) ) ;
#7604 = CARTESIAN_POINT ( 'NONE',  ( 0.2926469040721683100, 0.4489999999999997900, 0.03094950317595330700 ) ) ;
#7605 = CARTESIAN_POINT ( 'NONE',  ( 0.2911905015522900400, 0.4489999999999998400, 0.02881541053787467500 ) ) ;
#7606 = CARTESIAN_POINT ( 'NONE',  ( 0.2898508051717400000, 0.4489999999999998400, 0.02650317130800554400 ) ) ;
#7607 = CARTESIAN_POINT ( 'NONE',  ( 0.2886116379126528200, 0.4489999999999998400, 0.02402195386544530100 ) ) ;
#7608 = CARTESIAN_POINT ( 'NONE',  ( 0.2874789667506949000, 0.4489999999999999500, 0.02135572784615681300 ) ) ;
#7609 = CARTESIAN_POINT ( 'NONE',  ( 0.2864747192216970900, 0.4489999999999999000, 0.01846558705016289700 ) ) ;
#7610 = CARTESIAN_POINT ( 'NONE',  ( 0.2855876418470279500, 0.4489999999999997900, 0.01531846766437749100 ) ) ;
#7611 = CARTESIAN_POINT ( 'NONE',  ( 0.2848872373478831300, 0.4489999999999999500, 0.01188659234683344700 ) ) ;
#7612 = CARTESIAN_POINT ( 'NONE',  ( 0.2842877243383725200, 0.4489999999999998400, 0.008197524715251036700 ) ) ;
#7613 = CARTESIAN_POINT ( 'NONE',  ( 0.2838041705371297500, 0.4490000000000000100, 0.004235412418512610900 ) ) ;
#7614 = CARTESIAN_POINT ( 'NONE',  ( 0.2834740469566047700, 0.4489999999999999000, -1.895529684322179800E-006 ) ) ;
#7615 = CARTESIAN_POINT ( 'NONE',  ( 0.2832700093841543600, 0.4489999999999997300, -0.004511758641859995100 ) ) ;
#7616 = CARTESIAN_POINT ( 'NONE',  ( 0.2832518645150082200, 0.4489999999999999000, -0.007605180765191638800 ) ) ;
#7617 = CARTESIAN_POINT ( 'NONE',  ( 0.2832425414591096000, 0.4489999999999998400, -0.009194618922141226100 ) ) ;
#7618 = CARTESIAN_POINT ( 'NONE',  ( -0.9750000000000000900, -0.4249999999999999900, -0.7750000000000001300 ) ) ;
#7619 = LINE ( 'NONE', #7620, #5996 ) ;
#7620 = CARTESIAN_POINT ( 'NONE',  ( 0.06657587479244293800, 0.4499999999999999000, -0.05923468302470532400 ) ) ;
#7621 = DIRECTION ( 'NONE',  ( 0.0000000000000000000, 0.0000000000000000000, 1.000000000000000000 ) ) ;
#7622 = LINE ( 'NONE', #7623, #5947 ) ;
#7623 = CARTESIAN_POINT ( 'NONE',  ( -0.2167574585408904300, 0.4499999999999999000, 0.04076531697529468100 ) ) ;
#7624 = DIRECTION ( 'NONE',  ( 0.1308757600508720900, 0.0000000000000000000, -0.9913987771987146100 ) ) ;
#7625 = DIRECTION ( 'NONE',  ( 1.000000000000000000, 0.0000000000000000000, 0.0000000000000000000 ) ) ;
#7626 = DIRECTION ( 'NONE',  ( 0.0000000000000000000, 0.0000000000000000000, 1.000000000000000000 ) ) ;
#7627 = CARTESIAN_POINT ( 'NONE',  ( 0.4268322850488532900, 0.4499999999999999000, 0.01270041312914082900 ) ) ;
#7628 = LINE ( 'NONE', #7629, #5954 ) ;
#7629 = CARTESIAN_POINT ( 'NONE',  ( 1.000000000000000000, 0.4499999999999999000, 0.7750000000000001300 ) ) ;
#7630 = DIRECTION ( 'NONE',  ( 1.000000000000000000, -0.0000000000000000000, -0.0000000000000000000 ) ) ;
#7631 = LINE ( 'NONE', #7632, #6011 ) ;
#7632 = CARTESIAN_POINT ( 'NONE',  ( 0.5000000000000000000, 0.0000000000000000000, 0.8000000000000000400 ) ) ;
#7633 = DIRECTION ( 'NONE',  ( 0.0000000000000000000, 1.000000000000000000, -0.0000000000000000000 ) ) ;
#7634 = LINE ( 'NONE', #7635, #5950 ) ;
#7635 = CARTESIAN_POINT ( 'NONE',  ( -0.1198023303357622400, 0.4499999999999999000, -0.05923468302470532400 ) ) ;
#7636 = DIRECTION ( 'NONE',  ( 1.000000000000000000, 0.0000000000000000000, 0.0000000000000000000 ) ) ;
#7637 = CARTESIAN_POINT ( 'NONE',  ( 0.4267916249093043300, 0.4499999999999998400, 0.01409983324190719100 ) ) ;
#7638 = CARTESIAN_POINT ( 'NONE',  ( 0.4267116153771999300, 0.4499999999999998400, 0.01685356084054002000 ) ) ;
#7639 = CARTESIAN_POINT ( 'NONE',  ( 0.4259143640623239100, 0.4499999999999999600, 0.02086432388066840300 ) ) ;
#7640 = CARTESIAN_POINT ( 'NONE',  ( 0.4246755170693143900, 0.4499999999999999000, 0.02468525289589893300 ) ) ;
#7641 = CARTESIAN_POINT ( 'NONE',  ( 0.4229047305435102400, 0.4499999999999999000, 0.02825534350642408900 ) ) ;
#7642 = CARTESIAN_POINT ( 'NONE',  ( 0.4207052338868320600, 0.4500000000000000700, 0.03156970263722697100 ) ) ;
#7643 = CARTESIAN_POINT ( 'NONE',  ( 0.4180230169534666100, 0.4499999999999996200, 0.03450643022070417500 ) ) ;
#7644 = CARTESIAN_POINT ( 'NONE',  ( 0.4149532030010644700, 0.4500000000000000700, 0.03712557414406063300 ) ) ;
#7645 = CARTESIAN_POINT ( 'NONE',  ( 0.4114821516244934200, 0.4499999999999999600, 0.03931576326428713700 ) ) ;
#7646 = CARTESIAN_POINT ( 'NONE',  ( 0.4077466383640260800, 0.4499999999999999000, 0.04110442186464229700 ) ) ;
#7647 = CARTESIAN_POINT ( 'NONE',  ( 0.4038222955807594400, 0.4499999999999999600, 0.04238914306701022800 ) ) ;
#7648 = CARTESIAN_POINT ( 'NONE',  ( 0.3997472342567823800, 0.4499999999999997300, 0.04318009933532248500 ) ) ;
#7649 = CARTESIAN_POINT ( 'NONE',  ( 0.3969813883123664600, 0.4499999999999999600, 0.04327925941153020600 ) ) ;
#7650 = CARTESIAN_POINT ( 'NONE',  ( 0.3955822850488532300, 0.4499999999999999000, 0.04332941953939724300 ) ) ;
#7651 = CARTESIAN_POINT ( 'NONE',  ( 0.3166760350488532800, 0.4499999999999999000, 0.04332941953939724300 ) ) ;
#7652 = CARTESIAN_POINT ( 'NONE',  ( 0.3158873460778459700, 0.4499999999999999000, 0.04331609509771698600 ) ) ;
#7653 = CARTESIAN_POINT ( 'NONE',  ( 0.3143322053702599100, 0.4499999999999999000, 0.04328982189950507400 ) ) ;
#7654 = CARTESIAN_POINT ( 'NONE',  ( 0.3120278503577042000, 0.4499999999999999000, 0.04301800099984256400 ) ) ;
#7655 = CARTESIAN_POINT ( 'NONE',  ( 0.3097912091165628800, 0.4499999999999999600, 0.04258098662234670300 ) ) ;
#7656 = CARTESIAN_POINT ( 'NONE',  ( 0.3076112447154884000, 0.4499999999999997900, 0.04196908364831571100 ) ) ;
#7657 = CARTESIAN_POINT ( 'NONE',  ( 0.3054767728559545400, 0.4499999999999999600, 0.04122008832501752900 ) ) ;
#7658 = CARTESIAN_POINT ( 'NONE',  ( 0.3034168789515032700, 0.4499999999999999600, 0.04024426879350366500 ) ) ;
#7659 = CARTESIAN_POINT ( 'NONE',  ( 0.3014086594174839000, 0.4499999999999998400, 0.03912043825190472700 ) ) ;
#7660 = CARTESIAN_POINT ( 'NONE',  ( 0.2994574721026815900, 0.4499999999999998400, 0.03784056906795373700 ) ) ;
#7661 = CARTESIAN_POINT ( 'NONE',  ( 0.2975999817872578300, 0.4499999999999998400, 0.03637423526428541100 ) ) ;
#7662 = CARTESIAN_POINT ( 'NONE',  ( 0.2958257359211482500, 0.4499999999999999000, 0.03475239844467147000 ) ) ;
#7663 = CARTESIAN_POINT ( 'NONE',  ( 0.2941793068040919900, 0.4499999999999999000, 0.03293458669331663500 ) ) ;
#7664 = CARTESIAN_POINT ( 'NONE',  ( 0.2926469040721683100, 0.4499999999999998400, 0.03094950317595330700 ) ) ;
#7665 = CARTESIAN_POINT ( 'NONE',  ( 0.2911905015522900400, 0.4499999999999999000, 0.02881541053787467500 ) ) ;
#7666 = CARTESIAN_POINT ( 'NONE',  ( 0.2898508051717400000, 0.4499999999999999000, 0.02650317130800554400 ) ) ;
#7667 = CARTESIAN_POINT ( 'NONE',  ( 0.2886116379126528200, 0.4499999999999999000, 0.02402195386544530100 ) ) ;
#7668 = CARTESIAN_POINT ( 'NONE',  ( 0.2874789667506949000, 0.4500000000000000100, 0.02135572784615681300 ) ) ;
#7669 = CARTESIAN_POINT ( 'NONE',  ( 0.2864747192216970900, 0.4499999999999999600, 0.01846558705016289700 ) ) ;
#7670 = CARTESIAN_POINT ( 'NONE',  ( 0.2855876418470279500, 0.4499999999999998400, 0.01531846766437749100 ) ) ;
#7671 = CARTESIAN_POINT ( 'NONE',  ( 0.2848872373478831300, 0.4500000000000000100, 0.01188659234683344700 ) ) ;
#7672 = CARTESIAN_POINT ( 'NONE',  ( 0.2842877243383725200, 0.4499999999999999000, 0.008197524715251036700 ) ) ;
#7673 = CARTESIAN_POINT ( 'NONE',  ( 0.2838041705371297500, 0.4500000000000000700, 0.004235412418512610900 ) ) ;
#7674 = CARTESIAN_POINT ( 'NONE',  ( 0.2834740469566047700, 0.4499999999999999600, -1.895529684322179800E-006 ) ) ;
#7675 = CARTESIAN_POINT ( 'NONE',  ( 0.2832700093841543600, 0.4499999999999997900, -0.004511758641859995100 ) ) ;
#7676 = CARTESIAN_POINT ( 'NONE',  ( 0.2832518645150082200, 0.4499999999999999600, -0.007605180765191638800 ) ) ;
#7677 = CARTESIAN_POINT ( 'NONE',  ( 0.2832425414591096000, 0.4499999999999999000, -0.009194618922141226100 ) ) ;
#7678 = CARTESIAN_POINT ( 'NONE',  ( -0.9750000000000000900, -0.4249999999999999900, 0.7750000000000001300 ) ) ;
#7679 = DIRECTION ( 'NONE',  ( -1.000000000000000000, 0.0000000000000000000, 0.0000000000000000000 ) ) ;
#7680 = DIRECTION ( 'NONE',  ( 0.0000000000000000000, 0.0000000000000000000, 1.000000000000000000 ) ) ;
#7681 = CARTESIAN_POINT ( 'NONE',  ( 0.2652938235103917700, 0.4499999999999999600, 0.01181900287273057600 ) ) ;
#7682 = LINE ( 'NONE', #7683, #5991 ) ;
#7683 = CARTESIAN_POINT ( 'NONE',  ( 0.9750000000000000900, 0.4499999999999999000, 0.8000000000000000400 ) ) ;
#7684 = DIRECTION ( 'NONE',  ( 0.0000000000000000000, 1.000000000000000000, -0.0000000000000000000 ) ) ;
#7685 = CARTESIAN_POINT ( 'NONE',  ( 0.2652679421237160700, 0.4499999999999997900, 0.01113679314163785800 ) ) ;
#7686 = CARTESIAN_POINT ( 'NONE',  ( 0.2652169085502609800, 0.4499999999999998400, 0.009791594723178986100 ) ) ;
#7687 = CARTESIAN_POINT ( 'NONE',  ( 0.2648930030824243100, 0.4499999999999997300, 0.007798265388534096800 ) ) ;
#7688 = CARTESIAN_POINT ( 'NONE',  ( 0.2643239780215933500, 0.4500000000000000700, 0.005872470697342123600 ) ) ;
#7689 = CARTESIAN_POINT ( 'NONE',  ( 0.2635431952541315600, 0.4499999999999997900, 0.003991041956701783600 ) ) ;
#7690 = CARTESIAN_POINT ( 'NONE',  ( 0.2625037391776272600, 0.4499999999999999600, 0.002192100507212287600 ) ) ;
#7691 = CARTESIAN_POINT ( 'NONE',  ( 0.2612796000347952200, 0.4499999999999999000, 0.0004287813268391280100 ) ) ;
#7692 = CARTESIAN_POINT ( 'NONE',  ( 0.2598026252164246700, 0.4499999999999999600, -0.001249974233063040500 ) ) ;
#7693 = CARTESIAN_POINT ( 'NONE',  ( 0.2581336938978344700, 0.4499999999999999600, -0.002857205547667361400 ) ) ;
#7694 = CARTESIAN_POINT ( 'NONE',  ( 0.2563148664489574000, 0.4499999999999998400, -0.004343369453758845300 ) ) ;
#7695 = CARTESIAN_POINT ( 'NONE',  ( 0.2543815194531219800, 0.4499999999999998400, -0.005658067699716221700 ) ) ;
#7696 = CARTESIAN_POINT ( 'NONE',  ( 0.2523485348228053900, 0.4499999999999999600, -0.006765271021478112500 ) ) ;
#7697 = CARTESIAN_POINT ( 'NONE',  ( 0.2502202145118218600, 0.4499999999999998400, -0.007665742317256132500 ) ) ;
#7698 = CARTESIAN_POINT ( 'NONE',  ( 0.2480012843422422200, 0.4500000000000000100, -0.008373955736025388800 ) ) ;
#7699 = CARTESIAN_POINT ( 'NONE',  ( 0.2456933763829093300, 0.4499999999999998400, -0.008868698455666401700 ) ) ;
#7700 = CARTESIAN_POINT ( 'NONE',  ( 0.2432937885329518000, 0.4499999999999998400, -0.009180115679728935400 ) ) ;
#7701 = CARTESIAN_POINT ( 'NONE',  ( 0.2416636493680250100, 0.4499999999999998400, -0.009216288417425087100 ) ) ;
#7702 = CARTESIAN_POINT ( 'NONE',  ( 0.2408346888950070000, 0.4499999999999999000, -0.009234683024705323300 ) ) ;
#7703 = CARTESIAN_POINT ( 'NONE',  ( 0.3960630542796224600, 0.4489999999999998400, 0.03307300928298698200 ) ) ;
#7704 = LINE ( 'NONE', #7705, #6000 ) ;
#7705 = CARTESIAN_POINT ( 'NONE',  ( -1.000000000000000000, 0.4499999999999999000, 0.7750000000000001300 ) ) ;
#7706 = DIRECTION ( 'NONE',  ( -0.0000000000000000000, 1.000000000000000000, -0.0000000000000000000 ) ) ;
#7707 = CARTESIAN_POINT ( 'NONE',  ( 0.3968049256657975600, 0.4489999999999999000, 0.03305103495744999400 ) ) ;
#7708 = CARTESIAN_POINT ( 'NONE',  ( 0.3982598357971713400, 0.4490000000000000100, 0.03300794033289694600 ) ) ;
#7709 = CARTESIAN_POINT ( 'NONE',  ( 0.4004076489466125200, 0.4489999999999997900, 0.03274852122318038000 ) ) ;
#7710 = CARTESIAN_POINT ( 'NONE',  ( 0.4024670294790363400, 0.4489999999999999500, 0.03228953128225880300 ) ) ;
#7711 = CARTESIAN_POINT ( 'NONE',  ( 0.4044397868674601800, 0.4489999999999998400, 0.03163773784610578900 ) ) ;
#7712 = CARTESIAN_POINT ( 'NONE',  ( 0.4063409706121994800, 0.4489999999999998400, 0.03084192042930146800 ) ) ;
#7713 = CARTESIAN_POINT ( 'NONE',  ( 0.4081439626553489100, 0.4489999999999997900, 0.02983529415103711500 ) ) ;
#7714 = CARTESIAN_POINT ( 'NONE',  ( 0.4098590510423579200, 0.4489999999999998400, 0.02863654792956926400 ) ) ;
#7715 = CARTESIAN_POINT ( 'NONE',  ( 0.4114807824579942400, 0.4489999999999998400, 0.02729024998027537400 ) ) ;
#7716 = CARTESIAN_POINT ( 'NONE',  ( 0.4129846092676836600, 0.4489999999999999500, 0.02582245421020789400 ) ) ;
#7717 = CARTESIAN_POINT ( 'NONE',  ( 0.4142782458068858300, 0.4489999999999997900, 0.02424446214086929700 ) ) ;
#7718 = CARTESIAN_POINT ( 'NONE',  ( 0.4153834810423464600, 0.4489999999999997900, 0.02259606513152039000 ) ) ;
#7719 = CARTESIAN_POINT ( 'NONE',  ( 0.4162816006728572400, 0.4489999999999999000, 0.02087612542062691400 ) ) ;
#7720 = CARTESIAN_POINT ( 'NONE',  ( 0.4169976375676434600, 0.4489999999999998400, 0.01907242577390028500 ) ) ;
#7721 = CARTESIAN_POINT ( 'NONE',  ( 0.4174868223445275000, 0.4490000000000000100, 0.01719480509050247800 ) ) ;
#7722 = CARTESIAN_POINT ( 'NONE',  ( 0.4178048020280741300, 0.4489999999999998400, 0.01524189006293534000 ) ) ;
#7723 = CARTESIAN_POINT ( 'NONE',  ( 0.4178399839206636300, 0.4489999999999999000, 0.01391696650421673000 ) ) ;
#7724 = CARTESIAN_POINT ( 'NONE',  ( 0.4178579260744942300, 0.4489999999999998400, 0.01324127851375621300 ) ) ;
#7725 = CARTESIAN_POINT ( 'NONE',  ( 0.3971648171001352400, 0.4489999999999998400, -0.01692699071701301800 ) ) ;
#7726 = LINE ( 'NONE', #7727, #5956 ) ;
#7727 = CARTESIAN_POINT ( 'NONE',  ( -1.000000000000000000, 0.4249999999999998800, 0.8000000000000000400 ) ) ;
#7728 = DIRECTION ( 'NONE',  ( -1.000000000000000000, 0.0000000000000000000, 0.0000000000000000000 ) ) ;
#7729 = LINE ( 'NONE', #7730, #5994 ) ;
#7730 = CARTESIAN_POINT ( 'NONE',  ( 0.0000000000000000000, 0.4249999999999998800, -0.8000000000000000400 ) ) ;
#7731 = DIRECTION ( 'NONE',  ( 1.000000000000000000, -0.0000000000000000000, 0.0000000000000000000 ) ) ;
#7732 = LINE ( 'NONE', #7733, #5987 ) ;
#7733 = CARTESIAN_POINT ( 'NONE',  ( -1.000000000000000000, 0.4499999999999999000, -0.7750000000000000200 ) ) ;
#7734 = DIRECTION ( 'NONE',  ( -1.000000000000000000, 0.0000000000000000000, 0.0000000000000000000 ) ) ;
#7735 = LINE ( 'NONE', #7736, #6007 ) ;
#7736 = CARTESIAN_POINT ( 'NONE',  ( -0.1619297341819160600, 0.4499999999999999000, 0.04076531697529468100 ) ) ;
#7737 = DIRECTION ( 'NONE',  ( -0.4489997666093129600, 0.0000000000000000000, -0.8935318738493789300 ) ) ;
#7738 = LINE ( 'NONE', #7739, #5999 ) ;
#7739 = CARTESIAN_POINT ( 'NONE',  ( 0.3971648171001352400, 0.4489999999999998400, -0.01692699071701301800 ) ) ;
#7740 = DIRECTION ( 'NONE',  ( -0.0000000000000000000, 1.000000000000000000, -0.0000000000000000000 ) ) ;
#7741 = CARTESIAN_POINT ( 'NONE',  ( 0.3981811741382827500, 0.4489999999999996800, -0.01689967323999091700 ) ) ;
#7742 = CARTESIAN_POINT ( 'NONE',  ( 0.4001818427227384900, 0.4489999999999996800, -0.01684589959939674200 ) ) ;
#7743 = CARTESIAN_POINT ( 'NONE',  ( 0.4031191799277097900, 0.4490000000000000100, -0.01643207529391553500 ) ) ;
#7744 = CARTESIAN_POINT ( 'NONE',  ( 0.4059417209555149000, 0.4489999999999999000, -0.01577992923895498900 ) ) ;
#7745 = CARTESIAN_POINT ( 'NONE',  ( 0.4086377670199551300, 0.4489999999999999500, -0.01482929335472052800 ) ) ;
#7746 = CARTESIAN_POINT ( 'NONE',  ( 0.4112169950730856200, 0.4489999999999997900, -0.01361494037294083200 ) ) ;
#7747 = CARTESIAN_POINT ( 'NONE',  ( 0.4136942063904723900, 0.4490000000000000700, -0.01215954407921267400 ) ) ;
#7748 = CARTESIAN_POINT ( 'NONE',  ( 0.4160228352506498100, 0.4489999999999999000, -0.01038795321187660700 ) ) ;
#7749 = CARTESIAN_POINT ( 'NONE',  ( 0.4182328689424186200, 0.4489999999999998400, -0.008408954475194897100 ) ) ;
#7750 = CARTESIAN_POINT ( 'NONE',  ( 0.4202393574393598600, 0.4489999999999997900, -0.006217040632476340500 ) ) ;
#7751 = CARTESIAN_POINT ( 'NONE',  ( 0.4220158161695751200, 0.4490000000000000100, -0.003891288155160560700 ) ) ;
#7752 = CARTESIAN_POINT ( 'NONE',  ( 0.4235080102191208800, 0.4489999999999997900, -0.001434120126640811700 ) ) ;
#7753 = CARTESIAN_POINT ( 'NONE',  ( 0.4247186936938235300, 0.4489999999999997900, 0.001153218900025660900 ) ) ;
#7754 = CARTESIAN_POINT ( 'NONE',  ( 0.4256588330823342600, 0.4489999999999998400, 0.003866740601755400700 ) ) ;
#7755 = CARTESIAN_POINT ( 'NONE',  ( 0.4263441943692944900, 0.4489999999999999500, 0.006702973158566895800 ) ) ;
#7756 = CARTESIAN_POINT ( 'NONE',  ( 0.4267493255927186600, 0.4489999999999997300, 0.009663872343141732500 ) ) ;
#7757 = CARTESIAN_POINT ( 'NONE',  ( 0.4268043396131499000, 0.4489999999999998400, 0.01167753449360409500 ) ) ;
#7758 = CARTESIAN_POINT ( 'NONE',  ( 0.4268322850488532900, 0.4489999999999998400, 0.01270041312914082900 ) ) ;
#7759 = CARTESIAN_POINT ( 'NONE',  ( 0.4268322850488532900, 0.4489999999999998400, 0.01270041312914082900 ) ) ;
#7760 = LINE ( 'NONE', #7761, #5957 ) ;
#7761 = CARTESIAN_POINT ( 'NONE',  ( 0.4063194645360327400, 0.4489999999999998400, -0.06179878558880789300 ) ) ;
#7762 = DIRECTION ( 'NONE',  ( 0.7863974287229266200, 0.0000000000000000000, 0.6177208787939496600 ) ) ;
#7763 = LINE ( 'NONE', #7764, #5988 ) ;
#7764 = CARTESIAN_POINT ( 'NONE',  ( 1.000000000000000000, -0.4249999999999998800, 0.8000000000000000400 ) ) ;
#7765 = DIRECTION ( 'NONE',  ( 1.000000000000000000, 5.421010862427522200E-017, 0.0000000000000000000 ) ) ;
#7766 = CARTESIAN_POINT ( 'NONE',  ( 0.4267916249093043300, 0.4489999999999997900, 0.01409983324190719100 ) ) ;
#7767 = CARTESIAN_POINT ( 'NONE',  ( 0.4267116153771999300, 0.4489999999999997900, 0.01685356084054002000 ) ) ;
#7768 = CARTESIAN_POINT ( 'NONE',  ( 0.4259143640623239100, 0.4489999999999999000, 0.02086432388066840300 ) ) ;
#7769 = CARTESIAN_POINT ( 'NONE',  ( 0.4246755170693143900, 0.4489999999999998400, 0.02468525289589893300 ) ) ;
#7770 = CARTESIAN_POINT ( 'NONE',  ( 0.4229047305435102400, 0.4489999999999998400, 0.02825534350642408900 ) ) ;
#7771 = CARTESIAN_POINT ( 'NONE',  ( 0.4207052338868320600, 0.4490000000000000100, 0.03156970263722697100 ) ) ;
#7772 = CARTESIAN_POINT ( 'NONE',  ( 0.4180230169534666100, 0.4489999999999995700, 0.03450643022070417500 ) ) ;
#7773 = CARTESIAN_POINT ( 'NONE',  ( 0.4149532030010644700, 0.4490000000000000100, 0.03712557414406063300 ) ) ;
#7774 = CARTESIAN_POINT ( 'NONE',  ( 0.4114821516244934200, 0.4489999999999999000, 0.03931576326428713700 ) ) ;
#7775 = CARTESIAN_POINT ( 'NONE',  ( 0.4077466383640260800, 0.4489999999999998400, 0.04110442186464229700 ) ) ;
#7776 = CARTESIAN_POINT ( 'NONE',  ( 0.4038222955807594400, 0.4489999999999999000, 0.04238914306701022800 ) ) ;
#7777 = CARTESIAN_POINT ( 'NONE',  ( 0.3997472342567823800, 0.4489999999999996800, 0.04318009933532248500 ) ) ;
#7778 = CARTESIAN_POINT ( 'NONE',  ( 0.3969813883123664600, 0.4489999999999999000, 0.04327925941153020600 ) ) ;
#7779 = CARTESIAN_POINT ( 'NONE',  ( 0.3955822850488532300, 0.4489999999999998400, 0.04332941953939724300 ) ) ;
#7780 = CARTESIAN_POINT ( 'NONE',  ( -0.5000000000000000000, -0.4249999999999999300, 0.7750000000000001300 ) ) ;
#7781 = LINE ( 'NONE', #7782, #5980 ) ;
#7782 = CARTESIAN_POINT ( 'NONE',  ( 0.4132305222283404500, 0.4489999999999998400, -0.05637009969137199400 ) ) ;
#7783 = DIRECTION ( 'NONE',  ( -0.0000000000000000000, 1.000000000000000000, -0.0000000000000000000 ) ) ;
#7784 = DIRECTION ( 'NONE',  ( 1.000000000000000000, -0.0000000000000000000, -0.0000000000000000000 ) ) ;
#7785 = DIRECTION ( 'NONE',  ( 0.0000000000000000000, 0.0000000000000000000, 1.000000000000000000 ) ) ;
#7786 = CARTESIAN_POINT ( 'NONE',  ( 0.3742681824847506900, 0.4489999999999997900, 0.01324127851375621300 ) ) ;
#7787 = LINE ( 'NONE', #7788, #2320 ) ;
#7788 = CARTESIAN_POINT ( 'NONE',  ( 0.4132305222283404500, 0.4499999999999999000, -0.05637009969137199400 ) ) ;
#7789 = DIRECTION ( 'NONE',  ( -0.5473052603538086600, 0.0000000000000000000, 0.8369330630277725900 ) ) ;
#7790 = LINE ( 'NONE', #7791, #2321 ) ;
#7791 = CARTESIAN_POINT ( 'NONE',  ( 0.3166760350488532800, 0.4489999999999998400, 0.04332941953939724300 ) ) ;
#7792 = DIRECTION ( 'NONE',  ( -0.0000000000000000000, 1.000000000000000000, -0.0000000000000000000 ) ) ;
#7793 = LINE ( 'NONE', #7794, #2318 ) ;
#7794 = CARTESIAN_POINT ( 'NONE',  ( 1.000000000000000000, 0.4499999999999999000, 0.7750000000000001300 ) ) ;
#7795 = DIRECTION ( 'NONE',  ( 1.000000000000000000, -0.0000000000000000000, -0.0000000000000000000 ) ) ;
#7796 = LINE ( 'NONE', #7797, #2316 ) ;
#7797 = CARTESIAN_POINT ( 'NONE',  ( -1.000000000000000000, -0.4250000000000000400, 0.8000000000000000400 ) ) ;
#7798 = DIRECTION ( 'NONE',  ( -0.0000000000000000000, -0.0000000000000000000, 1.000000000000000000 ) ) ;
#7799 = CARTESIAN_POINT ( 'NONE',  ( 0.3742860785270472600, 0.4489999999999999000, 0.01391699222469918600 ) ) ;
#7800 = CARTESIAN_POINT ( 'NONE',  ( 0.3743211700017828900, 0.4489999999999999500, 0.01524196621745485500 ) ) ;
#7801 = CARTESIAN_POINT ( 'NONE',  ( 0.3746398077123142500, 0.4489999999999998400, 0.01719451420515170600 ) ) ;
#7802 = CARTESIAN_POINT ( 'NONE',  ( 0.3751265243501337200, 0.4489999999999998400, 0.01907351158808177200 ) ) ;
#7803 = CARTESIAN_POINT ( 'NONE',  ( 0.3758505356604434600, 0.4489999999999999000, 0.02086927155333966100 ) ) ;
#7804 = CARTESIAN_POINT ( 'NONE',  ( 0.3767141610365825600, 0.4489999999999997900, 0.02260916635426439600 ) ) ;
#7805 = CARTESIAN_POINT ( 'NONE',  ( 0.3778543131562696100, 0.4489999999999998400, 0.02423017451060193200 ) ) ;
#7806 = CARTESIAN_POINT ( 'NONE',  ( 0.3791176498943241200, 0.4489999999999998400, 0.02583074794183814700 ) ) ;
#7807 = CARTESIAN_POINT ( 'NONE',  ( 0.3806277622785472800, 0.4489999999999997900, 0.02728793283974545100 ) ) ;
#7808 = CARTESIAN_POINT ( 'NONE',  ( 0.3822484297922230700, 0.4489999999999997300, 0.02864383638762564900 ) ) ;
#7809 = CARTESIAN_POINT ( 'NONE',  ( 0.3839798927209627200, 0.4489999999999997900, 0.02982898648813246000 ) ) ;
#7810 = CARTESIAN_POINT ( 'NONE',  ( 0.3857844630025920600, 0.4489999999999998400, 0.03084287715665232800 ) ) ;
#7811 = CARTESIAN_POINT ( 'NONE',  ( 0.3876865036333097500, 0.4489999999999997900, 0.03163747994572251700 ) ) ;
#7812 = CARTESIAN_POINT ( 'NONE',  ( 0.3896590288895295200, 0.4489999999999999000, 0.03228960242706961600 ) ) ;
#7813 = CARTESIAN_POINT ( 'NONE',  ( 0.3917184732908443600, 0.4489999999999999500, 0.03274850183444488100 ) ) ;
#7814 = CARTESIAN_POINT ( 'NONE',  ( 0.3938662691631575300, 0.4489999999999997300, 0.03300794543432641900 ) ) ;
#7815 = CARTESIAN_POINT ( 'NONE',  ( 0.3953211816780635200, 0.4489999999999999000, 0.03305103668024515100 ) ) ;
#7816 = CARTESIAN_POINT ( 'NONE',  ( 0.3960630542796224600, 0.4489999999999998400, 0.03307300928298698200 ) ) ;
#7817 = CARTESIAN_POINT ( 'NONE',  ( 0.3652938235103916400, 0.4489999999999998400, 0.01288070159067929300 ) ) ;
#7818 = LINE ( 'NONE', #7819, #2240 ) ;
#7819 = CARTESIAN_POINT ( 'NONE',  ( 0.3764717081257762900, 0.4489999999999998400, -0.01616577276829507200 ) ) ;
#7820 = DIRECTION ( 'NONE',  ( 0.5473879298857831100, 0.0000000000000000000, -0.8368789961609485200 ) ) ;
#7821 = LINE ( 'NONE', #7822, #2236 ) ;
#7822 = CARTESIAN_POINT ( 'NONE',  ( -0.002654894438326293300, 0.4499999999999999000, 0.04076531697529468100 ) ) ;
#7823 = DIRECTION ( 'NONE',  ( 0.0000000000000000000, 0.0000000000000000000, -1.000000000000000000 ) ) ;
#7824 = LINE ( 'NONE', #7825, #2257 ) ;
#7825 = CARTESIAN_POINT ( 'NONE',  ( -0.2035563367460186400, 0.4499999999999999000, -0.05923468302470532400 ) ) ;
#7826 = DIRECTION ( 'NONE',  ( 1.000000000000000000, 0.0000000000000000000, 0.0000000000000000000 ) ) ;
#7827 = CARTESIAN_POINT ( 'NONE',  ( 0.3653275790820076400, 0.4489999999999998400, 0.01185085635611165200 ) ) ;
#7828 = CARTESIAN_POINT ( 'NONE',  ( 0.3653965015096842800, 0.4489999999999997900, 0.009748109156178474300 ) ) ;
#7829 = CARTESIAN_POINT ( 'NONE',  ( 0.3658777412336368700, 0.4489999999999997900, 0.006563422643506242400 ) ) ;
#7830 = CARTESIAN_POINT ( 'NONE',  ( 0.3666510210845888000, 0.4490000000000000700, 0.003304820308460354900 ) ) ;
#7831 = CARTESIAN_POINT ( 'NONE',  ( 0.3675170281232298400, 0.4489999999999997900, 0.0005404147771401320000 ) ) ;
#7832 = CARTESIAN_POINT ( 'NONE',  ( 0.3684320455530899500, 0.4489999999999998400, -0.001724200135990949600 ) ) ;
#7833 = CARTESIAN_POINT ( 'NONE',  ( 0.3691935466841636000, 0.4489999999999997900, -0.003550014153826479500 ) ) ;
#7834 = CARTESIAN_POINT ( 'NONE',  ( 0.3701413751424639200, 0.4489999999999998400, -0.005428901960532571700 ) ) ;
#7835 = CARTESIAN_POINT ( 'NONE',  ( 0.3711520431766073300, 0.4489999999999997300, -0.007425291559971405700 ) ) ;
#7836 = CARTESIAN_POINT ( 'NONE',  ( 0.3723165251455913300, 0.4490000000000000700, -0.009487732493929281600 ) ) ;
#7837 = CARTESIAN_POINT ( 'NONE',  ( 0.3735826865566865800, 0.4489999999999997900, -0.01165069447853967300 ) ) ;
#7838 = CARTESIAN_POINT ( 'NONE',  ( 0.3749855337254161000, 0.4489999999999998400, -0.01387977812602374900 ) ) ;
#7839 = CARTESIAN_POINT ( 'NONE',  ( 0.3759689669467319900, 0.4489999999999998400, -0.01539246941879173100 ) ) ;
#7840 = CARTESIAN_POINT ( 'NONE',  ( 0.3764717081257762900, 0.4489999999999998400, -0.01616577276829507200 ) ) ;
#7841 = CARTESIAN_POINT ( 'NONE',  ( 0.2922169004334686500, 0.4499999999999997900, -0.009234683024705323300 ) ) ;
#7842 = CARTESIAN_POINT ( 'NONE',  ( 0.2922203132068262300, 0.4499999999999999000, -0.007899005916023793900 ) ) ;
#7843 = CARTESIAN_POINT ( 'NONE',  ( 0.2922269367297806700, 0.4499999999999999000, -0.005306718921762131200 ) ) ;
#7844 = CARTESIAN_POINT ( 'NONE',  ( 0.2923999710319871700, 0.4499999999999998400, -0.001539768608163820900 ) ) ;
#7845 = CARTESIAN_POINT ( 'NONE',  ( 0.2926356919462575500, 0.4499999999999997300, 0.001973669358040686500 ) ) ;
#7846 = CARTESIAN_POINT ( 'NONE',  ( 0.2929397290086907000, 0.4500000000000000700, 0.005238056114187307700 ) ) ;
#7847 = CARTESIAN_POINT ( 'NONE',  ( 0.2933912418237195600, 0.4499999999999997900, 0.008242342185896143700 ) ) ;
#7848 = CARTESIAN_POINT ( 'NONE',  ( 0.2938971500470822200, 0.4500000000000000700, 0.01100719027347137600 ) ) ;
#7849 = CARTESIAN_POINT ( 'NONE',  ( 0.2945128097504883200, 0.4500000000000000100, 0.01351796847672296000 ) ) ;
#7850 = CARTESIAN_POINT ( 'NONE',  ( 0.2952412388324027700, 0.4499999999999997900, 0.01579190592542378500 ) ) ;
#7851 = CARTESIAN_POINT ( 'NONE',  ( 0.2960709273150731200, 0.4500000000000001200, 0.01786759359671952200 ) ) ;
#7852 = CARTESIAN_POINT ( 'NONE',  ( 0.2969768091342176500, 0.4499999999999997900, 0.01979905688607202400 ) ) ;
#7853 = VERTEX_POINT ( 'NONE', #3079 ) ;
#7854 = VERTEX_POINT ( 'NONE', #3080 ) ;
#7855 = VERTEX_POINT ( 'NONE', #3081 ) ;
#7856 = VERTEX_POINT ( 'NONE', #3082 ) ;
#7857 = VERTEX_POINT ( 'NONE', #3083 ) ;
#7858 = VERTEX_POINT ( 'NONE', #3084 ) ;
#7859 = VERTEX_POINT ( 'NONE', #3085 ) ;
#7860 = VERTEX_POINT ( 'NONE', #3086 ) ;
#7861 = VERTEX_POINT ( 'NONE', #3087 ) ;
#7862 = VERTEX_POINT ( 'NONE', #3088 ) ;
#7863 = VERTEX_POINT ( 'NONE', #3089 ) ;
#7864 = VERTEX_POINT ( 'NONE', #3090 ) ;
#7865 = VERTEX_POINT ( 'NONE', #3091 ) ;
#7866 = VERTEX_POINT ( 'NONE', #3092 ) ;
#7867 = VERTEX_POINT ( 'NONE', #3093 ) ;
#7868 = VERTEX_POINT ( 'NONE', #3094 ) ;
#7869 = VERTEX_POINT ( 'NONE', #3095 ) ;
#7870 = VERTEX_POINT ( 'NONE', #3096 ) ;
#7871 = VERTEX_POINT ( 'NONE', #3097 ) ;
#7872 = VERTEX_POINT ( 'NONE', #3098 ) ;
#7873 = VERTEX_POINT ( 'NONE', #3099 ) ;
#7874 = VERTEX_POINT ( 'NONE', #3100 ) ;
#7875 = VERTEX_POINT ( 'NONE', #3101 ) ;
#7876 = VERTEX_POINT ( 'NONE', #3102 ) ;
#7877 = VERTEX_POINT ( 'NONE', #3103 ) ;
#7878 = VERTEX_POINT ( 'NONE', #3104 ) ;
#7879 = B_SPLINE_CURVE_WITH_KNOTS ( 'NONE', 3,
 ( #7759, #7766, #7767, #7768, #7769, #7770, #7771, #7772, #7773, #7774, #7775, #7776, #7777, #7778, #7779 ),
 .UNSPECIFIED., .F., .F.,
 ( 4, 1, 1, 1, 1, 1, 1, 1, 1, 1, 1, 1, 4 ),
 ( 0.0000000000000000000, 0.08594794314412808300, 0.1691252118806906000, 0.2503991071860496300, 0.3322897361388361700, 0.4133642879158805900, 0.4941722833711885700, 0.5760217353866382600, 0.6607569692540075100, 0.7457831259137437400, 0.8300435929752240100, 0.9140275458206824600, 0.9999999999999998900 ),
 .UNSPECIFIED. ) ;
#7880 = B_SPLINE_CURVE_WITH_KNOTS ( 'NONE', 3,
 ( #7571, #7578, #7579, #7580, #7581 ),
 .UNSPECIFIED., .F., .F.,
 ( 4, 1, 4 ),
 ( 0.0000000000000000000, 0.5126593363417822900, 1.000000000000000000 ),
 .UNSPECIFIED. ) ;
#7881 = B_SPLINE_CURVE_WITH_KNOTS ( 'NONE', 3,
 ( #7786, #7799, #7800, #7801, #7802, #7803, #7804, #7805, #7806, #7807, #7808, #7809, #7810, #7811, #7812, #7813, #7814, #7815, #7816 ),
 .UNSPECIFIED., .F., .F.,
 ( 4, 1, 1, 1, 1, 1, 1, 1, 1, 1, 1, 1, 1, 1, 1, 1, 4 ),
 ( 0.0000000000000000000, 0.06184170298390894600, 0.1212623730944465700, 0.1807459488653170000, 0.2392309018221059900, 0.2983075587884649300, 0.3581827976158473700, 0.4203592307800687000, 0.4847924155141840100, 0.5499384837666879700, 0.6137182775404279600, 0.6766807072496327000, 0.7391541704483173300, 0.8021997032403530600, 0.8667401776162992900, 0.9320496524002467300, 1.000000000000000000 ),
 .UNSPECIFIED. ) ;
#7882 = B_SPLINE_CURVE_WITH_KNOTS ( 'NONE', 3,
 ( #6079, #6083, #6084, #6085, #6086, #6087, #6088, #6089, #6090, #6091, #6092, #6093, #6094, #6095, #6096, #6097, #6098, #6099, #6100 ),
 .UNSPECIFIED., .F., .F.,
 ( 4, 1, 1, 1, 1, 1, 1, 1, 1, 1, 1, 1, 1, 1, 1, 1, 4 ),
 ( 0.0000000000000000000, 0.07059928943359122800, 0.1379009210036193400, 0.2031961978097305300, 0.2667897246502605700, 0.3291063872214230500, 0.3906535452348599600, 0.4526530569344814900, 0.5157480403003724700, 0.5779263408004526900, 0.6389300116184460900, 0.6983507176418217700, 0.7572960374442715400, 0.8163937673501525700, 0.8762669096141290100, 0.9368171089060844900, 1.000000000000000000 ),
 .UNSPECIFIED. ) ;
#7883 = B_SPLINE_CURVE_WITH_KNOTS ( 'NONE', 3,
 ( #6101, #6102, #6103, #6104, #6105, #6106, #6107, #6108, #6109, #6110, #6111, #6112, #6113, #6114, #6115, #6116, #6117, #6118, #6119, #6120, #6121, #6122, #6123, #6124, #6125, #6126, #6127 ),
 .UNSPECIFIED., .F., .F.,
 ( 4, 1, 1, 1, 1, 1, 1, 1, 1, 1, 1, 1, 1, 1, 1, 1, 1, 1, 1, 1, 1, 1, 1, 1, 4 ),
 ( 0.0000000000000000000, 0.03378811616270917300, 0.06719393237387978600, 0.09986241085682411000, 0.1325666121262585900, 0.1651511732547852900, 0.1979131873557912800, 0.2313190035669617800, 0.2650832782673726000, 0.2992553087581145100, 0.3343985665049785100, 0.3699428235093072400, 0.4062835607000603900, 0.4440638196985081100, 0.4829977068727754900, 0.5233544466133039900, 0.5655365896041487600, 0.6096129240658192400, 0.6563908113764167500, 0.7058854949364571400, 0.7583245002617309300, 0.8138317829411499900, 0.8727945590393898500, 0.9347222295400741100, 1.000000000000000000 ),
 .UNSPECIFIED. ) ;
#7884 = B_SPLINE_CURVE_WITH_KNOTS ( 'NONE', 3,
 ( #7585, #7592, #7593, #7594, #7595, #7596, #7597, #7598, #7599, #7600, #7601, #7602, #7603, #7604, #7605, #7606, #7607, #7608, #7609, #7610, #7611, #7612, #7613, #7614, #7615, #7616, #7617 ),
 .UNSPECIFIED., .F., .F.,
 ( 4, 1, 1, 1, 1, 1, 1, 1, 1, 1, 1, 1, 1, 1, 1, 1, 1, 1, 1, 1, 1, 1, 1, 1, 4 ),
 ( 0.0000000000000000000, 0.03378714634699095400, 0.06662165772429487500, 0.09928487809597196000, 0.1313611650426503000, 0.1635851875953435700, 0.1961039269870677700, 0.2289022543238175600, 0.2621580559050079600, 0.2959912222583165300, 0.3302178457248003400, 0.3650598258919538500, 0.4009507373401077800, 0.4376203820767375400, 0.4757075294370919900, 0.5153806916250481800, 0.5564135414931641300, 0.5997648298727310500, 0.6464241555840870600, 0.6964314445175666700, 0.7497815178015573300, 0.8065733069755322000, 0.8674355315653994300, 0.9318867532508740000, 1.000000000000000000 ),
 .UNSPECIFIED. ) ;
#7885 = B_SPLINE_CURVE_WITH_KNOTS ( 'NONE', 3,
 ( #6150, #6154, #6155, #6156, #6157, #6158, #6159, #6160, #6161, #6162, #6163 ),
 .UNSPECIFIED., .F., .F.,
 ( 4, 1, 1, 1, 1, 1, 1, 1, 4 ),
 ( 0.0000000000000000000, 0.1458600603916662400, 0.2824259030758213300, 0.4108504003575542700, 0.5350294213479310800, 0.6547010781259416900, 0.7701334325965034600, 0.8845558441988610200, 1.000000000000000000 ),
 .UNSPECIFIED. ) ;
#7886 = B_SPLINE_CURVE_WITH_KNOTS ( 'NONE', 3,
 ( #6131, #6132, #6133, #6134, #6135, #6136, #6137, #6138, #6139, #6140, #6141, #6142, #6143, #6144, #6145, #6146, #6147, #6148, #6149 ),
 .UNSPECIFIED., .F., .F.,
 ( 4, 1, 1, 1, 1, 1, 1, 1, 1, 1, 1, 1, 1, 1, 1, 1, 4 ),
 ( 0.0000000000000000000, 0.06796237149445516500, 0.1332834028675235200, 0.1978352977570553300, 0.2608919865309878800, 0.3233765044831756200, 0.3863500754690880100, 0.4496377310517143400, 0.5147953269783569500, 0.5792399132410305200, 0.6418141777582888600, 0.7013585647860582900, 0.7607267659857192000, 0.8192220679243874500, 0.8787161693846299300, 0.9381473540533082900, 1.000000000000000000 ),
 .UNSPECIFIED. ) ;
#7887 = B_SPLINE_CURVE_WITH_KNOTS ( 'NONE', 3,
 ( #6205, #6206, #6207, #6208, #6209, #6210, #6211, #6212, #6213, #6214, #6215, #6216, #6217, #6218, #6219, #6220, #6221, #6222, #6223 ),
 .UNSPECIFIED., .F., .F.,
 ( 4, 1, 1, 1, 1, 1, 1, 1, 1, 1, 1, 1, 1, 1, 1, 1, 4 ),
 ( 0.0000000000000000000, 0.06113791491562068500, 0.1199938438512143200, 0.1782253215076173600, 0.2362564202618979700, 0.2949293769549103400, 0.3547157488097533200, 0.4167296639241626600, 0.4806644084708283100, 0.5458317702108652600, 0.6097581054261657100, 0.6729712284742205300, 0.7360168691676619600, 0.7998393981920309800, 0.8647753566655654900, 0.9310876232725690000, 1.000000000000000000 ),
 .UNSPECIFIED. ) ;
#7888 = B_SPLINE_CURVE_WITH_KNOTS ( 'NONE', 3,
 ( #6282, #6283, #6284, #6285, #6286, #6287, #6288, #6289, #6290, #6291, #6292, #6293, #6294, #6295, #6296, #6297, #6298, #6299, #6300, #6301, #6302, #6303, #6304, #6305, #6306, #6307, #7561 ),
 .UNSPECIFIED., .F., .F.,
 ( 4, 1, 1, 1, 1, 1, 1, 1, 1, 1, 1, 1, 1, 1, 1, 1, 1, 1, 1, 1, 1, 1, 1, 1, 4 ),
 ( 0.0000000000000000000, 0.06506328961727923800, 0.1267731664665230100, 0.1855157632260792700, 0.2407646791677151800, 0.2929797960235983600, 0.3422503727797677800, 0.3889192861856606800, 0.4327756640583108600, 0.4746284326311182000, 0.5147746906379535600, 0.5536058934984432500, 0.5914264064311733900, 0.6280281199460676600, 0.6638036341103207300, 0.6989843361316641100, 0.7335914893067063700, 0.7676284691511404700, 0.8012083477865922200, 0.8342638397266241000, 0.8669806947287771500, 0.8997197415181611400, 0.9327019124985385100, 0.9661758834327508500, 1.000000000000000000 ),
 .UNSPECIFIED. ) ;
#7889 = B_SPLINE_CURVE_WITH_KNOTS ( 'NONE', 3,
 ( #7914, #7921, #7922, #7923, #7924, #7925, #7926, #7927, #7928, #7929, #7930 ),
 .UNSPECIFIED., .F., .F.,
 ( 4, 1, 1, 1, 1, 1, 1, 1, 4 ),
 ( 0.0000000000000000000, 0.1105883385953357100, 0.2245417540535956400, 0.3425034940501041600, 0.4643240984173579400, 0.5907560327017664600, 0.7222274753555145700, 0.8588428362087242600, 1.000000000000000000 ),
 .UNSPECIFIED. ) ;
#7890 = B_SPLINE_CURVE_WITH_KNOTS ( 'NONE', 3,
 ( #7931, #7935, #7936, #7937, #7938, #7939, #7940, #7941, #7942, #7943, #7944 ),
 .UNSPECIFIED., .F., .F.,
 ( 4, 1, 1, 1, 1, 1, 1, 1, 4 ),
 ( 0.0000000000000000000, 0.1105883385953357100, 0.2245417540535956400, 0.3425034940501041600, 0.4643240984173579400, 0.5907560327017664600, 0.7222274753555145700, 0.8588428362087242600, 1.000000000000000000 ),
 .UNSPECIFIED. ) ;
#7891 = B_SPLINE_CURVE_WITH_KNOTS ( 'NONE', 3,
 ( #7681, #7685, #7686, #7687, #7688, #7689, #7690, #7691, #7692, #7693, #7694, #7695, #7696, #7697, #7698, #7699, #7700, #7701, #7702 ),
 .UNSPECIFIED., .F., .F.,
 ( 4, 1, 1, 1, 1, 1, 1, 1, 1, 1, 1, 1, 1, 1, 1, 1, 4 ),
 ( 0.0000000000000000000, 0.05733942592015884400, 0.1130633316232406300, 0.1691814487493783800, 0.2257745596549406200, 0.2838263038920834100, 0.3434542790864921800, 0.4059069615102772200, 0.4713922597696817400, 0.5380028337126924200, 0.6030635561963467700, 0.6676018307634198300, 0.7322254428169046000, 0.7970048098289833600, 0.8630479900344320000, 0.9303569870570425100, 0.9999999999999998900 ),
 .UNSPECIFIED. ) ;
#7892 = B_SPLINE_CURVE_WITH_KNOTS ( 'NONE', 3,
 ( #7945, #7955, #7956, #7957, #7958, #7959, #7960, #7961, #7962, #7963, #7964, #7965, #7966, #7967, #7968, #7969, #7970, #7971, #7972 ),
 .UNSPECIFIED., .F., .F.,
 ( 4, 1, 1, 1, 1, 1, 1, 1, 1, 1, 1, 1, 1, 1, 1, 1, 4 ),
 ( 0.0000000000000000000, 0.07126869258655892100, 0.1398117850281258300, 0.2064974320993707400, 0.2715352442755366600, 0.3360818306156439500, 0.4005283877476338800, 0.4649838426509125300, 0.5300503053616120200, 0.5944234089533960700, 0.6555827099825213300, 0.7148491056365299200, 0.7721150638706000300, 0.8289992113006463500, 0.8851221627752363700, 0.9420793532637977700, 1.000000000000000000 ),
 .UNSPECIFIED. ) ;
#7893 = B_SPLINE_CURVE_WITH_KNOTS ( 'NONE', 3,
 ( #6224, #6231, #6232, #6233, #6234, #6235, #6236, #6237, #6238, #6239, #6240, #6241, #6242, #6243, #6244 ),
 .UNSPECIFIED., .F., .F.,
 ( 4, 1, 1, 1, 1, 1, 1, 1, 1, 1, 1, 1, 4 ),
 ( 0.0000000000000000000, 0.08940971111013464000, 0.1763057644831057800, 0.2626259021834166900, 0.3494457264756535300, 0.4354982637429544700, 0.5189281301037144100, 0.6013546565787413200, 0.6842564217184162700, 0.7658067397968336700, 0.8448768657103878900, 0.9222797948488745700, 1.000000000000000000 ),
 .UNSPECIFIED. ) ;
#7894 = B_SPLINE_CURVE_WITH_KNOTS ( 'NONE', 3,
 ( #7725, #7741, #7742, #7743, #7744, #7745, #7746, #7747, #7748, #7749, #7750, #7751, #7752, #7753, #7754, #7755, #7756, #7757, #7758 ),
 .UNSPECIFIED., .F., .F.,
 ( 4, 1, 1, 1, 1, 1, 1, 1, 1, 1, 1, 1, 1, 1, 1, 1, 4 ),
 ( 0.0000000000000000000, 0.06523080374203103800, 0.1284048960032242700, 0.1900670715964777900, 0.2509433657682808000, 0.3115458328521434900, 0.3728628021568300400, 0.4350236738562380200, 0.4990717247070442000, 0.5630910750496633800, 0.6255101063303749600, 0.6866800359296494300, 0.7472825030135129600, 0.8085634952159589400, 0.8707421035159855800, 0.9343409515059124500, 1.000000000000000000 ),
 .UNSPECIFIED. ) ;
#7895 = B_SPLINE_CURVE_WITH_KNOTS ( 'NONE', 3,
 ( #6173, #6177, #6178, #6179, #6180, #6181, #6182, #6183, #6184, #6185, #6186, #6187, #6188, #6189, #6190, #6191, #6192, #6193, #6194, #6195, #6196, #6197, #6198 ),
 .UNSPECIFIED., .F., .F.,
 ( 4, 1, 1, 1, 1, 1, 1, 1, 1, 1, 1, 1, 1, 1, 1, 1, 1, 1, 1, 1, 4 ),
 ( 0.0000000000000000000, 0.06038661931106113800, 0.1208832485859955700, 0.1827546186251383100, 0.2478110297583505400, 0.2812991000432478700, 0.3150876241506563900, 0.3497023955502747100, 0.3848565811185547000, 0.4209661972261022900, 0.4585111882611382900, 0.4971747221273121700, 0.5376020478662691900, 0.5805030184200110600, 0.6274675400267042400, 0.6783882095592432800, 0.7339832205925603800, 0.7937467045508348500, 0.8577136721607320200, 0.9266978643613861300, 1.000000000000000000 ),
 .UNSPECIFIED. ) ;
#7896 = B_SPLINE_CURVE_WITH_KNOTS ( 'NONE', 3,
 ( #6263, #6264, #6265, #6266, #6267, #6268, #6269, #6270, #6271, #6272, #6273, #6274, #6275, #6276, #6277, #6278, #6279, #6280, #6281 ),
 .UNSPECIFIED., .F., .F.,
 ( 4, 1, 1, 1, 1, 1, 1, 1, 1, 1, 1, 1, 1, 1, 1, 1, 4 ),
 ( 0.0000000000000000000, 0.06184170298390894600, 0.1212623730944465700, 0.1807459488653170000, 0.2392309018221059900, 0.2983075587884649300, 0.3581827976158473700, 0.4203592307800687000, 0.4847924155141840100, 0.5499384837666879700, 0.6137182775404279600, 0.6766807072496327000, 0.7391541704483173300, 0.8021997032403530600, 0.8667401776162992900, 0.9320496524002467300, 1.000000000000000000 ),
 .UNSPECIFIED. ) ;
#7897 = B_SPLINE_CURVE_WITH_KNOTS ( 'NONE', 3,
 ( #7627, #7637, #7638, #7639, #7640, #7641, #7642, #7643, #7644, #7645, #7646, #7647, #7648, #7649, #7650 ),
 .UNSPECIFIED., .F., .F.,
 ( 4, 1, 1, 1, 1, 1, 1, 1, 1, 1, 1, 1, 4 ),
 ( 0.0000000000000000000, 0.08594794314412808300, 0.1691252118806906000, 0.2503991071860496300, 0.3322897361388361700, 0.4133642879158805900, 0.4941722833711885700, 0.5760217353866382600, 0.6607569692540075100, 0.7457831259137437400, 0.8300435929752240100, 0.9140275458206824600, 0.9999999999999998900 ),
 .UNSPECIFIED. ) ;
#7898 = B_SPLINE_CURVE_WITH_KNOTS ( 'NONE', 3,
 ( #6056, #6057, #6058, #6059, #6060, #6061, #6062, #6063, #6064, #6065, #6066, #6067, #6068, #6069, #6070, #6071, #6072, #6073, #6074, #6075, #6076, #6077, #6078 ),
 .UNSPECIFIED., .F., .F.,
 ( 4, 1, 1, 1, 1, 1, 1, 1, 1, 1, 1, 1, 1, 1, 1, 1, 1, 1, 1, 1, 4 ),
 ( 0.0000000000000000000, 0.06568119799063879000, 0.1284864641740647300, 0.1881751303280076700, 0.2451061306699862900, 0.2994484245294752900, 0.3508229360093821400, 0.3999416805337775400, 0.4466717436323711700, 0.4912545333734977300, 0.5333763442704360100, 0.5738527549682233000, 0.6125263117194521500, 0.6495971364453287900, 0.6855320415538493900, 0.7201057860681993100, 0.7538376629736495100, 0.8189254160467124300, 0.8804934616501628500, 0.9403113338460555900, 1.000000000000000000 ),
 .UNSPECIFIED. ) ;
#7899 = B_SPLINE_CURVE_WITH_KNOTS ( 'NONE', 3,
 ( #7703, #7707, #7708, #7709, #7710, #7711, #7712, #7713, #7714, #7715, #7716, #7717, #7718, #7719, #7720, #7721, #7722, #7723, #7724 ),
 .UNSPECIFIED., .F., .F.,
 ( 4, 1, 1, 1, 1, 1, 1, 1, 1, 1, 1, 1, 1, 1, 1, 1, 4 ),
 ( 0.0000000000000000000, 0.06796237149445516500, 0.1332834028675235200, 0.1978352977570553300, 0.2608919865309878800, 0.3233765044831756200, 0.3863500754690880100, 0.4496377310517143400, 0.5147953269783569500, 0.5792399132410305200, 0.6418141777582888600, 0.7013585647860582900, 0.7607267659857192000, 0.8192220679243874500, 0.8787161693846299300, 0.9381473540533082900, 1.000000000000000000 ),
 .UNSPECIFIED. ) ;
#7900 = B_SPLINE_CURVE_WITH_KNOTS ( 'NONE', 3,
 ( #7651, #7652, #7653, #7654, #7655, #7656, #7657, #7658, #7659, #7660, #7661, #7662, #7663, #7664, #7665, #7666, #7667, #7668, #7669, #7670, #7671, #7672, #7673, #7674, #7675, #7676, #7677 ),
 .UNSPECIFIED., .F., .F.,
 ( 4, 1, 1, 1, 1, 1, 1, 1, 1, 1, 1, 1, 1, 1, 1, 1, 1, 1, 1, 1, 1, 1, 1, 1, 4 ),
 ( 0.0000000000000000000, 0.03378714634699095400, 0.06662165772429487500, 0.09928487809597196000, 0.1313611650426503000, 0.1635851875953435700, 0.1961039269870677700, 0.2289022543238175600, 0.2621580559050079600, 0.2959912222583165300, 0.3302178457248003400, 0.3650598258919538500, 0.4009507373401077800, 0.4376203820767375400, 0.4757075294370919900, 0.5153806916250481800, 0.5564135414931641300, 0.5997648298727310500, 0.6464241555840870600, 0.6964314445175666700, 0.7497815178015573300, 0.8065733069755322000, 0.8674355315653994300, 0.9318867532508740000, 1.000000000000000000 ),
 .UNSPECIFIED. ) ;
#7901 = B_SPLINE_CURVE_WITH_KNOTS ( 'NONE', 3,
 ( #7841, #7842, #7843, #7844, #7845, #7846, #7847, #7848, #7849, #7850, #7851, #7852, #7903, #7904, #7905, #7906, #7907, #7908, #7909, #7910, #7911, #7912, #7913 ),
 .UNSPECIFIED., .F., .F.,
 ( 4, 1, 1, 1, 1, 1, 1, 1, 1, 1, 1, 1, 1, 1, 1, 1, 1, 1, 1, 1, 4 ),
 ( 0.0000000000000000000, 0.07295106587586658300, 0.1415836941865452100, 0.2059264601708671900, 0.2653013571846056800, 0.3205972327139283700, 0.3718165030988107600, 0.4187897697094524800, 0.4616987286157652200, 0.5021335821035660700, 0.5408043152926485000, 0.5781805253279667100, 0.6142968652075145900, 0.6496782432647874000, 0.6842994600896378200, 0.7183589527723618400, 0.7520808646475972700, 0.8176524386023854600, 0.8797220764054368700, 0.9399655597309871700, 1.000000000000000000 ),
 .UNSPECIFIED. ) ;
#7902 = B_SPLINE_CURVE_WITH_KNOTS ( 'NONE', 3,
 ( #7817, #7827, #7828, #7829, #7830, #7831, #7832, #7833, #7834, #7835, #7836, #7837, #7838, #7839, #7840 ),
 .UNSPECIFIED., .F., .F.,
 ( 4, 1, 1, 1, 1, 1, 1, 1, 1, 1, 1, 1, 4 ),
 ( 0.0000000000000000000, 0.09781818961471436300, 0.1997260534018264800, 0.3052763574779414100, 0.4158114905382920300, 0.4744722311435609100, 0.5372738797760973100, 0.6036574205596564300, 0.6742988630901252100, 0.7498344853162298700, 0.8285984767571021900, 0.9123777781577819800, 1.000000000000000000 ),
 .UNSPECIFIED. ) ;
#7903 = CARTESIAN_POINT ( 'NONE',  ( 0.2979499726457867600, 0.4499999999999999600, 0.02160911221280861800 ) ) ;
#7904 = CARTESIAN_POINT ( 'NONE',  ( 0.2990390912330145300, 0.4499999999999999000, 0.02328150102349789800 ) ) ;
#7905 = CARTESIAN_POINT ( 'NONE',  ( 0.3002252358967004200, 0.4499999999999999600, 0.02482167713986539000 ) ) ;
#7906 = CARTESIAN_POINT ( 'NONE',  ( 0.3014816147292003200, 0.4499999999999999600, 0.02625690092050229900 ) ) ;
#7907 = CARTESIAN_POINT ( 'NONE',  ( 0.3028551171361180100, 0.4499999999999999600, 0.02753681467294787400 ) ) ;
#7908 = CARTESIAN_POINT ( 'NONE',  ( 0.3047552240659239200, 0.4499999999999999600, 0.02907186767378994500 ) ) ;
#7909 = CARTESIAN_POINT ( 'NONE',  ( 0.3072636947638395800, 0.4499999999999999000, 0.03065812863749276000 ) ) ;
#7910 = CARTESIAN_POINT ( 'NONE',  ( 0.3104242791990140500, 0.4499999999999999000, 0.03203944548982510400 ) ) ;
#7911 = CARTESIAN_POINT ( 'NONE',  ( 0.3136719492270568200, 0.4499999999999999600, 0.03290751567360545400 ) ) ;
#7912 = CARTESIAN_POINT ( 'NONE',  ( 0.3158762706581121300, 0.4499999999999999000, 0.03301790870089470200 ) ) ;
#7913 = CARTESIAN_POINT ( 'NONE',  ( 0.3169765158180839500, 0.4499999999999997900, 0.03307300928298698200 ) ) ;
#7914 = CARTESIAN_POINT ( 'NONE',  ( 0.3384308427411609800, 0.4489999999999998400, 0.01590554133426903500 ) ) ;
#7915 = LINE ( 'NONE', #7916, #2243 ) ;
#7916 = CARTESIAN_POINT ( 'NONE',  ( 0.006319464536032651800, 0.4499999999999999000, -0.01820904199906430200 ) ) ;
#7917 = DIRECTION ( 'NONE',  ( 1.000000000000000000, 0.0000000000000000000, 0.0000000000000000000 ) ) ;
#7918 = LINE ( 'NONE', #7919, #2251 ) ;
#7919 = CARTESIAN_POINT ( 'NONE',  ( -0.1238087405921724900, 0.4499999999999999000, -0.03118981122983352900 ) ) ;
#7920 = DIRECTION ( 'NONE',  ( -0.4484076232591093200, 0.0000000000000000000, 0.8938291802146071100 ) ) ;
#7921 = CARTESIAN_POINT ( 'NONE',  ( 0.3387323218209827800, 0.4489999999999997900, 0.01501326306380246200 ) ) ;
#7922 = CARTESIAN_POINT ( 'NONE',  ( 0.3393444536447673400, 0.4489999999999999000, 0.01320155551398922800 ) ) ;
#7923 = CARTESIAN_POINT ( 'NONE',  ( 0.3401333614810740900, 0.4489999999999996200, 0.01039116545454666300 ) ) ;
#7924 = CARTESIAN_POINT ( 'NONE',  ( 0.3407546586011800400, 0.4490000000000000700, 0.007442515056319946300 ) ) ;
#7925 = CARTESIAN_POINT ( 'NONE',  ( 0.3413136119083062800, 0.4489999999999996800, 0.004373226007221593100 ) ) ;
#7926 = CARTESIAN_POINT ( 'NONE',  ( 0.3416951277910878500, 0.4489999999999999500, 0.001160663121193507800 ) ) ;
#7927 = CARTESIAN_POINT ( 'NONE',  ( 0.3420022081706092200, 0.4489999999999998400, -0.002185233562113558800 ) ) ;
#7928 = CARTESIAN_POINT ( 'NONE',  ( 0.3421830849403020800, 0.4489999999999998400, -0.005666986768840621100 ) ) ;
#7929 = CARTESIAN_POINT ( 'NONE',  ( 0.3422055063994830500, 0.4489999999999998400, -0.008032557945847757000 ) ) ;
#7930 = CARTESIAN_POINT ( 'NONE',  ( 0.3422169004334685800, 0.4489999999999998400, -0.009234683024705323300 ) ) ;
#7931 = CARTESIAN_POINT ( 'NONE',  ( 0.3384308427411609800, 0.4499999999999999000, 0.01590554133426903500 ) ) ;
#7932 = LINE ( 'NONE', #7933, #2249 ) ;
#7933 = CARTESIAN_POINT ( 'NONE',  ( -1.000000000000000000, -0.4500000000000000100, -0.7750000000000000200 ) ) ;
#7934 = DIRECTION ( 'NONE',  ( 1.000000000000000000, 5.421010862427522200E-017, 0.0000000000000000000 ) ) ;
#7935 = CARTESIAN_POINT ( 'NONE',  ( 0.3387323218209827800, 0.4499999999999998400, 0.01501326306380246200 ) ) ;
#7936 = CARTESIAN_POINT ( 'NONE',  ( 0.3393444536447673400, 0.4499999999999999600, 0.01320155551398922800 ) ) ;
#7937 = CARTESIAN_POINT ( 'NONE',  ( 0.3401333614810740900, 0.4499999999999996800, 0.01039116545454666300 ) ) ;
#7938 = CARTESIAN_POINT ( 'NONE',  ( 0.3407546586011800400, 0.4500000000000001200, 0.007442515056319946300 ) ) ;
#7939 = CARTESIAN_POINT ( 'NONE',  ( 0.3413136119083062800, 0.4499999999999997300, 0.004373226007221593100 ) ) ;
#7940 = CARTESIAN_POINT ( 'NONE',  ( 0.3416951277910878500, 0.4500000000000000100, 0.001160663121193507800 ) ) ;
#7941 = CARTESIAN_POINT ( 'NONE',  ( 0.3420022081706092200, 0.4499999999999999000, -0.002185233562113558800 ) ) ;
#7942 = CARTESIAN_POINT ( 'NONE',  ( 0.3421830849403020800, 0.4499999999999999000, -0.005666986768840621100 ) ) ;
#7943 = CARTESIAN_POINT ( 'NONE',  ( 0.3422055063994830500, 0.4499999999999999000, -0.008032557945847757000 ) ) ;
#7944 = CARTESIAN_POINT ( 'NONE',  ( 0.3422169004334685800, 0.4499999999999999000, -0.009234683024705323300 ) ) ;
#7945 = CARTESIAN_POINT ( 'NONE',  ( 0.2408346888950070000, 0.4499999999999999000, -0.009234683024705323300 ) ) ;
#7946 = LINE ( 'NONE', #7947, #2247 ) ;
#7947 = CARTESIAN_POINT ( 'NONE',  ( 0.2402537594078276200, 0.4489999999999999000, 0.03307300928298698800 ) ) ;
#7948 = DIRECTION ( 'NONE',  ( -0.0000000000000000000, 1.000000000000000000, -0.0000000000000000000 ) ) ;
#7949 = LINE ( 'NONE', #7950, #2263 ) ;
#7950 = CARTESIAN_POINT ( 'NONE',  ( 2.303929616531696600E-017, -0.4249999999999999300, -0.8000000000000000400 ) ) ;
#7951 = DIRECTION ( 'NONE',  ( -1.000000000000000000, -5.421010862427522200E-017, -0.0000000000000000000 ) ) ;
#7952 = LINE ( 'NONE', #7953, #2266 ) ;
#7953 = CARTESIAN_POINT ( 'NONE',  ( -0.2911164328998647700, 0.4499999999999999000, 0.02147445159067929200 ) ) ;
#7954 = DIRECTION ( 'NONE',  ( 0.8576722029112561200, 0.0000000000000000000, -0.5141968420297358100 ) ) ;
#7955 = CARTESIAN_POINT ( 'NONE',  ( 0.2399453807361864900, 0.4499999999999999000, -0.009218864699925780800 ) ) ;
#7956 = CARTESIAN_POINT ( 'NONE',  ( 0.2382007751230868800, 0.4499999999999999000, -0.009187833006438540100 ) ) ;
#7957 = CARTESIAN_POINT ( 'NONE',  ( 0.2356448628903418400, 0.4500000000000000100, -0.008842418708181271800 ) ) ;
#7958 = CARTESIAN_POINT ( 'NONE',  ( 0.2331919153049950800, 0.4499999999999997300, -0.008361578906658602100 ) ) ;
#7959 = CARTESIAN_POINT ( 'NONE',  ( 0.2308502028338388400, 0.4499999999999999000, -0.007632126378801125400 ) ) ;
#7960 = CARTESIAN_POINT ( 'NONE',  ( 0.2286207143550994200, 0.4499999999999999000, -0.006683655228171279800 ) ) ;
#7961 = CARTESIAN_POINT ( 'NONE',  ( 0.2264913805670395700, 0.4500000000000000100, -0.005542668372505886100 ) ) ;
#7962 = CARTESIAN_POINT ( 'NONE',  ( 0.2244784911508751500, 0.4499999999999997300, -0.004193941424088484500 ) ) ;
#7963 = CARTESIAN_POINT ( 'NONE',  ( 0.2226098418263559300, 0.4500000000000000100, -0.002654609552806134300 ) ) ;
#7964 = CARTESIAN_POINT ( 'NONE',  ( 0.2209034609835661700, 0.4499999999999999000, -0.0009957680110580355200 ) ) ;
#7965 = CARTESIAN_POINT ( 'NONE',  ( 0.2194063666994118500, 0.4500000000000000100, 0.0007602929928051822300 ) ) ;
#7966 = CARTESIAN_POINT ( 'NONE',  ( 0.2181350089712557100, 0.4499999999999997900, 0.002580936787714422200 ) ) ;
#7967 = CARTESIAN_POINT ( 'NONE',  ( 0.2171112018030796100, 0.4499999999999998400, 0.004489286195689353100 ) ) ;
#7968 = CARTESIAN_POINT ( 'NONE',  ( 0.2162708666014011800, 0.4499999999999998400, 0.006444932220024558900 ) ) ;
#7969 = CARTESIAN_POINT ( 'NONE',  ( 0.2157190415369868700, 0.4499999999999999600, 0.008496577798410310000 ) ) ;
#7970 = CARTESIAN_POINT ( 'NONE',  ( 0.2153652783491495900, 0.4499999999999997300, 0.01060478103250588200 ) ) ;
#7971 = CARTESIAN_POINT ( 'NONE',  ( 0.2153177745913180400, 0.4499999999999999000, 0.01203792670243858000 ) ) ;
#7972 = CARTESIAN_POINT ( 'NONE',  ( 0.2152938235103917000, 0.4499999999999999000, 0.01276050928298698400 ) ) ;
#7973 = CARTESIAN_POINT ( 'NONE',  ( 0.9750000000000000900, -0.4249999999999998800, 0.7750000000000001300 ) ) ;
#7974 = LINE ( 'NONE', #7975, #2270 ) ;
#7975 = CARTESIAN_POINT ( 'NONE',  ( 0.2408346888950070000, 0.4489999999999998400, -0.009234683024705323300 ) ) ;
#7976 = DIRECTION ( 'NONE',  ( -0.0000000000000000000, 1.000000000000000000, -0.0000000000000000000 ) ) ;
#7977 = LINE ( 'NONE', #7978, #2239 ) ;
#7978 = CARTESIAN_POINT ( 'NONE',  ( -0.5000000000000000000, 0.0000000000000000000, -0.8000000000000000400 ) ) ;
#7979 = DIRECTION ( 'NONE',  ( 0.0000000000000000000, -1.000000000000000000, 0.0000000000000000000 ) ) ;
#7980 = DIRECTION ( 'NONE',  ( -0.0000000000000000000, -0.0000000000000000000, -1.000000000000000000 ) ) ;
#7981 = DIRECTION ( 'NONE',  ( 1.000000000000000000, 0.0000000000000000000, 0.0000000000000000000 ) ) ;
#7982 = CARTESIAN_POINT ( 'NONE',  ( 0.5000000000000000000, 0.4249999999999998800, 0.7750000000000001300 ) ) ;
#7983 = DIRECTION ( 'NONE',  ( -1.000000000000000000, -0.0000000000000000000, -0.0000000000000000000 ) ) ;
#7984 = DIRECTION ( 'NONE',  ( 0.0000000000000000000, 0.0000000000000000000, -1.000000000000000000 ) ) ;
#7985 = CARTESIAN_POINT ( 'NONE',  ( -0.9750000000000000900, 0.4249999999999998800, 0.7750000000000001300 ) ) ;
#7986 = LINE ( 'NONE', #7987, #2260 ) ;
#7987 = CARTESIAN_POINT ( 'NONE',  ( 0.9750000000000002000, 0.4499999999999999000, 0.8000000000000000400 ) ) ;
#7988 = DIRECTION ( 'NONE',  ( 0.0000000000000000000, 0.0000000000000000000, -1.000000000000000000 ) ) ;
#7989 = LINE ( 'NONE', #7990, #2246 ) ;
#7990 = CARTESIAN_POINT ( 'NONE',  ( -1.000000000000000000, -0.4500000000000000100, -0.7750000000000000200 ) ) ;
#7991 = DIRECTION ( 'NONE',  ( 1.000000000000000000, 5.421010862427522200E-017, 0.0000000000000000000 ) ) ;
#7992 = LINE ( 'NONE', #7993, #2254 ) ;
#7993 = CARTESIAN_POINT ( 'NONE',  ( 0.4268322850488532900, 0.4489999999999998400, 0.01270041312914082900 ) ) ;
#7994 = DIRECTION ( 'NONE',  ( -0.0000000000000000000, 1.000000000000000000, -0.0000000000000000000 ) ) ;
#7995 = LINE ( 'NONE', #7996, #2256 ) ;
#7996 = CARTESIAN_POINT ( 'NONE',  ( 1.000000000000000000, -0.4249999999999998800, 0.8000000000000000400 ) ) ;
#7997 = DIRECTION ( 'NONE',  ( 1.000000000000000000, 5.421010862427522200E-017, 0.0000000000000000000 ) ) ;
#7998 = DIRECTION ( 'NONE',  ( -0.0000000000000000000, -1.000000000000000000, 0.0000000000000000000 ) ) ;
#7999 = DIRECTION ( 'NONE',  ( 0.0000000000000000000, 0.0000000000000000000, 1.000000000000000000 ) ) ;
#8000 = CARTESIAN_POINT ( 'NONE',  ( -0.9750000000000000900, -0.4249999999999999900, -0.7750000000000000200 ) ) ;
#8001 = LINE ( 'NONE', #8002, #2245 ) ;
#8002 = CARTESIAN_POINT ( 'NONE',  ( -1.000000000000000000, 0.4249999999999998800, 0.8000000000000000400 ) ) ;
#8003 = DIRECTION ( 'NONE',  ( 0.0000000000000000000, 0.0000000000000000000, -1.000000000000000000 ) ) ;
#8004 = DIRECTION ( 'NONE',  ( -0.0000000000000000000, -1.000000000000000000, -0.0000000000000000000 ) ) ;
#8005 = DIRECTION ( 'NONE',  ( 0.0000000000000000000, 0.0000000000000000000, -1.000000000000000000 ) ) ;
#8006 = CARTESIAN_POINT ( 'NONE',  ( 0.2402537594078276200, 0.4499999999999999600, 0.03307300928298698800 ) ) ;
#8007 = LINE ( 'NONE', #8008, #2233 ) ;
#8008 = CARTESIAN_POINT ( 'NONE',  ( -1.000000000000000000, 0.4249999999999998800, 0.8000000000000000400 ) ) ;
#8009 = DIRECTION ( 'NONE',  ( -1.000000000000000000, 0.0000000000000000000, 0.0000000000000000000 ) ) ;
#8010 = LINE ( 'NONE', #8011, #2250 ) ;
#8011 = CARTESIAN_POINT ( 'NONE',  ( -1.000000000000000000, 0.4249999999999998800, 0.8000000000000000400 ) ) ;
#8012 = DIRECTION ( 'NONE',  ( -1.000000000000000000, 0.0000000000000000000, 0.0000000000000000000 ) ) ;
#8013 = LINE ( 'NONE', #8014, #2262 ) ;
#8014 = CARTESIAN_POINT ( 'NONE',  ( 0.006319464536032651800, 0.4499999999999999000, -0.007952631742654047600 ) ) ;
#8015 = DIRECTION ( 'NONE',  ( 0.0000000000000000000, 0.0000000000000000000, 1.000000000000000000 ) ) ;
#8016 = LINE ( 'NONE', #8017, #2265 ) ;
#8017 = CARTESIAN_POINT ( 'NONE',  ( 1.000000000000000000, -0.4249999999999999300, 0.8000000000000000400 ) ) ;
#8018 = DIRECTION ( 'NONE',  ( 0.0000000000000000000, 0.0000000000000000000, -1.000000000000000000 ) ) ;
#8019 = CARTESIAN_POINT ( 'NONE',  ( 0.2411894842055970800, 0.4499999999999999600, 0.03305504332818852400 ) ) ;
#8020 = CARTESIAN_POINT ( 'NONE',  ( 0.2430125761748454800, 0.4499999999999999600, 0.03302003988701540000 ) ) ;
#8021 = CARTESIAN_POINT ( 'NONE',  ( 0.2456721747161597400, 0.4499999999999999000, 0.03271106004965557800 ) ) ;
#8022 = CARTESIAN_POINT ( 'NONE',  ( 0.2481820189622690500, 0.4499999999999999000, 0.03222107077342065800 ) ) ;
#8023 = CARTESIAN_POINT ( 'NONE',  ( 0.2505372417739537600, 0.4499999999999999600, 0.03150839803534755800 ) ) ;
#8024 = CARTESIAN_POINT ( 'NONE',  ( 0.2527642086248637100, 0.4499999999999998400, 0.03063839870516774400 ) ) ;
#8025 = CARTESIAN_POINT ( 'NONE',  ( 0.2548251615974748100, 0.4500000000000000100, 0.02951919637626952400 ) ) ;
#8026 = CARTESIAN_POINT ( 'NONE',  ( 0.2567731195147933700, 0.4499999999999998400, 0.02824627286057725100 ) ) ;
#8027 = CARTESIAN_POINT ( 'NONE',  ( 0.2585120944503135900, 0.4499999999999999000, 0.02673603981638083100 ) ) ;
#8028 = CARTESIAN_POINT ( 'NONE',  ( 0.2600959004143864100, 0.4499999999999998400, 0.02512233996735528700 ) ) ;
#8029 = CARTESIAN_POINT ( 'NONE',  ( 0.2614768516286490300, 0.4499999999999999000, 0.02341405302039430100 ) ) ;
#8030 = CARTESIAN_POINT ( 'NONE',  ( 0.2626756388052697800, 0.4499999999999998400, 0.02165760638398246300 ) ) ;
#8031 = CARTESIAN_POINT ( 'NONE',  ( 0.2636165232554119100, 0.4499999999999999000, 0.01981330682146684900 ) ) ;
#8032 = CARTESIAN_POINT ( 'NONE',  ( 0.2643687019345983800, 0.4499999999999998400, 0.01791653783295338300 ) ) ;
#8033 = CARTESIAN_POINT ( 'NONE',  ( 0.2649093749257427400, 0.4499999999999999600, 0.01594980893952692100 ) ) ;
#8034 = CARTESIAN_POINT ( 'NONE',  ( 0.2652429810759341400, 0.4499999999999998400, 0.01390708799799682400 ) ) ;
#8035 = CARTESIAN_POINT ( 'NONE',  ( 0.2652767209544192300, 0.4499999999999999000, 0.01252140025222886000 ) ) ;
#8036 = CARTESIAN_POINT ( 'NONE',  ( 0.2652938235103917700, 0.4499999999999999600, 0.01181900287273057600 ) ) ;
#8037 = CARTESIAN_POINT ( 'NONE',  ( 0.1217040799206480500, 0.4489999999999998400, -0.002824426614448918900 ) ) ;
#8038 = CARTESIAN_POINT ( 'NONE',  ( 0.3166760350488532800, 0.4489999999999998400, -0.06179878558880789300 ) ) ;
#8039 = CARTESIAN_POINT ( 'NONE',  ( 1.000000000000000000, 0.4249999999999998800, -0.7750000000000000200 ) ) ;
#8040 = CARTESIAN_POINT ( 'NONE',  ( -0.1198023303357622400, 0.4499999999999999000, -0.05923468302470532400 ) ) ;
#8041 = CARTESIAN_POINT ( 'NONE',  ( -0.2911164328998647700, 0.4489999999999998400, 0.02147445159067929200 ) ) ;
#8042 = CARTESIAN_POINT ( 'NONE',  ( -0.1619297341819160600, 0.4499999999999999000, 0.04076531697529468100 ) ) ;
#8043 = CARTESIAN_POINT ( 'NONE',  ( -0.3936805354639673600, 0.4489999999999998400, 0.04076531697529468100 ) ) ;
#8044 = CARTESIAN_POINT ( 'NONE',  ( -0.3462446380280699800, 0.4499999999999999000, -0.05923468302470539400 ) ) ;
#8045 = CARTESIAN_POINT ( 'NONE',  ( -0.3449625867460186500, 0.4499999999999999000, -0.05923468302470532400 ) ) ;
#8046 = CARTESIAN_POINT ( 'NONE',  ( 0.05760151581808394700, 0.4499999999999999000, -0.01820904199906430200 ) ) ;
#8047 = CARTESIAN_POINT ( 'NONE',  ( -0.1981677149511468200, 0.4499999999999999000, -0.03135006764008994200 ) ) ;
#8048 = CARTESIAN_POINT ( 'NONE',  ( -0.2627310162331981700, 0.4489999999999998400, -0.009635324050346356200 ) ) ;
#8049 = CARTESIAN_POINT ( 'NONE',  ( -0.07573181751524939200, 0.4489999999999998400, 0.04076531697529468100 ) ) ;
#8050 = CARTESIAN_POINT ( 'NONE',  ( 0.2408346888950070000, 0.4499999999999999000, -0.009234683024705323300 ) ) ;
#8051 = FILL_AREA_STYLE_COLOUR ( '', #4405 ) ;
#8052 = FILL_AREA_STYLE ('',( #8051 ) ) ;
#8053 = SURFACE_STYLE_FILL_AREA ( #8052 ) ;
#8054 = SURFACE_SIDE_STYLE ('',( #8053 ) ) ;
#8055 = SURFACE_STYLE_USAGE ( .BOTH. , #8054 ) ;
#8056 = PRESENTATION_STYLE_ASSIGNMENT (( #8055 ) ) ;
#8057 =( LENGTH_UNIT ( ) NAMED_UNIT ( * ) SI_UNIT ( .MILLI., .METRE. ) );
#8058 =( NAMED_UNIT ( * ) PLANE_ANGLE_UNIT ( ) SI_UNIT ( $, .RADIAN. ) );
#8059 =( NAMED_UNIT ( * ) SI_UNIT ( $, .STERADIAN. ) SOLID_ANGLE_UNIT ( ) );
#8060 = PLANE ( 'NONE',  #2269 ) ;
#8061 = CARTESIAN_POINT ( 'NONE',  ( -1.000000000000000000, 0.4499999999999999000, 0.8000000000000000400 ) ) ;
#8062 = DIRECTION ( 'NONE',  ( 0.0000000000000000000, -1.000000000000000000, 0.0000000000000000000 ) ) ;
#8063 = DIRECTION ( 'NONE',  ( 0.0000000000000000000, -0.0000000000000000000, -1.000000000000000000 ) ) ;
#8064 = CARTESIAN_POINT ( 'NONE',  ( 0.9750000000000000900, -0.4249999999999998800, -0.7750000000000001300 ) ) ;
#8065 = DIRECTION ( 'NONE',  ( 0.0000000000000000000, 1.000000000000000000, 0.0000000000000000000 ) ) ;
#8066 = DIRECTION ( 'NONE',  ( 1.000000000000000000, 0.0000000000000000000, 0.0000000000000000000 ) ) ;
#8067 = FILL_AREA_STYLE_COLOUR ( '', #4404 ) ;
#8068 = FILL_AREA_STYLE ('',( #8067 ) ) ;
#8069 = SURFACE_STYLE_FILL_AREA ( #8068 ) ;
#8070 = SURFACE_SIDE_STYLE ('',( #8069 ) ) ;
#8071 = SURFACE_STYLE_USAGE ( .BOTH. , #8070 ) ;
#8072 = PRESENTATION_STYLE_ASSIGNMENT (( #8071 ) ) ;
#8073 =( LENGTH_UNIT ( ) NAMED_UNIT ( * ) SI_UNIT ( .MILLI., .METRE. ) );
#8074 =( NAMED_UNIT ( * ) PLANE_ANGLE_UNIT ( ) SI_UNIT ( $, .RADIAN. ) );
#8075 =( NAMED_UNIT ( * ) SI_UNIT ( $, .STERADIAN. ) SOLID_ANGLE_UNIT ( ) );
#8076 = PLANE ( 'NONE',  #2279 ) ;
#8077 = CARTESIAN_POINT ( 'NONE',  ( 0.0000000000000000000, 0.0000000000000000000, -0.8000000000000000400 ) ) ;
#8078 = DIRECTION ( 'NONE',  ( -0.0000000000000000000, 0.0000000000000000000, 1.000000000000000000 ) ) ;
#8079 = DIRECTION ( 'NONE',  ( 1.000000000000000000, 0.0000000000000000000, 0.0000000000000000000 ) ) ;
#8080 = CARTESIAN_POINT ( 'NONE',  ( -0.2556997662331982300, 0.4489999999999999000, -0.01600551635803866600 ) ) ;
#8081 = CARTESIAN_POINT ( 'NONE',  ( -0.2556997662331982300, 0.4499999999999999000, -0.01600551635803866600 ) ) ;
#8082 = CARTESIAN_POINT ( 'NONE',  ( -0.2546144544244148800, 0.4489999999999999000, -0.01521576322804673600 ) ) ;
#8083 = CARTESIAN_POINT ( 'NONE',  ( -0.2546144544244148800, 0.4499999999999999000, -0.01521576322804673600 ) ) ;
#8084 = CARTESIAN_POINT ( 'NONE',  ( -0.2525128985278865500, 0.4490000000000000100, -0.01368651574939184400 ) ) ;
#8085 = CARTESIAN_POINT ( 'NONE',  ( -0.2525128985278865500, 0.4500000000000000100, -0.01368651574939184400 ) ) ;
#8086 = CARTESIAN_POINT ( 'NONE',  ( -0.2495226819589860500, 0.4489999999999997900, -0.01138892489146478200 ) ) ;
#8087 = CARTESIAN_POINT ( 'NONE',  ( -0.2495226819589860500, 0.4499999999999997900, -0.01138892489146478200 ) ) ;
#8088 = CARTESIAN_POINT ( 'NONE',  ( -0.2468114302991332400, 0.4489999999999998400, -0.009141845789342312900 ) ) ;
#8089 = CARTESIAN_POINT ( 'NONE',  ( -0.2468114302991332400, 0.4499999999999998400, -0.009141845789342312900 ) ) ;
#8090 = CARTESIAN_POINT ( 'NONE',  ( -0.2443696244828426900, 0.4489999999999998400, -0.006959628443739714100 ) ) ;
#8091 = CARTESIAN_POINT ( 'NONE',  ( -0.2443696244828426900, 0.4499999999999998400, -0.006959628443739714100 ) ) ;
#8092 = CARTESIAN_POINT ( 'NONE',  ( -0.2421731413845635600, 0.4489999999999999000, -0.004858825786492694500 ) ) ;
#8093 = CARTESIAN_POINT ( 'NONE',  ( -0.2421731413845635600, 0.4499999999999999000, -0.004858825786492694500 ) ) ;
#8094 = CARTESIAN_POINT ( 'NONE',  ( -0.2402463493652838800, 0.4489999999999999500, -0.002814163491344577600 ) ) ;
#8095 = CARTESIAN_POINT ( 'NONE',  ( -0.2402463493652838800, 0.4499999999999999600, -0.002814163491344577600 ) ) ;
#8096 = CARTESIAN_POINT ( 'NONE',  ( -0.2385696156410785100, 0.4489999999999997900, -0.0008402899861382185300 ) ) ;
#8097 = CARTESIAN_POINT ( 'NONE',  ( -0.2385696156410785100, 0.4499999999999997900, -0.0008402899861382185300 ) ) ;
#8098 = CARTESIAN_POINT ( 'NONE',  ( -0.2367644951136457800, 0.4489999999999997900, 0.001690355033609887400 ) ) ;
#8099 = CARTESIAN_POINT ( 'NONE',  ( -0.2367644951136457800, 0.4499999999999997900, 0.001690355033609887400 ) ) ;
#8100 = CARTESIAN_POINT ( 'NONE',  ( -0.2349199859844891500, 0.4489999999999998400, 0.004798386012876713600 ) ) ;
#8101 = CARTESIAN_POINT ( 'NONE',  ( -0.2349199859844891500, 0.4499999999999998400, 0.004798386012876713600 ) ) ;
#8102 = CARTESIAN_POINT ( 'NONE',  ( -0.2333359429151711200, 0.4489999999999999000, 0.008606335685598827400 ) ) ;
#8103 = CARTESIAN_POINT ( 'NONE',  ( -0.2333359429151711200, 0.4499999999999999000, 0.008606335685598827400 ) ) ;
#8104 = CARTESIAN_POINT ( 'NONE',  ( -0.2323371329878981800, 0.4489999999999999500, 0.01242908769979789200 ) ) ;
#8105 = CARTESIAN_POINT ( 'NONE',  ( -0.2323371329878981800, 0.4499999999999999600, 0.01242908769979789200 ) ) ;
#8106 = CARTESIAN_POINT ( 'NONE',  ( -0.2322065182612707300, 0.4489999999999999000, 0.01499842588479952500 ) ) ;
#8107 = CARTESIAN_POINT ( 'NONE',  ( -0.2322065182612707300, 0.4499999999999999000, 0.01499842588479952500 ) ) ;
#8108 = CARTESIAN_POINT ( 'NONE',  ( -0.2321420739255058200, 0.4489999999999998400, 0.01626611825734596000 ) ) ;
#8109 = CARTESIAN_POINT ( 'NONE',  ( -0.2321420739255058200, 0.4499999999999998400, 0.01626611825734596000 ) ) ;
#8110 = PLANE ( 'NONE',  #2285 ) ;
#8111 = CARTESIAN_POINT ( 'NONE',  ( -0.3233480034126853300, 0.4489999999999998400, 0.008714034924012620600 ) ) ;
#8112 = DIRECTION ( 'NONE',  ( -0.0000000000000000000, 0.0000000000000000000, -1.000000000000000000 ) ) ;
#8113 = DIRECTION ( 'NONE',  ( -1.000000000000000000, 0.0000000000000000000, 0.0000000000000000000 ) ) ;
#8114 = PLANE ( 'NONE',  #2287 ) ;
#8115 = CARTESIAN_POINT ( 'NONE',  ( -0.3686805354639673400, 0.4489999999999998400, 0.008714034924012620600 ) ) ;
#8116 = DIRECTION ( 'NONE',  ( -0.9034962347415942400, 0.0000000000000000000, -0.4285960263555439500 ) ) ;
#8117 = DIRECTION ( 'NONE',  ( -0.4285960263555439500, 0.0000000000000000000, 0.9034962347415942400 ) ) ;
#8118 = LINE ( 'NONE', #8119, #2289 ) ;
#8119 = CARTESIAN_POINT ( 'NONE',  ( -0.07573181751524939200, 0.4499999999999999000, 0.04076531697529468100 ) ) ;
#8120 = DIRECTION ( 'NONE',  ( -1.000000000000000000, 0.0000000000000000000, 0.0000000000000000000 ) ) ;
#8121 = CARTESIAN_POINT ( 'NONE',  ( -0.2607077790537109500, 0.4489999999999998400, 0.03307300928298698200 ) ) ;
#8122 = CARTESIAN_POINT ( 'NONE',  ( -0.2607077790537109500, 0.4499999999999999000, 0.03307300928298698200 ) ) ;
#8123 = CARTESIAN_POINT ( 'NONE',  ( -0.2598310116105254600, 0.4489999999999998400, 0.03304859006835225000 ) ) ;
#8124 = CARTESIAN_POINT ( 'NONE',  ( -0.2598310116105254600, 0.4499999999999999000, 0.03304859006835225000 ) ) ;
#8125 = CARTESIAN_POINT ( 'NONE',  ( -0.2580928180948900400, 0.4489999999999997900, 0.03300017891797833000 ) ) ;
#8126 = CARTESIAN_POINT ( 'NONE',  ( -0.2580928180948900400, 0.4499999999999998400, 0.03300017891797833000 ) ) ;
#8127 = CARTESIAN_POINT ( 'NONE',  ( -0.2555338968674297800, 0.4489999999999997900, 0.03253501314513839600 ) ) ;
#8128 = CARTESIAN_POINT ( 'NONE',  ( -0.2555338968674297800, 0.4499999999999998400, 0.03253501314513839600 ) ) ;
#8129 = CARTESIAN_POINT ( 'NONE',  ( -0.2530487025169709200, 0.4489999999999997300, 0.03182038089046800700 ) ) ;
#8130 = CARTESIAN_POINT ( 'NONE',  ( -0.2530487025169709200, 0.4499999999999997900, 0.03182038089046800700 ) ) ;
#8131 = CARTESIAN_POINT ( 'NONE',  ( -0.2506884557246699100, 0.4489999999999999000, 0.03079692570451127200 ) ) ;
#8132 = CARTESIAN_POINT ( 'NONE',  ( -0.2506884557246699100, 0.4499999999999999600, 0.03079692570451127200 ) ) ;
#8133 = CARTESIAN_POINT ( 'NONE',  ( -0.2484857238809118600, 0.4489999999999997900, 0.02955868325522605400 ) ) ;
#8134 = CARTESIAN_POINT ( 'NONE',  ( -0.2484857238809118600, 0.4499999999999998400, 0.02955868325522605400 ) ) ;
#8135 = CARTESIAN_POINT ( 'NONE',  ( -0.2465541040141509300, 0.4489999999999999000, 0.02806307818358862900 ) ) ;
#8136 = CARTESIAN_POINT ( 'NONE',  ( -0.2465541040141509300, 0.4499999999999999600, 0.02806307818358862900 ) ) ;
#8137 = CARTESIAN_POINT ( 'NONE',  ( -0.2448842150661658400, 0.4489999999999999000, 0.02638861516319746700 ) ) ;
#8138 = CARTESIAN_POINT ( 'NONE',  ( -0.2448842150661658400, 0.4499999999999999600, 0.02638861516319746700 ) ) ;
#8139 = CARTESIAN_POINT ( 'NONE',  ( -0.2435182403642474300, 0.4489999999999999000, 0.02452053931628553300 ) ) ;
#8140 = CARTESIAN_POINT ( 'NONE',  ( -0.2435182403642474300, 0.4499999999999999600, 0.02452053931628553300 ) ) ;
#8141 = CARTESIAN_POINT ( 'NONE',  ( -0.2424702393560084500, 0.4489999999999997300, 0.02251147792750548400 ) ) ;
#8142 = CARTESIAN_POINT ( 'NONE',  ( -0.2424702393560084500, 0.4499999999999997900, 0.02251147792750548400 ) ) ;
#8143 = CARTESIAN_POINT ( 'NONE',  ( -0.2416647516870595000, 0.4489999999999998400, 0.02044930788926863800 ) ) ;
#8144 = CARTESIAN_POINT ( 'NONE',  ( -0.2416647516870595000, 0.4499999999999999000, 0.02044930788926863800 ) ) ;
#8145 = CARTESIAN_POINT ( 'NONE',  ( -0.2412177495825914300, 0.4489999999999997300, 0.01830163450986893600 ) ) ;
#8146 = CARTESIAN_POINT ( 'NONE',  ( -0.2412177495825914300, 0.4499999999999997900, 0.01830163450986893600 ) ) ;
#8147 = CARTESIAN_POINT ( 'NONE',  ( -0.2411504137695432700, 0.4489999999999999000, 0.01685562128564633100 ) ) ;
#8148 = CARTESIAN_POINT ( 'NONE',  ( -0.2411504137695432700, 0.4499999999999999600, 0.01685562128564633100 ) ) ;
#8149 = CARTESIAN_POINT ( 'NONE',  ( -0.2411164328998647900, 0.4489999999999998400, 0.01612589389837159800 ) ) ;
#8150 = CARTESIAN_POINT ( 'NONE',  ( -0.2411164328998647900, 0.4499999999999999000, 0.01612589389837159800 ) ) ;
#8151 = FILL_AREA_STYLE_COLOUR ( '', #4406 ) ;
#8152 = FILL_AREA_STYLE ('',( #8151 ) ) ;
#8153 = SURFACE_STYLE_FILL_AREA ( #8152 ) ;
#8154 = SURFACE_SIDE_STYLE ('',( #8153 ) ) ;
#8155 = SURFACE_STYLE_USAGE ( .BOTH. , #8154 ) ;
#8156 = PRESENTATION_STYLE_ASSIGNMENT (( #8155 ) ) ;
#8157 =( LENGTH_UNIT ( ) NAMED_UNIT ( * ) SI_UNIT ( .MILLI., .METRE. ) );
#8158 =( NAMED_UNIT ( * ) PLANE_ANGLE_UNIT ( ) SI_UNIT ( $, .RADIAN. ) );
#8159 =( NAMED_UNIT ( * ) SI_UNIT ( $, .STERADIAN. ) SOLID_ANGLE_UNIT ( ) );
#8160 = CARTESIAN_POINT ( 'NONE',  ( -1.000000000000000000, 0.4249999999999998800, -0.7750000000000000200 ) ) ;
#8161 = DIRECTION ( 'NONE',  ( -1.000000000000000000, 0.0000000000000000000, 0.0000000000000000000 ) ) ;
#8162 = DIRECTION ( 'NONE',  ( 0.0000000000000000000, 0.0000000000000000000, 1.000000000000000000 ) ) ;
#8163 = CARTESIAN_POINT ( 'NONE',  ( 0.2691399773565456000, 0.4499999999999999000, -0.03585727917855148500 ) ) ;
#8164 = CARTESIAN_POINT ( 'NONE',  ( 0.2690989899099028900, 0.4499999999999998400, -0.03477223163978673100 ) ) ;
#8165 = CARTESIAN_POINT ( 'NONE',  ( 0.2690184928943024100, 0.4499999999999999000, -0.03264125994455738300 ) ) ;
#8166 = B_SPLINE_CURVE_WITH_KNOTS ( 'NONE', 3,
 ( #2512, #2540, #2541, #2542, #2543, #2544, #2545, #2546, #2547, #2548, #2549, #2550, #2551, #2552, #2553, #2554, #2555, #2556, #2557 ),
 .UNSPECIFIED., .F., .F.,
 ( 4, 1, 1, 1, 1, 1, 1, 1, 1, 1, 1, 1, 1, 1, 1, 1, 4 ),
 ( 0.0000000000000000000, 0.07253837140649292700, 0.1400338305012513400, 0.2024956806336236600, 0.2605750556694154100, 0.3132283378464653100, 0.3615831937532646400, 0.4048783612951260500, 0.4441274373055401100, 0.5163996933371983700, 0.5865066709977661000, 0.6550853737960483600, 0.7243837831470368900, 0.7939735287256627400, 0.8616376821817772800, 0.9301109423064042300, 1.000000000000000000 ),
 .UNSPECIFIED. ) ;
#8167 = B_SPLINE_CURVE_WITH_KNOTS ( 'NONE', 3,
 ( #7288, #7292, #7293, #7294, #7295, #7296, #7297, #7298, #7299, #7300, #7301, #7302, #7303, #7304, #7305, #7306, #7307, #7308, #7309 ),
 .UNSPECIFIED., .F., .F.,
 ( 4, 1, 1, 1, 1, 1, 1, 1, 1, 1, 1, 1, 1, 1, 1, 1, 4 ),
 ( 0.0000000000000000000, 0.07253837140649292700, 0.1400338305012513400, 0.2024956806336236600, 0.2605750556694154100, 0.3132283378464653100, 0.3615831937532646400, 0.4048783612951260500, 0.4441274373055401100, 0.5163996933371983700, 0.5865066709977661000, 0.6550853737960483600, 0.7243837831470368900, 0.7939735287256627400, 0.8616376821817772800, 0.9301109423064042300, 1.000000000000000000 ),
 .UNSPECIFIED. ) ;
#8168 = B_SPLINE_CURVE_WITH_KNOTS ( 'NONE', 3,
 ( #2558, #2565, #2566, #2567, #2568, #2569, #2570, #2571, #2572, #2573, #2574, #2575, #2576, #2577, #2578, #2579, #2580, #2581, #2582 ),
 .UNSPECIFIED., .F., .F.,
 ( 4, 1, 1, 1, 1, 1, 1, 1, 1, 1, 1, 1, 1, 1, 1, 1, 4 ),
 ( 0.0000000000000000000, 0.07004375541815564800, 0.1392383167626454800, 0.2081974550441382500, 0.2791733744245668600, 0.3499868116864776100, 0.4183538456626553200, 0.4876095837571500200, 0.5574110731083882200, 0.5953301567632405300, 0.6379640515652187400, 0.6859127777112930000, 0.7381851646524791900, 0.7961026471849428400, 0.8585165439469264500, 0.9266577264685187400, 1.000000000000000000 ),
 .UNSPECIFIED. ) ;
#8169 = B_SPLINE_CURVE_WITH_KNOTS ( 'NONE', 3,
 ( #7380, #7399, #7400, #7401, #7402, #7403, #7404, #7405, #7406, #7407, #7408 ),
 .UNSPECIFIED., .F., .F.,
 ( 4, 1, 1, 1, 1, 1, 1, 1, 4 ),
 ( 0.0000000000000000000, 0.1769557521312508400, 0.3390550796425817500, 0.4863182249420763800, 0.6187809228353765600, 0.7356188277673806300, 0.8387424767201110400, 0.9264570678763173200, 1.000000000000000000 ),
 .UNSPECIFIED. ) ;
#8170 = B_SPLINE_CURVE_WITH_KNOTS ( 'NONE', 3,
 ( #2583, #2605, #2606, #2607, #2608, #2609, #2610, #2611, #2612, #2613, #7279, #7280, #7281, #7282, #7283, #7284, #7285, #7286, #7287 ),
 .UNSPECIFIED., .F., .F.,
 ( 4, 1, 1, 1, 1, 1, 1, 1, 1, 1, 1, 1, 1, 1, 1, 1, 4 ),
 ( 0.0000000000000000000, 0.07004375541815564800, 0.1392383167626454800, 0.2081974550441382500, 0.2791733744245668600, 0.3499868116864776100, 0.4183538456626553200, 0.4876095837571500200, 0.5574110731083882200, 0.5953301567632405300, 0.6379640515652187400, 0.6859127777112930000, 0.7381851646524791900, 0.7961026471849428400, 0.8585165439469264500, 0.9266577264685187400, 1.000000000000000000 ),
 .UNSPECIFIED. ) ;
#8171 = B_SPLINE_CURVE_WITH_KNOTS ( 'NONE', 3,
 ( #7339, #7343, #7344, #7345, #7346, #7347, #7348, #7349, #7350, #7351, #7352, #7353, #7354, #7355, #7356, #7357, #7358, #7359, #7360 ),
 .UNSPECIFIED., .F., .F.,
 ( 4, 1, 1, 1, 1, 1, 1, 1, 1, 1, 1, 1, 1, 1, 1, 1, 4 ),
 ( 0.0000000000000000000, 0.07011889441971468100, 0.1371923527859710800, 0.2020161807247510500, 0.2646314069747435200, 0.3261165471458178400, 0.3860103046676409700, 0.4458118469576798900, 0.5052976967309597000, 0.5646332777264886400, 0.6242826253338404900, 0.6839020319037509800, 0.7439527709382701700, 0.8053877310076353900, 0.8683880308962804700, 0.9330840282524769400, 1.000000000000000000 ),
 .UNSPECIFIED. ) ;
#8172 = B_SPLINE_CURVE_WITH_KNOTS ( 'NONE', 3,
 ( #7310, #7329, #7330, #7331, #7332, #7333, #7334, #7335, #7336, #7337, #7338 ),
 .UNSPECIFIED., .F., .F.,
 ( 4, 1, 1, 1, 1, 1, 1, 1, 4 ),
 ( 0.0000000000000000000, 0.07517311737622181500, 0.1647462575118008600, 0.2680168809877799300, 0.3859118756529562000, 0.5177894792733965800, 0.6636909770022824100, 0.8244132205366416800, 0.9999999999999998900 ),
 .UNSPECIFIED. ) ;
#8173 = B_SPLINE_CURVE_WITH_KNOTS ( 'NONE', 3,
 ( #7361, #7362, #7363, #7364, #7365, #7366, #7367, #7368, #7369, #7370, #7371, #7372, #7373, #7374, #7375, #7376, #7377, #7378, #7379 ),
 .UNSPECIFIED., .F., .F.,
 ( 4, 1, 1, 1, 1, 1, 1, 1, 1, 1, 1, 1, 1, 1, 1, 1, 4 ),
 ( 0.0000000000000000000, 0.06248133863520398400, 0.1234903826872901100, 0.1834110942063110500, 0.2431532209997801800, 0.3021267353720879500, 0.3617096708329055100, 0.4218422916948798600, 0.4829319014466685300, 0.5445522544313238200, 0.6056807199653579900, 0.6676797383436876600, 0.7299843875380631600, 0.7945509212861291400, 0.8603456197120826800, 0.9289073562657087500, 1.000000000000000000 ),
 .UNSPECIFIED. ) ;
#8174 = B_SPLINE_CURVE_WITH_KNOTS ( 'NONE', 3,
 ( #2640, #2641, #2642, #2643, #2644, #2645, #2646, #2647, #2648, #2649, #2650, #2651, #2652, #2653, #2654, #2655, #2656, #2657, #2658 ),
 .UNSPECIFIED., .F., .F.,
 ( 4, 1, 1, 1, 1, 1, 1, 1, 1, 1, 1, 1, 1, 1, 1, 1, 4 ),
 ( 0.0000000000000000000, 0.05090243768365540500, 0.1010340427826149400, 0.1510838170086593300, 0.2030619875551385700, 0.2562484343627557900, 0.3108467145046029900, 0.3687690999693271100, 0.4300150403860059600, 0.4925196472738479500, 0.5560487215256787500, 0.6219956829149504400, 0.6901923690829554500, 0.7613848549884997300, 0.8363562199507238400, 0.9154870053271095800, 1.000000000000000000 ),
 .UNSPECIFIED. ) ;
#8175 = B_SPLINE_CURVE_WITH_KNOTS ( 'NONE', 3,
 ( #4009, #4010, #4011, #4012, #4013, #4014, #4015, #4016, #4017, #4018, #4019, #4020, #4021, #4022, #4023, #4024, #4025, #4026, #4027 ),
 .UNSPECIFIED., .F., .F.,
 ( 4, 1, 1, 1, 1, 1, 1, 1, 1, 1, 1, 1, 1, 1, 1, 1, 4 ),
 ( 0.0000000000000000000, 0.07126869258655892100, 0.1398117850281258300, 0.2064974320993707400, 0.2715352442755366600, 0.3360818306156439500, 0.4005283877476338800, 0.4649838426509125300, 0.5300503053616120200, 0.5944234089533960700, 0.6555827099825213300, 0.7148491056365299200, 0.7721150638706000300, 0.8289992113006463500, 0.8851221627752363700, 0.9420793532637977700, 1.000000000000000000 ),
 .UNSPECIFIED. ) ;
#8176 = UNCERTAINTY_MEASURE_WITH_UNIT (LENGTH_MEASURE( 1.000000000000000100E-005 ), #7463, 'distance_accuracy_value', 'NONE');
#8177 = B_SPLINE_CURVE_WITH_KNOTS ( 'NONE', 3,
 ( #7542, #7543, #7544, #7545, #7546, #7547, #7548, #7549, #7550, #7551, #7552, #7553, #7554, #7555, #7556, #7557, #7558, #7559, #7560, #2614, #2615, #2616, #2617 ),
 .UNSPECIFIED., .F., .F.,
 ( 4, 1, 1, 1, 1, 1, 1, 1, 1, 1, 1, 1, 1, 1, 1, 1, 1, 1, 1, 1, 4 ),
 ( 0.0000000000000000000, 0.06038661931106305300, 0.1208832485859955100, 0.1827546186251399800, 0.2478110297583504500, 0.2812991000432493200, 0.3150876241506563900, 0.3497023955502746600, 0.3848565811185557500, 0.4209661972261022300, 0.4585111882611391800, 0.4971747221273121700, 0.5376020478662691900, 0.5805030184200116200, 0.6274675400267046800, 0.6783882095592433900, 0.7339832205925603800, 0.7937467045508348500, 0.8577136721607320200, 0.9266978643613860100, 1.000000000000000000 ),
 .UNSPECIFIED. ) ;
#8178 = B_SPLINE_CURVE_WITH_KNOTS ( 'NONE', 3,
 ( #2618, #2622, #2623, #2624, #2625, #2626, #2627, #2628, #2629, #2630, #2631, #2632, #2633, #2634, #2635, #2636, #2637, #2638, #2639 ),
 .UNSPECIFIED., .F., .F.,
 ( 4, 1, 1, 1, 1, 1, 1, 1, 1, 1, 1, 1, 1, 1, 1, 1, 4 ),
 ( 0.0000000000000000000, 0.05733942592015884400, 0.1130633316232406300, 0.1691814487493783800, 0.2257745596549406200, 0.2838263038920834100, 0.3434542790864921800, 0.4059069615102772200, 0.4713922597696817400, 0.5380028337126924200, 0.6030635561963467700, 0.6676018307634198300, 0.7322254428169046000, 0.7970048098289833600, 0.8630479900344320000, 0.9303569870570425100, 0.9999999999999998900 ),
 .UNSPECIFIED. ) ;
#8179 = B_SPLINE_CURVE_WITH_KNOTS ( 'NONE', 3,
 ( #1188, #1198, #1199, #1200, #1201, #1202, #1203, #1204, #1205, #1206, #1207 ),
 .UNSPECIFIED., .F., .F.,
 ( 4, 1, 1, 1, 1, 1, 1, 1, 4 ),
 ( 0.0000000000000000000, 0.1105883385953369700, 0.2245417540535956700, 0.3425034940501041100, 0.4643240984173578300, 0.5907560327017668000, 0.7222274753555144600, 0.8588428362087243700, 0.9999999999999998900 ),
 .UNSPECIFIED. ) ;
#8180 = UNCERTAINTY_MEASURE_WITH_UNIT (LENGTH_MEASURE( 1.000000000000000100E-005 ), #3969, 'distance_accuracy_value', 'NONE');
#8181 = B_SPLINE_CURVE_WITH_KNOTS ( 'NONE', 3,
 ( #5069, #5070, #5071, #5072, #5073, #5074, #5075, #5076, #5077, #5078, #5079, #5080, #5081, #5082, #5083, #5084, #5085, #5086, #5087 ),
 .UNSPECIFIED., .F., .F.,
 ( 4, 1, 1, 1, 1, 1, 1, 1, 1, 1, 1, 1, 1, 1, 1, 1, 4 ),
 ( 0.0000000000000000000, 0.05885358602866782400, 0.1163154589633509700, 0.1726748434114558100, 0.2287803868808988600, 0.2845803591252739100, 0.3402565063845448500, 0.3966298050124557600, 0.4535072628751918900, 0.5123181897799952100, 0.5726484440568294600, 0.6360219358217998900, 0.7023629463891915000, 0.7714830560569281300, 0.8441844774898995500, 0.9200697939721536000, 1.000000000000000000 ),
 .UNSPECIFIED. ) ;
#8182 = B_SPLINE_CURVE_WITH_KNOTS ( 'NONE', 3,
 ( #1159, #1166, #1167, #1168, #1169, #1170, #1171, #1172, #1173, #1174, #1175, #1176, #1177, #1178, #1179, #1180, #1181, #1182, #1183, #1184, #1185, #1186, #1187 ),
 .UNSPECIFIED., .F., .F.,
 ( 4, 1, 1, 1, 1, 1, 1, 1, 1, 1, 1, 1, 1, 1, 1, 1, 1, 1, 1, 1, 4 ),
 ( 0.0000000000000000000, 0.07295106587586652800, 0.1415836941865450100, 0.2059264601708670200, 0.2653013571846052900, 0.3205972327139282000, 0.3718165030988102000, 0.4187897697094523600, 0.4616987286157645000, 0.5021335821035652900, 0.5408043152926477200, 0.5781805253279659300, 0.6142968652075149200, 0.6496782432647876200, 0.6842994600896379300, 0.7183589527723606100, 0.7520808646475974900, 0.8176524386023856800, 0.8797220764054369800, 0.9399655597309872800, 1.000000000000000000 ),
 .UNSPECIFIED. ) ;
#8183 = B_SPLINE_CURVE_WITH_KNOTS ( 'NONE', 3,
 ( #1208, #1209, #1210, #1211, #1212, #1213, #1214, #1215, #1216, #1217, #1218 ),
 .UNSPECIFIED., .F., .F.,
 ( 4, 1, 1, 1, 1, 1, 1, 1, 4 ),
 ( 0.0000000000000000000, 0.1815353013762854000, 0.3470816724816273000, 0.4955678164315521800, 0.6283573018772145000, 0.7455196699921536900, 0.8458307507576501300, 0.9307818073847571300, 0.9999999999999998900 ),
 .UNSPECIFIED. ) ;
#8184 = B_SPLINE_CURVE_WITH_KNOTS ( 'NONE', 3,
 ( #1219, #1223, #1224, #1225, #1226, #1227, #1228, #1229, #1230, #1231, #1232 ),
 .UNSPECIFIED., .F., .F.,
 ( 4, 1, 1, 1, 1, 1, 1, 1, 4 ),
 ( 0.0000000000000000000, 0.1219040408698847900, 0.2394126076020048600, 0.3554101042801775000, 0.4720907288033022200, 0.5928589821563575700, 0.7187034677136827600, 0.8548923829515245900, 0.9999999999999998900 ),
 .UNSPECIFIED. ) ;
#8185 = B_SPLINE_CURVE_WITH_KNOTS ( 'NONE', 3,
 ( #1233, #1234, #1235, #1236, #1237, #1238, #1239, #1240, #1241, #1242, #1243, #1244, #1245, #1246, #1247, #1248, #1249, #1250, #1251, #1252, #1253, #1254, #1255 ),
 .UNSPECIFIED., .F., .F.,
 ( 4, 1, 1, 1, 1, 1, 1, 1, 1, 1, 1, 1, 1, 1, 1, 1, 1, 1, 1, 1, 4 ),
 ( 0.0000000000000000000, 0.06038661931106305300, 0.1208832485859955100, 0.1827546186251399800, 0.2478110297583504500, 0.2812991000432493200, 0.3150876241506563900, 0.3497023955502746600, 0.3848565811185557500, 0.4209661972261022300, 0.4585111882611391800, 0.4971747221273121700, 0.5376020478662691900, 0.5805030184200116200, 0.6274675400267046800, 0.6783882095592433900, 0.7339832205925603800, 0.7937467045508348500, 0.8577136721607320200, 0.9266978643613860100, 1.000000000000000000 ),
 .UNSPECIFIED. ) ;
#8186 = FACE_OUTER_BOUND ( 'NONE', #7093, .T. ) ;
#8187 = AXIS2_PLACEMENT_3D ( 'NONE', #6803, #6804, #6805 ) ;
#8188 = FACE_OUTER_BOUND ( 'NONE', #7243, .T. ) ;
#8189 = FACE_OUTER_BOUND ( 'NONE', #7182, .T. ) ;
#8190 = AXIS2_PLACEMENT_3D ( 'NONE', #4278, #4279, #4280 ) ;
#8191 = FACE_OUTER_BOUND ( 'NONE', #7153, .T. ) ;
#8192 = AXIS2_PLACEMENT_3D ( 'NONE', #5634, #5635, #5636 ) ;
#8193 = VECTOR ( 'NONE', #6767, 1000.000000000000000 ) ;
#8194 = AXIS2_PLACEMENT_3D ( 'NONE', #6739, #6740, #6741 ) ;
#8195 = FACE_OUTER_BOUND ( 'NONE', #7132, .T. ) ;
#8196 = CYLINDRICAL_SURFACE ( 'NONE', #8248, 0.02500000000000001200 ) ;
#8197 = FACE_OUTER_BOUND ( 'NONE', #7174, .T. ) ;
#8198 = AXIS2_PLACEMENT_3D ( 'NONE', #5721, #5722, #5723 ) ;
#8199 = FACE_OUTER_BOUND ( 'NONE', #7154, .T. ) ;
#8200 = AXIS2_PLACEMENT_3D ( 'NONE', #5688, #5689, #5690 ) ;
#8201 = CYLINDRICAL_SURFACE ( 'NONE', #8190, 0.02499999999999995600 ) ;
#8202 = FACE_OUTER_BOUND ( 'NONE', #7161, .T. ) ;
#8203 = AXIS2_PLACEMENT_3D ( 'NONE', #5808, #5809, #5810 ) ;
#8204 = FACE_OUTER_BOUND ( 'NONE', #7115, .T. ) ;
#8205 = FACE_OUTER_BOUND ( 'NONE', #7239, .T. ) ;
#8206 = FACE_OUTER_BOUND ( 'NONE', #7253, .T. ) ;
#8207 = FACE_OUTER_BOUND ( 'NONE', #7179, .T. ) ;
#8208 = AXIS2_PLACEMENT_3D ( 'NONE', #4323, #4324, #4325 ) ;
#8209 = AXIS2_PLACEMENT_3D ( 'NONE', #6788, #6789, #6790 ) ;
#8210 = FACE_OUTER_BOUND ( 'NONE', #7188, .T. ) ;
#8211 = AXIS2_PLACEMENT_3D ( 'NONE', #6735, #6736, #6737 ) ;
#8212 = AXIS2_PLACEMENT_3D ( 'NONE', #4246, #4247, #4248 ) ;
#8213 = VECTOR ( 'NONE', #6733, 1000.000000000000000 ) ;
#8214 = AXIS2_PLACEMENT_3D ( 'NONE', #6762, #6763, #6764 ) ;
#8215 = VECTOR ( 'NONE', #5813, 1000.000000000000000 ) ;
#8216 = AXIS2_PLACEMENT_3D ( 'NONE', #4118, #4119, #4120 ) ;
#8217 = CYLINDRICAL_SURFACE ( 'NONE', #8236, 0.02499999999999995600 ) ;
#8218 = AXIS2_PLACEMENT_3D ( 'NONE', #5668, #5669, #5670 ) ;
#8219 = AXIS2_PLACEMENT_3D ( 'NONE', #5671, #5672, #5673 ) ;
#8220 = AXIS2_PLACEMENT_3D ( 'NONE', #6728, #6729, #6730 ) ;
#8221 = AXIS2_PLACEMENT_3D ( 'NONE', #6807, #6808, #6809 ) ;
#8222 = FACE_OUTER_BOUND ( 'NONE', #7212, .T. ) ;
#8223 = FACE_OUTER_BOUND ( 'NONE', #7056, .T. ) ;
#8224 = FACE_OUTER_BOUND ( 'NONE', #7076, .T. ) ;
#8225 = PRESENTATION_LAYER_ASSIGNMENT (  '', '', ( #8289 ) ) ;
#8226 = AXIS2_PLACEMENT_3D ( 'NONE', #4326, #4327, #4328 ) ;
#8227 = CYLINDRICAL_SURFACE ( 'NONE', #8276, 0.02499999999999995600 ) ;
#8228 = FACE_OUTER_BOUND ( 'NONE', #7111, .T. ) ;
#8229 = CYLINDRICAL_SURFACE ( 'NONE', #8280, 0.02499999999999995600 ) ;
#8230 = FACE_OUTER_BOUND ( 'NONE', #7209, .T. ) ;
#8231 = FACE_OUTER_BOUND ( 'NONE', #4838, .T. ) ;
#8232 = AXIS2_PLACEMENT_3D ( 'NONE', #4275, #4276, #4277 ) ;
#8233 = AXIS2_PLACEMENT_3D ( 'NONE', #6721, #6722, #6723 ) ;
#8234 = FACE_OUTER_BOUND ( 'NONE', #7138, .T. ) ;
#8235 = FACE_OUTER_BOUND ( 'NONE', #7169, .T. ) ;
#8236 = AXIS2_PLACEMENT_3D ( 'NONE', #5843, #5844, #5845 ) ;
#8237 = FACE_OUTER_BOUND ( 'NONE', #7159, .T. ) ;
#8238 = CYLINDRICAL_SURFACE ( 'NONE', #8243, 0.02499999999999995600 ) ;
#8239 = VECTOR ( 'NONE', #4251, 1000.000000000000000 ) ;
#8240 = FACE_OUTER_BOUND ( 'NONE', #7091, .T. ) ;
#8241 = AXIS2_PLACEMENT_3D ( 'NONE', #5715, #5716, #5717 ) ;
#8242 = FACE_OUTER_BOUND ( 'NONE', #7223, .T. ) ;
#8243 = AXIS2_PLACEMENT_3D ( 'NONE', #6717, #6718, #6719 ) ;
#8244 = FACE_OUTER_BOUND ( 'NONE', #7238, .T. ) ;
#8245 = AXIS2_PLACEMENT_3D ( 'NONE', #5675, #5676, #5677 ) ;
#8246 = AXIS2_PLACEMENT_3D ( 'NONE', #5691, #5692, #5693 ) ;
#8247 = AXIS2_PLACEMENT_3D ( 'NONE', #6769, #6770, #6771 ) ;
#8248 = AXIS2_PLACEMENT_3D ( 'NONE', #6791, #6792, #6793 ) ;
#8249 = AXIS2_PLACEMENT_3D ( 'NONE', #6795, #6796, #6797 ) ;
#8250 = FACE_OUTER_BOUND ( 'NONE', #7230, .T. ) ;
#8251 = CYLINDRICAL_SURFACE ( 'NONE', #8246, 0.02499999999999995600 ) ;
#8252 = FACE_OUTER_BOUND ( 'NONE', #7052, .T. ) ;
#8253 = FACE_OUTER_BOUND ( 'NONE', #7139, .T. ) ;
#8254 = FACE_BOUND ( 'NONE', #7144, .T. ) ;
#8255 = FACE_OUTER_BOUND ( 'NONE', #7087, .T. ) ;
#8256 = FACE_OUTER_BOUND ( 'NONE', #7203, .T. ) ;
#8257 = PRESENTATION_LAYER_ASSIGNMENT (  '', '', ( #8265 ) ) ;
#8258 = FACE_OUTER_BOUND ( 'NONE', #7058, .T. ) ;
#8259 = FACE_OUTER_BOUND ( 'NONE', #5917, .T. ) ;
#8260 = AXIS2_PLACEMENT_3D ( 'NONE', #5755, #5756, #5757 ) ;
#8261 = FACE_OUTER_BOUND ( 'NONE', #7232, .T. ) ;
#8262 = AXIS2_PLACEMENT_3D ( 'NONE', #5759, #5760, #5761 ) ;
#8263 = FACE_OUTER_BOUND ( 'NONE', #7211, .T. ) ;
#8264 = FACE_OUTER_BOUND ( 'NONE', #7134, .T. ) ;
#8265 = STYLED_ITEM ( 'NONE', ( #5683 ), #2103 ) ;
#8266 = SPHERICAL_SURFACE ( 'NONE', #8226, 0.02500000000000000100 ) ;
#8267 = FACE_OUTER_BOUND ( 'NONE', #7166, .T. ) ;
#8268 = FACE_OUTER_BOUND ( 'NONE', #7216, .T. ) ;
#8269 = MECHANICAL_DESIGN_GEOMETRIC_PRESENTATION_REPRESENTATION (  '', ( #8265 ), #3793 ) ;
#8270 = FACE_OUTER_BOUND ( 'NONE', #7183, .T. ) ;
#8271 = CYLINDRICAL_SURFACE ( 'NONE', #8216, 0.02500000000000001200 ) ;
#8272 = MECHANICAL_DESIGN_GEOMETRIC_PRESENTATION_REPRESENTATION (  '', ( #8289 ), #3794 ) ;
#8273 = FACE_OUTER_BOUND ( 'NONE', #7163, .T. ) ;
#8274 = FACE_OUTER_BOUND ( 'NONE', #7108, .T. ) ;
#8275 = FACE_OUTER_BOUND ( 'NONE', #7106, .T. ) ;
#8276 = AXIS2_PLACEMENT_3D ( 'NONE', #5718, #5719, #5720 ) ;
#8277 = FACE_OUTER_BOUND ( 'NONE', #7181, .T. ) ;
#8278 = FACE_OUTER_BOUND ( 'NONE', #7180, .T. ) ;
#8279 = AXIS2_PLACEMENT_3D ( 'NONE', #6799, #6800, #6801 ) ;
#8280 = AXIS2_PLACEMENT_3D ( 'NONE', #6724, #6725, #6726 ) ;
#8281 = AXIS2_PLACEMENT_3D ( 'NONE', #6811, #6812, #6813 ) ;
#8282 = AXIS2_PLACEMENT_3D ( 'NONE', #5804, #5805, #5806 ) ;
#8283 = FACE_OUTER_BOUND ( 'NONE', #7256, .T. ) ;
#8284 = STYLED_ITEM ( 'NONE', ( #6819 ), #2141 ) ;
#8285 = VECTOR ( 'NONE', #4283, 1000.000000000000000 ) ;
#8286 = SPHERICAL_SURFACE ( 'NONE', #8198, 0.02500000000000000100 ) ;
#8287 = CYLINDRICAL_SURFACE ( 'NONE', #8219, 0.02499999999999995600 ) ;
#8288 = FACE_OUTER_BOUND ( 'NONE', #7197, .T. ) ;
#8289 = STYLED_ITEM ( 'NONE', ( #5711 ), #2106 ) ;
#8290 = VECTOR ( 'NONE', #2439, 1000.000000000000000 ) ;
#8291 = VECTOR ( 'NONE', #2454, 1000.000000000000000 ) ;
#8292 = VECTOR ( 'NONE', #2457, 1000.000000000000000 ) ;
#8293 = PRESENTATION_LAYER_ASSIGNMENT (  '', '', ( #8342 ) ) ;
#8294 = VECTOR ( 'NONE', #874, 1000.000000000000000 ) ;
#8295 = FACE_OUTER_BOUND ( 'NONE', #1058, .T. ) ;
#8296 = VECTOR ( 'NONE', #2445, 1000.000000000000000 ) ;
#8297 = FACE_OUTER_BOUND ( 'NONE', #5899, .T. ) ;
#8298 = VECTOR ( 'NONE', #6885, 1000.000000000000000 ) ;
#8299 = VECTOR ( 'NONE', #838, 1000.000000000000000 ) ;
#8300 = MECHANICAL_DESIGN_GEOMETRIC_PRESENTATION_REPRESENTATION (  '', ( #8342 ), #3796 ) ;
#8301 = VECTOR ( 'NONE', #877, 1000.000000000000100 ) ;
#8302 = FACE_OUTER_BOUND ( 'NONE', #1061, .T. ) ;
#8303 = FACE_OUTER_BOUND ( 'NONE', #5901, .T. ) ;
#8304 = VECTOR ( 'NONE', #539, 1000.000000000000000 ) ;
#8305 = AXIS2_PLACEMENT_3D ( 'NONE', #420, #421, #422 ) ;
#8306 = AXIS2_PLACEMENT_3D ( 'NONE', #416, #417, #418 ) ;
#8307 = AXIS2_PLACEMENT_3D ( 'NONE', #496, #497, #498 ) ;
#8308 = FACE_OUTER_BOUND ( 'NONE', #5892, .T. ) ;
#8309 = VECTOR ( 'NONE', #811, 1000.000000000000000 ) ;
#8310 = VECTOR ( 'NONE', #2466, 1000.000000000000000 ) ;
#8311 = AXIS2_PLACEMENT_3D ( 'NONE', #503, #504, #505 ) ;
#8312 = VECTOR ( 'NONE', #808, 1000.000000000000000 ) ;
#8313 = VECTOR ( 'NONE', #501, 1000.000000000000000 ) ;
#8314 = FACE_OUTER_BOUND ( 'NONE', #5918, .T. ) ;
#8315 = AXIS2_PLACEMENT_3D ( 'NONE', #424, #425, #426 ) ;
#8316 = VECTOR ( 'NONE', #2475, 1000.000000000000000 ) ;
#8317 = PRESENTATION_LAYER_ASSIGNMENT (  '', '', ( #8284 ) ) ;
#8318 = VECTOR ( 'NONE', #814, 1000.000000000000200 ) ;
#8319 = FACE_OUTER_BOUND ( 'NONE', #5900, .T. ) ;
#8320 = VECTOR ( 'NONE', #6888, 1000.000000000000100 ) ;
#8321 = FACE_OUTER_BOUND ( 'NONE', #1068, .T. ) ;
#8322 = VECTOR ( 'NONE', #2448, 1000.000000000000000 ) ;
#8323 = VECTOR ( 'NONE', #805, 1000.000000000000000 ) ;
#8324 = VECTOR ( 'NONE', #2436, 1000.000000000000000 ) ;
#8325 = FACE_OUTER_BOUND ( 'NONE', #5885, .T. ) ;
#8326 = VECTOR ( 'NONE', #2463, 1000.000000000000000 ) ;
#8327 = VECTOR ( 'NONE', #508, 1000.000000000000000 ) ;
#8328 = FACE_OUTER_BOUND ( 'NONE', #1054, .T. ) ;
#8329 = VECTOR ( 'NONE', #2460, 1000.000000000000000 ) ;
#8330 = VECTOR ( 'NONE', #871, 1000.000000000000000 ) ;
#8331 = FACE_OUTER_BOUND ( 'NONE', #5896, .T. ) ;
#8332 = VECTOR ( 'NONE', #2430, 1000.000000000000000 ) ;
#8333 = VECTOR ( 'NONE', #6825, 1000.000000000000100 ) ;
#8334 = FACE_OUTER_BOUND ( 'NONE', #5886, .T. ) ;
#8335 = FACE_BOUND ( 'NONE', #5893, .T. ) ;
#8336 = VECTOR ( 'NONE', #2472, 1000.000000000000000 ) ;
#8337 = VECTOR ( 'NONE', #414, 1000.000000000000000 ) ;
#8338 = FACE_OUTER_BOUND ( 'NONE', #1052, .T. ) ;
#8339 = VECTOR ( 'NONE', #835, 1000.000000000000000 ) ;
#8340 = VECTOR ( 'NONE', #6891, 1000.000000000000000 ) ;
#8341 = VECTOR ( 'NONE', #2469, 1000.000000000000000 ) ;
#8342 = STYLED_ITEM ( 'NONE', ( #6838 ), #4377 ) ;
#8343 = VECTOR ( 'NONE', #2451, 1000.000000000000000 ) ;
#8344 = VECTOR ( 'NONE', #2433, 1000.000000000000000 ) ;
#8345 = VECTOR ( 'NONE', #817, 1000.000000000000100 ) ;
#8346 = FACE_OUTER_BOUND ( 'NONE', #5902, .T. ) ;
#8347 = AXIS2_PLACEMENT_3D ( 'NONE', #6842, #6843, #6844 ) ;
#8348 = FACE_OUTER_BOUND ( 'NONE', #1044, .T. ) ;
#8349 = FACE_OUTER_BOUND ( 'NONE', #5891, .T. ) ;
#8350 = VECTOR ( 'NONE', #2427, 1000.000000000000000 ) ;
#8351 = FACE_OUTER_BOUND ( 'NONE', #5903, .T. ) ;
#8352 = MECHANICAL_DESIGN_GEOMETRIC_PRESENTATION_REPRESENTATION (  '', ( #8284 ), #3795 ) ;
#8353 = VECTOR ( 'NONE', #748, 1000.000000000000000 ) ;
#8354 = VECTOR ( 'NONE', #6829, 1000.000000000000000 ) ;
#8355 = VECTOR ( 'NONE', #6832, 1000.000000000000000 ) ;
#8356 = VECTOR ( 'NONE', #2442, 1000.000000000000000 ) ;
#8357 = ORIENTED_EDGE ( 'NONE', *, *, #687, .F. ) ;
#8358 = ORIENTED_EDGE ( 'NONE', *, *, #654, .F. ) ;
#8359 = ORIENTED_EDGE ( 'NONE', *, *, #706, .T. ) ;
#8360 = ORIENTED_EDGE ( 'NONE', *, *, #701, .F. ) ;
#8361 = ORIENTED_EDGE ( 'NONE', *, *, #615, .F. ) ;
#8362 = ORIENTED_EDGE ( 'NONE', *, *, #608, .T. ) ;
#8363 = ORIENTED_EDGE ( 'NONE', *, *, #718, .F. ) ;
#8364 = ORIENTED_EDGE ( 'NONE', *, *, #599, .T. ) ;
#8365 = ORIENTED_EDGE ( 'NONE', *, *, #738, .F. ) ;
#8366 = ORIENTED_EDGE ( 'NONE', *, *, #717, .T. ) ;
#8367 = ORIENTED_EDGE ( 'NONE', *, *, #600, .T. ) ;
#8368 = ORIENTED_EDGE ( 'NONE', *, *, #612, .F. ) ;
#8369 = ORIENTED_EDGE ( 'NONE', *, *, #583, .F. ) ;
#8370 = ORIENTED_EDGE ( 'NONE', *, *, #684, .F. ) ;
#8371 = ORIENTED_EDGE ( 'NONE', *, *, #710, .F. ) ;
#8372 = ORIENTED_EDGE ( 'NONE', *, *, #722, .T. ) ;
#8373 = ORIENTED_EDGE ( 'NONE', *, *, #649, .F. ) ;
#8374 = ORIENTED_EDGE ( 'NONE', *, *, #701, .T. ) ;
#8375 = ORIENTED_EDGE ( 'NONE', *, *, #711, .T. ) ;
#8376 = ORIENTED_EDGE ( 'NONE', *, *, #683, .F. ) ;
#8377 = ORIENTED_EDGE ( 'NONE', *, *, #717, .F. ) ;
#8378 = ORIENTED_EDGE ( 'NONE', *, *, #718, .T. ) ;
#8379 = ORIENTED_EDGE ( 'NONE', *, *, #595, .T. ) ;
#8380 = ORIENTED_EDGE ( 'NONE', *, *, #635, .T. ) ;
#8381 = ORIENTED_EDGE ( 'NONE', *, *, #679, .T. ) ;
#8382 = ORIENTED_EDGE ( 'NONE', *, *, #608, .F. ) ;
#8383 = ORIENTED_EDGE ( 'NONE', *, *, #652, .T. ) ;
#8384 = ORIENTED_EDGE ( 'NONE', *, *, #630, .F. ) ;
#8385 = ORIENTED_EDGE ( 'NONE', *, *, #654, .T. ) ;
#8386 = ORIENTED_EDGE ( 'NONE', *, *, #687, .T. ) ;
#8387 = ORIENTED_EDGE ( 'NONE', *, *, #611, .F. ) ;
#8388 = ORIENTED_EDGE ( 'NONE', *, *, #707, .F. ) ;
#8389 = ORIENTED_EDGE ( 'NONE', *, *, #721, .T. ) ;
#8390 = ORIENTED_EDGE ( 'NONE', *, *, #579, .T. ) ;
#8391 = ORIENTED_EDGE ( 'NONE', *, *, #606, .F. ) ;
#8392 = ORIENTED_EDGE ( 'NONE', *, *, #624, .T. ) ;
#8393 = ORIENTED_EDGE ( 'NONE', *, *, #710, .T. ) ;
#8394 = ORIENTED_EDGE ( 'NONE', *, *, #664, .T. ) ;
#8395 = ORIENTED_EDGE ( 'NONE', *, *, #580, .T. ) ;
#8396 = ORIENTED_EDGE ( 'NONE', *, *, #727, .T. ) ;
#8397 = ORIENTED_EDGE ( 'NONE', *, *, #667, .F. ) ;
#8398 = ORIENTED_EDGE ( 'NONE', *, *, #711, .F. ) ;
#8399 = ORIENTED_EDGE ( 'NONE', *, *, #713, .F. ) ;
#8400 = ORIENTED_EDGE ( 'NONE', *, *, #738, .T. ) ;
#8401 = ORIENTED_EDGE ( 'NONE', *, *, #588, .F. ) ;
#8402 = ORIENTED_EDGE ( 'NONE', *, *, #695, .F. ) ;
#8403 = ORIENTED_EDGE ( 'NONE', *, *, #600, .F. ) ;
#8404 = ORIENTED_EDGE ( 'NONE', *, *, #661, .T. ) ;
#8405 = ORIENTED_EDGE ( 'NONE', *, *, #706, .F. ) ;
#8406 = ORIENTED_EDGE ( 'NONE', *, *, #721, .F. ) ;
#8407 = ORIENTED_EDGE ( 'NONE', *, *, #708, .F. ) ;
#8408 = ORIENTED_EDGE ( 'NONE', *, *, #599, .F. ) ;
#8409 = ORIENTED_EDGE ( 'NONE', *, *, #722, .F. ) ;
#8410 = ORIENTED_EDGE ( 'NONE', *, *, #624, .F. ) ;
#8411 = ORIENTED_EDGE ( 'NONE', *, *, #592, .F. ) ;
#8412 = ORIENTED_EDGE ( 'NONE', *, *, #588, .T. ) ;
#8413 = ORIENTED_EDGE ( 'NONE', *, *, #594, .F. ) ;
#8414 = ORIENTED_EDGE ( 'NONE', *, *, #645, .F. ) ;
#8415 = ORIENTED_EDGE ( 'NONE', *, *, #657, .F. ) ;
#8416 = ORIENTED_EDGE ( 'NONE', *, *, #583, .T. ) ;
#8417 = ORIENTED_EDGE ( 'NONE', *, *, #679, .F. ) ;
#8418 = ORIENTED_EDGE ( 'NONE', *, *, #630, .T. ) ;
#8419 = ORIENTED_EDGE ( 'NONE', *, *, #707, .T. ) ;
#8420 = ORIENTED_EDGE ( 'NONE', *, *, #677, .F. ) ;
#8421 = ORIENTED_EDGE ( 'NONE', *, *, #644, .F. ) ;
#8422 = ORIENTED_EDGE ( 'NONE', *, *, #612, .T. ) ;
#8423 = ORIENTED_EDGE ( 'NONE', *, *, #708, .T. ) ;
#8424 = ORIENTED_EDGE ( 'NONE', *, *, #615, .T. ) ;
#8425 = ORIENTED_EDGE ( 'NONE', *, *, #661, .F. ) ;
#8426 = ORIENTED_EDGE ( 'NONE', *, *, #683, .T. ) ;
#8427 = CARTESIAN_POINT ( 'NONE',  ( -0.03463558574751313100, 0.4499999999999997300, -0.05452000374903257600 ) ) ;
#8428 = CARTESIAN_POINT ( 'NONE',  ( -0.03296295480263099200, 0.4489999999999997900, -0.05334041620082861900 ) ) ;
#8429 = CARTESIAN_POINT ( 'NONE',  ( -0.03296295480263099200, 0.4499999999999997300, -0.05334041620082861900 ) ) ;
#8430 = CARTESIAN_POINT ( 'NONE',  ( -0.03137649648931655600, 0.4490000000000001200, -0.05204116997970598800 ) ) ;
#8431 = CARTESIAN_POINT ( 'NONE',  ( -0.03137649648931655600, 0.4500000000000000700, -0.05204116997970598800 ) ) ;
#8432 = CARTESIAN_POINT ( 'NONE',  ( -0.02989021133801091100, 0.4489999999999996800, -0.05059226802049367200 ) ) ;
#8433 = CARTESIAN_POINT ( 'NONE',  ( -0.02989021133801091100, 0.4499999999999996200, -0.05059226802049367200 ) ) ;
#8434 = CARTESIAN_POINT ( 'NONE',  ( -0.02851245728417732900, 0.4489999999999999500, -0.04900996116770987100 ) ) ;
#8435 = CARTESIAN_POINT ( 'NONE',  ( -0.02851245728417732900, 0.4499999999999999000, -0.04900996116770987100 ) ) ;
#8436 = CARTESIAN_POINT ( 'NONE',  ( -0.02724717735320738100, 0.4489999999999997900, -0.04732081231395285400 ) ) ;
#8437 = CARTESIAN_POINT ( 'NONE',  ( -0.02724717735320738100, 0.4499999999999997300, -0.04732081231395285400 ) ) ;
#8438 = CARTESIAN_POINT ( 'NONE',  ( -0.02615775784671660000, 0.4489999999999998400, -0.04549960574516749600 ) ) ;
#8439 = CARTESIAN_POINT ( 'NONE',  ( -0.02615775784671660000, 0.4499999999999997900, -0.04549960574516749600 ) ) ;
#8440 = CARTESIAN_POINT ( 'NONE',  ( -0.02524555136005191700, 0.4489999999999997900, -0.04357699707602927900 ) ) ;
#8441 = CARTESIAN_POINT ( 'NONE',  ( -0.02524555136005191700, 0.4499999999999997300, -0.04357699707602927900 ) ) ;
#8442 = CARTESIAN_POINT ( 'NONE',  ( -0.02446317217479032300, 0.4489999999999998400, -0.04155432361439100100 ) ) ;
#8443 = CARTESIAN_POINT ( 'NONE',  ( -0.02446317217479032300, 0.4499999999999997900, -0.04155432361439100100 ) ) ;
#8444 = CARTESIAN_POINT ( 'NONE',  ( -0.02390007347567041400, 0.4489999999999998400, -0.03941460008606706400 ) ) ;
#8445 = CARTESIAN_POINT ( 'NONE',  ( -0.02390007347567041400, 0.4499999999999997900, -0.03941460008606706400 ) ) ;
#8446 = CARTESIAN_POINT ( 'NONE',  ( -0.02347587634122888500, 0.4489999999999996800, -0.03717269401823313600 ) ) ;
#8447 = CARTESIAN_POINT ( 'NONE',  ( -0.02347587634122888500, 0.4499999999999996200, -0.03717269401823313600 ) ) ;
#8448 = CARTESIAN_POINT ( 'NONE',  ( -0.02320662983792461800, 0.4489999999999999000, -0.03482884572676184900 ) ) ;
#8449 = CARTESIAN_POINT ( 'NONE',  ( -0.02320662983792461800, 0.4499999999999998400, -0.03482884572676184900 ) ) ;
#8450 = CARTESIAN_POINT ( 'NONE',  ( -0.02318084235920627900, 0.4489999999999998400, -0.03322713522616575100 ) ) ;
#8451 = CARTESIAN_POINT ( 'NONE',  ( -0.02318084235920627900, 0.4499999999999997900, -0.03322713522616575100 ) ) ;
#8452 = CARTESIAN_POINT ( 'NONE',  ( -0.02316771495114683400, 0.4489999999999998400, -0.03241176635803865600 ) ) ;
#8453 = CARTESIAN_POINT ( 'NONE',  ( -0.02316771495114683400, 0.4499999999999997900, -0.03241176635803865600 ) ) ;
#8454 = CARTESIAN_POINT ( 'NONE',  ( -1.000000000000000000, 0.4249999999999998800, -0.7750000000000000200 ) ) ;
#8455 = DIRECTION ( 'NONE',  ( -1.000000000000000000, 0.0000000000000000000, 0.0000000000000000000 ) ) ;
#8456 = DIRECTION ( 'NONE',  ( 0.0000000000000000000, 0.0000000000000000000, 1.000000000000000000 ) ) ;
#8457 = PLANE ( 'NONE',  #9136 ) ;
#8458 = CARTESIAN_POINT ( 'NONE',  ( 0.0000000000000000000, 0.0000000000000000000, 0.8000000000000000400 ) ) ;
#8459 = DIRECTION ( 'NONE',  ( -0.0000000000000000000, 0.0000000000000000000, 1.000000000000000000 ) ) ;
#8460 = DIRECTION ( 'NONE',  ( 1.000000000000000000, 0.0000000000000000000, 0.0000000000000000000 ) ) ;
#8461 = CARTESIAN_POINT ( 'NONE',  ( -0.9750000000000000900, -0.4249999999999999900, 0.7750000000000001300 ) ) ;
#8462 = DIRECTION ( 'NONE',  ( 0.0000000000000000000, 1.000000000000000000, 0.0000000000000000000 ) ) ;
#8463 = DIRECTION ( 'NONE',  ( 1.000000000000000000, 0.0000000000000000000, 0.0000000000000000000 ) ) ;
#8464 = CARTESIAN_POINT ( 'NONE',  ( -0.2627310162331981700, 0.4499999999999999000, -0.009635324050346356200 ) ) ;
#8465 = CARTESIAN_POINT ( 'NONE',  ( -0.2637831304097425500, 0.4499999999999999000, -0.01038471226804140900 ) ) ;
#8466 = CARTESIAN_POINT ( 'NONE',  ( -0.2657946925977478500, 0.4499999999999999600, -0.01181748547503597500 ) ) ;
#8467 = CARTESIAN_POINT ( 'NONE',  ( -0.2686077949505011300, 0.4499999999999997300, -0.01394389358971085500 ) ) ;
#8468 = CARTESIAN_POINT ( 'NONE',  ( -0.2711233510364986500, 0.4499999999999999600, -0.01588800414805094000 ) ) ;
#8469 = CARTESIAN_POINT ( 'NONE',  ( -0.2733301800800219100, 0.4499999999999999600, -0.01766811877955186800 ) ) ;
#8470 = CARTESIAN_POINT ( 'NONE',  ( -0.2752273114184806100, 0.4499999999999998400, -0.01928447891469128500 ) ) ;
#8471 = CARTESIAN_POINT ( 'NONE',  ( -0.2768296945903134800, 0.4499999999999999600, -0.02072156289018181600 ) ) ;
#8472 = CARTESIAN_POINT ( 'NONE',  ( -0.2780965105073295300, 0.4499999999999999000, -0.02201823605784920500 ) ) ;
#8473 = CARTESIAN_POINT ( 'NONE',  ( -0.2788009556690017000, 0.4499999999999999000, -0.02285941725056801800 ) ) ;
#8474 = CARTESIAN_POINT ( 'NONE',  ( -0.2791172341819160900, 0.4499999999999999000, -0.02323708687085917400 ) ) ;
#8475 = CARTESIAN_POINT ( 'NONE',  ( 0.9750000000000000900, 0.4249999999999998800, 0.7750000000000001300 ) ) ;
#8476 = DIRECTION ( 'NONE',  ( 0.0000000000000000000, 1.000000000000000000, 0.0000000000000000000 ) ) ;
#8477 = DIRECTION ( 'NONE',  ( 1.000000000000000000, 0.0000000000000000000, 0.0000000000000000000 ) ) ;
#8478 = CARTESIAN_POINT ( 'NONE',  ( 0.2549372529975711400, 0.4499999999999999000, -0.01494381764008994100 ) ) ;
#8479 = CARTESIAN_POINT ( 'NONE',  ( 0.2557557829161402600, 0.4499999999999999600, -0.01451701889841476600 ) ) ;
#8480 = CARTESIAN_POINT ( 'NONE',  ( 0.2573521896192284600, 0.4500000000000000100, -0.01368461881550648400 ) ) ;
#8481 = CARTESIAN_POINT ( 'NONE',  ( 0.2596258241395196200, 0.4499999999999998400, -0.01234430945298177000 ) ) ;
#8482 = CARTESIAN_POINT ( 'NONE',  ( 0.2617036813181118400, 0.4499999999999999000, -0.01093171045679555500 ) ) ;
#8483 = CARTESIAN_POINT ( 'NONE',  ( 0.2636434116549087300, 0.4500000000000000100, -0.009513543045007929000 ) ) ;
#8484 = CARTESIAN_POINT ( 'NONE',  ( 0.2654109359636717100, 0.4499999999999998400, -0.008035495862183800200 ) ) ;
#8485 = CARTESIAN_POINT ( 'NONE',  ( 0.2669864906167954100, 0.4500000000000000100, -0.006491691399097890100 ) ) ;
#8486 = CARTESIAN_POINT ( 'NONE',  ( 0.2684089940430203200, 0.4499999999999998400, -0.004920664390683882800 ) ) ;
#8487 = CARTESIAN_POINT ( 'NONE',  ( 0.2696497592998594000, 0.4499999999999998400, -0.003295811814547628200 ) ) ;
#8488 = CARTESIAN_POINT ( 'NONE',  ( 0.2707410974918339500, 0.4499999999999997900, -0.001621450411857620900 ) ) ;
#8489 = CARTESIAN_POINT ( 'NONE',  ( 0.2716843013547927700, 0.4499999999999999000, 0.0001068145322079198100 ) ) ;
#8490 = CARTESIAN_POINT ( 'NONE',  ( 0.2724905071500125000, 0.4499999999999998400, 0.001885195497082917500 ) ) ;
#8491 = CARTESIAN_POINT ( 'NONE',  ( 0.2731294482564990400, 0.4499999999999997300, 0.003733104923813612500 ) ) ;
#8492 = CARTESIAN_POINT ( 'NONE',  ( 0.2736557851619517100, 0.4500000000000000700, 0.005623398114045007800 ) ) ;
#8493 = CARTESIAN_POINT ( 'NONE',  ( 0.2740179453060037600, 0.4499999999999998400, 0.007580483309822920600 ) ) ;
#8494 = CARTESIAN_POINT ( 'NONE',  ( 0.2742127143865051900, 0.4499999999999999600, 0.009591464478266682400 ) ) ;
#8495 = CARTESIAN_POINT ( 'NONE',  ( 0.2742495376276840000, 0.4500000000000000100, 0.01095055881209064000 ) ) ;
#8496 = CARTESIAN_POINT ( 'NONE',  ( 0.2742681824847507100, 0.4499999999999999600, 0.01163871441119211500 ) ) ;
#8497 = PLANE ( 'NONE',  #9118 ) ;
#8498 = CARTESIAN_POINT ( 'NONE',  ( -0.3838848623870442800, 0.4489999999999998400, 0.04076531697529468100 ) ) ;
#8499 = DIRECTION ( 'NONE',  ( -0.0000000000000000000, 0.0000000000000000000, -1.000000000000000000 ) ) ;
#8500 = DIRECTION ( 'NONE',  ( -1.000000000000000000, 0.0000000000000000000, 0.0000000000000000000 ) ) ;
#8501 = LINE ( 'NONE', #8502, #9116 ) ;
#8502 = CARTESIAN_POINT ( 'NONE',  ( -0.06858037520755708200, 0.4499999999999999000, -0.005388529178551479600 ) ) ;
#8503 = DIRECTION ( 'NONE',  ( -1.000000000000000000, 0.0000000000000000000, 0.0000000000000000000 ) ) ;
#8504 = CARTESIAN_POINT ( 'NONE',  ( 0.0000000000000000000, 0.4249999999999998800, 0.7750000000000001300 ) ) ;
#8505 = FILL_AREA_STYLE_COLOUR ( '', #4408 ) ;
#8506 = FILL_AREA_STYLE ('',( #8505 ) ) ;
#8507 = SURFACE_STYLE_FILL_AREA ( #8506 ) ;
#8508 = SURFACE_SIDE_STYLE ('',( #8507 ) ) ;
#8509 = SURFACE_STYLE_USAGE ( .BOTH. , #8508 ) ;
#8510 = PRESENTATION_STYLE_ASSIGNMENT (( #8509 ) ) ;
#8511 =( LENGTH_UNIT ( ) NAMED_UNIT ( * ) SI_UNIT ( .MILLI., .METRE. ) );
#8512 =( NAMED_UNIT ( * ) PLANE_ANGLE_UNIT ( ) SI_UNIT ( $, .RADIAN. ) );
#8513 =( NAMED_UNIT ( * ) SI_UNIT ( $, .STERADIAN. ) SOLID_ANGLE_UNIT ( ) );
#8514 = DIRECTION ( 'NONE',  ( 1.000000000000000000, 0.0000000000000000000, 0.0000000000000000000 ) ) ;
#8515 = DIRECTION ( 'NONE',  ( 0.0000000000000000000, 0.0000000000000000000, -1.000000000000000000 ) ) ;
#8516 = LINE ( 'NONE', #8517, #9113 ) ;
#8517 = CARTESIAN_POINT ( 'NONE',  ( -0.2334241252075571200, 0.4499999999999999000, -0.04487170225547456500 ) ) ;
#8518 = DIRECTION ( 'NONE',  ( -0.7969199129874908700, 0.0000000000000000000, 0.6040849710794086200 ) ) ;
#8519 = CARTESIAN_POINT ( 'NONE',  ( -0.06509479828448015700, 0.4499999999999999000, -0.05923468302470532400 ) ) ;
#8520 = CARTESIAN_POINT ( 'NONE',  ( -0.06374591525157552500, 0.4499999999999999000, -0.05923320027496691700 ) ) ;
#8521 = CARTESIAN_POINT ( 'NONE',  ( -0.06116139545698426300, 0.4499999999999999000, -0.05923035926061960600 ) ) ;
#8522 = CARTESIAN_POINT ( 'NONE',  ( -0.05745525100815892400, 0.4499999999999998400, -0.05914422366560116700 ) ) ;
#8523 = CARTESIAN_POINT ( 'NONE',  ( -0.05408925867597787200, 0.4499999999999999000, -0.05902917532009360100 ) ) ;
#8524 = CARTESIAN_POINT ( 'NONE',  ( -0.05107067636378582300, 0.4499999999999999600, -0.05886969265743299100 ) ) ;
#8525 = CARTESIAN_POINT ( 'NONE',  ( -0.04839021641845491600, 0.4500000000000000100, -0.05868121865036138300 ) ) ;
#8526 = CARTESIAN_POINT ( 'NONE',  ( -0.04606000785998175300, 0.4499999999999998400, -0.05841687466814914100 ) ) ;
#8527 = CARTESIAN_POINT ( 'NONE',  ( -0.04406173482187195800, 0.4499999999999999000, -0.05814086622376832300 ) ) ;
#8528 = CARTESIAN_POINT ( 'NONE',  ( -0.04286440769482865300, 0.4499999999999999000, -0.05786025460892852600 ) ) ;
#8529 = CARTESIAN_POINT ( 'NONE',  ( -0.04231835597678782600, 0.4499999999999999000, -0.05773227917855149000 ) ) ;
#8530 = CARTESIAN_POINT ( 'NONE',  ( -0.2556997662331981800, 0.4499999999999999000, -0.01600551635803866200 ) ) ;
#8531 = CARTESIAN_POINT ( 'NONE',  ( -0.2546144544244148800, 0.4499999999999999600, -0.01521576322804673600 ) ) ;
#8532 = CARTESIAN_POINT ( 'NONE',  ( -0.2525128985278865500, 0.4500000000000000700, -0.01368651574939184400 ) ) ;
#8533 = CARTESIAN_POINT ( 'NONE',  ( -0.2495226819589860500, 0.4499999999999998400, -0.01138892489146478200 ) ) ;
#8534 = CARTESIAN_POINT ( 'NONE',  ( -0.2468114302991332400, 0.4499999999999999000, -0.009141845789342312900 ) ) ;
#8535 = CARTESIAN_POINT ( 'NONE',  ( -0.2443696244828426900, 0.4499999999999999000, -0.006959628443739714100 ) ) ;
#8536 = CARTESIAN_POINT ( 'NONE',  ( -0.2421731413845635600, 0.4499999999999999600, -0.004858825786492694500 ) ) ;
#8537 = CARTESIAN_POINT ( 'NONE',  ( -0.2402463493652838800, 0.4500000000000000100, -0.002814163491344577600 ) ) ;
#8538 = CARTESIAN_POINT ( 'NONE',  ( -0.2385696156410785100, 0.4499999999999998400, -0.0008402899861382185300 ) ) ;
#8539 = CARTESIAN_POINT ( 'NONE',  ( -0.2367644951136457800, 0.4499999999999998400, 0.001690355033609887400 ) ) ;
#8540 = CARTESIAN_POINT ( 'NONE',  ( -0.2349199859844891500, 0.4499999999999999000, 0.004798386012876713600 ) ) ;
#8541 = CARTESIAN_POINT ( 'NONE',  ( -0.2333359429151711200, 0.4499999999999999600, 0.008606335685598827400 ) ) ;
#8542 = CARTESIAN_POINT ( 'NONE',  ( -0.2323371329878981800, 0.4500000000000000100, 0.01242908769979789200 ) ) ;
#8543 = CARTESIAN_POINT ( 'NONE',  ( -0.2322065182612707300, 0.4499999999999999600, 0.01499842588479952500 ) ) ;
#8544 = CARTESIAN_POINT ( 'NONE',  ( -0.2321420739255058200, 0.4499999999999999000, 0.01626611825734596000 ) ) ;
#8545 = PLANE ( 'NONE',  #9130 ) ;
#8546 = CARTESIAN_POINT ( 'NONE',  ( -0.08470617648960833400, 0.4489999999999998400, -0.05923468302470532400 ) ) ;
#8547 = DIRECTION ( 'NONE',  ( -0.0000000000000000000, 0.0000000000000000000, 1.000000000000000000 ) ) ;
#8548 = DIRECTION ( 'NONE',  ( 1.000000000000000000, 0.0000000000000000000, 0.0000000000000000000 ) ) ;
#8549 = CARTESIAN_POINT ( 'NONE',  ( -0.04311963802806987500, 0.4499999999999999000, -0.007031157383679684100 ) ) ;
#8550 = CARTESIAN_POINT ( 'NONE',  ( -0.04374613328496741000, 0.4499999999999999000, -0.006897929352882779100 ) ) ;
#8551 = CARTESIAN_POINT ( 'NONE',  ( -0.04511913406669915100, 0.4500000000000000100, -0.006605952377129478700 ) ) ;
#8552 = CARTESIAN_POINT ( 'NONE',  ( -0.04738035470034904200, 0.4499999999999999600, -0.006279996467275658600 ) ) ;
#8553 = CARTESIAN_POINT ( 'NONE',  ( -0.05001308001262959300, 0.4499999999999999600, -0.006001779304834279800 ) ) ;
#8554 = CARTESIAN_POINT ( 'NONE',  ( -0.05301371658164579600, 0.4500000000000000700, -0.005793175373946946600 ) ) ;
#8555 = CARTESIAN_POINT ( 'NONE',  ( -0.05637957100797651900, 0.4499999999999997300, -0.005614593417889540000 ) ) ;
#8556 = CARTESIAN_POINT ( 'NONE',  ( -0.06011246407454062800, 0.4499999999999999600, -0.005472647878155900200 ) ) ;
#8557 = CARTESIAN_POINT ( 'NONE',  ( -0.06421972342252091300, 0.4499999999999999000, -0.005394652054294230400 ) ) ;
#8558 = CARTESIAN_POINT ( 'NONE',  ( -0.06708461611046256900, 0.4499999999999999600, -0.005390629402908769800 ) ) ;
#8559 = CARTESIAN_POINT ( 'NONE',  ( -0.06858037520755708200, 0.4499999999999999000, -0.005388529178551479600 ) ) ;
#8560 = PLANE ( 'NONE',  #9099 ) ;
#8561 = CARTESIAN_POINT ( 'NONE',  ( -0.2077230034126852900, 0.4489999999999998400, 0.04076531697529468100 ) ) ;
#8562 = DIRECTION ( 'NONE',  ( -0.0000000000000000000, 0.0000000000000000000, -1.000000000000000000 ) ) ;
#8563 = DIRECTION ( 'NONE',  ( -1.000000000000000000, 0.0000000000000000000, 0.0000000000000000000 ) ) ;
#8564 = CARTESIAN_POINT ( 'NONE',  ( -0.9750000000000000900, 0.4249999999999998800, -0.7750000000000001300 ) ) ;
#8565 = DIRECTION ( 'NONE',  ( 0.0000000000000000000, 1.000000000000000000, 0.0000000000000000000 ) ) ;
#8566 = DIRECTION ( 'NONE',  ( 1.000000000000000000, 0.0000000000000000000, 0.0000000000000000000 ) ) ;
#8567 = LINE ( 'NONE', #8568, #9077 ) ;
#8568 = CARTESIAN_POINT ( 'NONE',  ( -0.3233480034126853300, 0.4499999999999999000, 0.008714034924012620600 ) ) ;
#8569 = DIRECTION ( 'NONE',  ( -1.000000000000000000, 0.0000000000000000000, 0.0000000000000000000 ) ) ;
#8570 = PLANE ( 'NONE',  #9080 ) ;
#8571 = CARTESIAN_POINT ( 'NONE',  ( -0.05366446524609740800, 0.4489999999999997900, -0.05900029403138333500 ) ) ;
#8572 = DIRECTION ( 'NONE',  ( -7.261621923057618900E-016, 1.000000000000000000, 6.606022816706343000E-013 ) ) ;
#8573 = DIRECTION ( 'NONE',  ( 0.0000000000000000000, -6.606022816706343000E-013, 1.000000000000000000 ) ) ;
#8574 = LINE ( 'NONE', #8575, #9134 ) ;
#8575 = CARTESIAN_POINT ( 'NONE',  ( 0.08324254145910961500, 0.4499999999999999000, 0.007431983641961344000 ) ) ;
#8576 = DIRECTION ( 'NONE',  ( 0.0000000000000000000, 0.0000000000000000000, -1.000000000000000000 ) ) ;
#8577 = PLANE ( 'NONE',  #9138 ) ;
#8578 = CARTESIAN_POINT ( 'NONE',  ( -0.1238087405921724900, 0.4489999999999998400, -0.03118981122983352900 ) ) ;
#8579 = DIRECTION ( 'NONE',  ( -0.8938291802146071100, 0.0000000000000000000, -0.4484076232591093800 ) ) ;
#8580 = DIRECTION ( 'NONE',  ( -0.4484076232591093800, 0.0000000000000000000, 0.8938291802146071100 ) ) ;
#8581 = FILL_AREA_STYLE_COLOUR ( '', #4410 ) ;
#8582 = FILL_AREA_STYLE ('',( #8581 ) ) ;
#8583 = SURFACE_STYLE_FILL_AREA ( #8582 ) ;
#8584 = SURFACE_SIDE_STYLE ('',( #8583 ) ) ;
#8585 = SURFACE_STYLE_USAGE ( .BOTH. , #8584 ) ;
#8586 = PRESENTATION_STYLE_ASSIGNMENT (( #8585 ) ) ;
#8587 =( LENGTH_UNIT ( ) NAMED_UNIT ( * ) SI_UNIT ( .MILLI., .METRE. ) );
#8588 =( NAMED_UNIT ( * ) PLANE_ANGLE_UNIT ( ) SI_UNIT ( $, .RADIAN. ) );
#8589 =( NAMED_UNIT ( * ) SI_UNIT ( $, .STERADIAN. ) SOLID_ANGLE_UNIT ( ) );
#8590 = CARTESIAN_POINT ( 'NONE',  ( -1.000000000000000000, -0.4249999999999999900, -0.7750000000000000200 ) ) ;
#8591 = DIRECTION ( 'NONE',  ( 1.000000000000000000, 5.421010862427522200E-017, 0.0000000000000000000 ) ) ;
#8592 = DIRECTION ( 'NONE',  ( 0.0000000000000000000, 1.000000000000000000, 0.0000000000000000000 ) ) ;
#8593 = CARTESIAN_POINT ( 'NONE',  ( -0.9750000000000000900, -0.4249999999999999900, -0.7750000000000001300 ) ) ;
#8594 = DIRECTION ( 'NONE',  ( 0.0000000000000000000, 1.000000000000000000, 0.0000000000000000000 ) ) ;
#8595 = DIRECTION ( 'NONE',  ( 1.000000000000000000, 0.0000000000000000000, 0.0000000000000000000 ) ) ;
#8596 = PLANE ( 'NONE',  #9094 ) ;
#8597 = CARTESIAN_POINT ( 'NONE',  ( -0.3462446380280699300, 0.4489999999999998400, -0.05923468302470532400 ) ) ;
#8598 = DIRECTION ( 'NONE',  ( -0.0000000000000000000, 0.0000000000000000000, 1.000000000000000000 ) ) ;
#8599 = DIRECTION ( 'NONE',  ( 1.000000000000000000, 0.0000000000000000000, 0.0000000000000000000 ) ) ;
#8600 = PLANE ( 'NONE',  #9155 ) ;
#8601 = CARTESIAN_POINT ( 'NONE',  ( 1.000000000000000000, 0.4499999999999999000, 0.8000000000000000400 ) ) ;
#8602 = DIRECTION ( 'NONE',  ( -1.000000000000000000, 0.0000000000000000000, 0.0000000000000000000 ) ) ;
#8603 = DIRECTION ( 'NONE',  ( 0.0000000000000000000, 0.0000000000000000000, 1.000000000000000000 ) ) ;
#8604 = CARTESIAN_POINT ( 'NONE',  ( -1.000000000000000000, -0.4249999999999999900, -0.7750000000000000200 ) ) ;
#8605 = DIRECTION ( 'NONE',  ( 1.000000000000000000, 5.421010862427522200E-017, 0.0000000000000000000 ) ) ;
#8606 = DIRECTION ( 'NONE',  ( 0.0000000000000000000, 1.000000000000000000, 0.0000000000000000000 ) ) ;
#8607 = LINE ( 'NONE', #8608, #9133 ) ;
#8608 = CARTESIAN_POINT ( 'NONE',  ( -0.08470617648960833400, 0.4499999999999999000, -0.05923468302470532400 ) ) ;
#8609 = DIRECTION ( 'NONE',  ( 1.000000000000000000, 0.0000000000000000000, 0.0000000000000000000 ) ) ;
#8610 = CARTESIAN_POINT ( 'NONE',  ( -0.03214207392550577600, 0.4489999999999998400, -0.03237170225547456000 ) ) ;
#8611 = CARTESIAN_POINT ( 'NONE',  ( -0.03214207392550577600, 0.4499999999999997300, -0.03237170225547456000 ) ) ;
#8612 = CARTESIAN_POINT ( 'NONE',  ( -0.03217814953966391400, 0.4489999999999997900, -0.03317565978258485400 ) ) ;
#8613 = CARTESIAN_POINT ( 'NONE',  ( -0.03217814953966391400, 0.4499999999999996800, -0.03317565978258485400 ) ) ;
#8614 = CARTESIAN_POINT ( 'NONE',  ( -0.03224986339568961700, 0.4489999999999997900, -0.03477382784418027500 ) ) ;
#8615 = CARTESIAN_POINT ( 'NONE',  ( -0.03224986339568961700, 0.4499999999999996800, -0.03477382784418027500 ) ) ;
#8616 = CARTESIAN_POINT ( 'NONE',  ( -0.03278288805742319400, 0.4489999999999999000, -0.03711607814731507400 ) ) ;
#8617 = CARTESIAN_POINT ( 'NONE',  ( -0.03278288805742319400, 0.4499999999999997900, -0.03711607814731507400 ) ) ;
#8618 = CARTESIAN_POINT ( 'NONE',  ( -0.03367858273923860600, 0.4489999999999998400, -0.03935138398693754200 ) ) ;
#8619 = CARTESIAN_POINT ( 'NONE',  ( -0.03367858273923860600, 0.4499999999999997300, -0.03935138398693754200 ) ) ;
#8620 = CARTESIAN_POINT ( 'NONE',  ( -0.03492019972537710500, 0.4489999999999997900, -0.04143632928274960200 ) ) ;
#8621 = CARTESIAN_POINT ( 'NONE',  ( -0.03492019972537710500, 0.4499999999999996800, -0.04143632928274960200 ) ) ;
#8622 = CARTESIAN_POINT ( 'NONE',  ( -0.03642708915282384000, 0.4489999999999997900, -0.04332743796747106500 ) ) ;
#8623 = CARTESIAN_POINT ( 'NONE',  ( -0.03642708915282384000, 0.4499999999999996800, -0.04332743796747106500 ) ) ;
#8624 = CARTESIAN_POINT ( 'NONE',  ( -0.03817849895590898200, 0.4489999999999998400, -0.04497021302640995300 ) ) ;
#8625 = CARTESIAN_POINT ( 'NONE',  ( -0.03817849895590898200, 0.4499999999999997300, -0.04497021302640995300 ) ) ;
#8626 = CARTESIAN_POINT ( 'NONE',  ( -0.04017030642258537200, 0.4489999999999999000, -0.04629083310444175000 ) ) ;
#8627 = CARTESIAN_POINT ( 'NONE',  ( -0.04017030642258537200, 0.4499999999999997900, -0.04629083310444175000 ) ) ;
#8628 = CARTESIAN_POINT ( 'NONE',  ( -0.04202311302352067200, 0.4489999999999998400, -0.04714321258011836000 ) ) ;
#8629 = CARTESIAN_POINT ( 'NONE',  ( -0.04202311302352067200, 0.4499999999999997300, -0.04714321258011836000 ) ) ;
#8630 = CARTESIAN_POINT ( 'NONE',  ( -0.04366886119573357800, 0.4489999999999997300, -0.04766364902106533200 ) ) ;
#8631 = CARTESIAN_POINT ( 'NONE',  ( -0.04366886119573357800, 0.4499999999999996200, -0.04766364902106533200 ) ) ;
#8632 = CARTESIAN_POINT ( 'NONE',  ( -0.04509834576384171700, 0.4489999999999997900, -0.04802778731984341800 ) ) ;
#8633 = CARTESIAN_POINT ( 'NONE',  ( -0.04509834576384171700, 0.4499999999999996800, -0.04802778731984341800 ) ) ;
#8634 = CARTESIAN_POINT ( 'NONE',  ( -0.04671236503488018100, 0.4489999999999999500, -0.04831851892684144200 ) ) ;
#8635 = CARTESIAN_POINT ( 'NONE',  ( -0.04671236503488018100, 0.4499999999999998400, -0.04831851892684144200 ) ) ;
#8636 = CARTESIAN_POINT ( 'NONE',  ( -0.04851144444946191300, 0.4489999999999997300, -0.04855393329244684500 ) ) ;
#8637 = CARTESIAN_POINT ( 'NONE',  ( -0.04851144444946191300, 0.4499999999999996200, -0.04855393329244684500 ) ) ;
#8638 = CARTESIAN_POINT ( 'NONE',  ( -0.05048163970318791900, 0.4489999999999997900, -0.04875546075597157700 ) ) ;
#8639 = CARTESIAN_POINT ( 'NONE',  ( -0.05048163970318791900, 0.4499999999999996800, -0.04875546075597157700 ) ) ;
#8640 = CARTESIAN_POINT ( 'NONE',  ( -0.05263987727160551700, 0.4490000000000000100, -0.04889220296265699800 ) ) ;
#8641 = CARTESIAN_POINT ( 'NONE',  ( -0.05263987727160551700, 0.4499999999999999000, -0.04889220296265699800 ) ) ;
#8642 = CARTESIAN_POINT ( 'NONE',  ( -0.05497798136487477800, 0.4489999999999996800, -0.04897224456941515900 ) ) ;
#8643 = CARTESIAN_POINT ( 'NONE',  ( -0.05497798136487477800, 0.4499999999999995700, -0.04897224456941515900 ) ) ;
#8644 = CARTESIAN_POINT ( 'NONE',  ( -0.05660114053244477700, 0.4489999999999999000, -0.04897621471960599700 ) ) ;
#8645 = CARTESIAN_POINT ( 'NONE',  ( -0.05660114053244477700, 0.4499999999999997900, -0.04897621471960599700 ) ) ;
#8646 = CARTESIAN_POINT ( 'NONE',  ( -0.05744255469473659400, 0.4489999999999998400, -0.04897827276829507000 ) ) ;
#8647 = CARTESIAN_POINT ( 'NONE',  ( -0.05744255469473659400, 0.4499999999999997300, -0.04897827276829507000 ) ) ;
#8648 = FILL_AREA_STYLE_COLOUR ( '', #4668 ) ;
#8649 = FILL_AREA_STYLE ('',( #8648 ) ) ;
#8650 = SURFACE_STYLE_FILL_AREA ( #8649 ) ;
#8651 = SURFACE_SIDE_STYLE ('',( #8650 ) ) ;
#8652 = SURFACE_STYLE_USAGE ( .BOTH. , #8651 ) ;
#8653 = PRESENTATION_STYLE_ASSIGNMENT (( #8652 ) ) ;
#8654 =( LENGTH_UNIT ( ) NAMED_UNIT ( * ) SI_UNIT ( .MILLI., .METRE. ) );
#8655 =( NAMED_UNIT ( * ) PLANE_ANGLE_UNIT ( ) SI_UNIT ( $, .RADIAN. ) );
#8656 =( NAMED_UNIT ( * ) SI_UNIT ( $, .STERADIAN. ) SOLID_ANGLE_UNIT ( ) );
#8657 = CARTESIAN_POINT ( 'NONE',  ( 2.303929616531696600E-017, -0.4249999999999999300, 0.7750000000000001300 ) ) ;
#8658 = DIRECTION ( 'NONE',  ( -1.000000000000000000, -5.421010862427522200E-017, 0.0000000000000000000 ) ) ;
#8659 = DIRECTION ( 'NONE',  ( 5.421010862427524000E-017, -1.000000000000000000, 0.0000000000000000000 ) ) ;
#8660 = CARTESIAN_POINT ( 'NONE',  ( -0.2791172341819160900, 0.4489999999999998400, -0.02323708687085917400 ) ) ;
#8661 = CARTESIAN_POINT ( 'NONE',  ( -0.2791172341819160900, 0.4499999999999999000, -0.02323708687085917400 ) ) ;
#8662 = CARTESIAN_POINT ( 'NONE',  ( -0.2795593069028060600, 0.4489999999999997900, -0.02382568792383632500 ) ) ;
#8663 = CARTESIAN_POINT ( 'NONE',  ( -0.2795593069028060600, 0.4499999999999998400, -0.02382568792383632500 ) ) ;
#8664 = CARTESIAN_POINT ( 'NONE',  ( -0.2804287022375302500, 0.4489999999999997900, -0.02498325088868508600 ) ) ;
#8665 = CARTESIAN_POINT ( 'NONE',  ( -0.2804287022375302500, 0.4499999999999998400, -0.02498325088868508600 ) ) ;
#8666 = CARTESIAN_POINT ( 'NONE',  ( -0.2815763023936759300, 0.4489999999999999500, -0.02679253253919099500 ) ) ;
#8667 = CARTESIAN_POINT ( 'NONE',  ( -0.2815763023936759300, 0.4500000000000000100, -0.02679253253919099500 ) ) ;
#8668 = CARTESIAN_POINT ( 'NONE',  ( -0.2825517070450582200, 0.4489999999999997300, -0.02864462583659753800 ) ) ;
#8669 = CARTESIAN_POINT ( 'NONE',  ( -0.2825517070450582200, 0.4499999999999997900, -0.02864462583659753800 ) ) ;
#8670 = CARTESIAN_POINT ( 'NONE',  ( -0.2833163451060937700, 0.4489999999999998400, -0.03054450768130003200 ) ) ;
#8671 = CARTESIAN_POINT ( 'NONE',  ( -0.2833163451060937700, 0.4499999999999999000, -0.03054450768130003200 ) ) ;
#8672 = CARTESIAN_POINT ( 'NONE',  ( -0.2839602370729386000, 0.4489999999999998400, -0.03246550564931640500 ) ) ;
#8673 = CARTESIAN_POINT ( 'NONE',  ( -0.2839602370729386000, 0.4499999999999999000, -0.03246550564931640500 ) ) ;
#8674 = CARTESIAN_POINT ( 'NONE',  ( -0.2843933208077320500, 0.4489999999999998400, -0.03443268409787690600 ) ) ;
#8675 = CARTESIAN_POINT ( 'NONE',  ( -0.2843933208077320500, 0.4499999999999999000, -0.03443268409787690600 ) ) ;
#8676 = CARTESIAN_POINT ( 'NONE',  ( -0.2846645035767544400, 0.4489999999999999000, -0.03643721605400512800 ) ) ;
#8677 = CARTESIAN_POINT ( 'NONE',  ( -0.2846645035767544400, 0.4499999999999999600, -0.03643721605400512800 ) ) ;
#8678 = CARTESIAN_POINT ( 'NONE',  ( -0.2846922746205574100, 0.4489999999999997900, -0.03778617321464822200 ) ) ;
#8679 = CARTESIAN_POINT ( 'NONE',  ( -0.2846922746205574100, 0.4499999999999998400, -0.03778617321464822200 ) ) ;
#8680 = CARTESIAN_POINT ( 'NONE',  ( -0.2847061764896083900, 0.4489999999999998400, -0.03846144584521814900 ) ) ;
#8681 = CARTESIAN_POINT ( 'NONE',  ( -0.2847061764896083900, 0.4499999999999999000, -0.03846144584521814900 ) ) ;
#8682 = CARTESIAN_POINT ( 'NONE',  ( -0.2610683559767879600, 0.4489999999999999000, -0.05154237533239764600 ) ) ;
#8683 = CARTESIAN_POINT ( 'NONE',  ( -0.2610683559767879600, 0.4499999999999999600, -0.05154237533239764600 ) ) ;
#8684 = CARTESIAN_POINT ( 'NONE',  ( -0.2621013994740871700, 0.4489999999999998400, -0.05150775533377227600 ) ) ;
#8685 = CARTESIAN_POINT ( 'NONE',  ( -0.2621013994740871700, 0.4499999999999999000, -0.05150775533377227600 ) ) ;
#8686 = CARTESIAN_POINT ( 'NONE',  ( -0.2640935265430681700, 0.4489999999999997900, -0.05144099392772305500 ) ) ;
#8687 = CARTESIAN_POINT ( 'NONE',  ( -0.2640935265430681700, 0.4499999999999998400, -0.05144099392772305500 ) ) ;
#8688 = CARTESIAN_POINT ( 'NONE',  ( -0.2669218190032844300, 0.4489999999999999500, -0.05071185149081890200 ) ) ;
#8689 = B_SPLINE_SURFACE_WITH_KNOTS ( 'NONE', 3, 1, ( 
 ( #5485, #5486 ),
 ( #5487, #5488 ),
 ( #5489, #5490 ),
 ( #5491, #5492 ),
 ( #5493, #5494 ),
 ( #5495, #5496 ),
 ( #5497, #5498 ),
 ( #5499, #5500 ),
 ( #5501, #5502 ),
 ( #5503, #5504 ),
 ( #5505, #5506 ),
 ( #5507, #5508 ),
 ( #5509, #5510 ),
 ( #5511, #5512 ),
 ( #5513, #5514 ),
 ( #5515, #5516 ),
 ( #5517, #5518 ),
 ( #5519, #5520 ),
 ( #5521, #5522 ) ),
 .UNSPECIFIED., .F., .F., .F.,
 ( 4, 1, 1, 1, 1, 1, 1, 1, 1, 1, 1, 1, 1, 1, 1, 1, 4 ),
 ( 2, 2 ),
 ( 0.0000000000000000000, 0.07126869258655892100, 0.1398117850281258300, 0.2064974320993707400, 0.2715352442755366600, 0.3360818306156439500, 0.4005283877476338800, 0.4649838426509125300, 0.5300503053616120200, 0.5944234089533960700, 0.6555827099825213300, 0.7148491056365299200, 0.7721150638706000300, 0.8289992113006463500, 0.8851221627752363700, 0.9420793532637977700, 1.000000000000000000 ),
 ( 0.0000000000000000000, 1.000000000000000000 ),
 .UNSPECIFIED. ) ;
#8690 = B_SPLINE_SURFACE_WITH_KNOTS ( 'NONE', 3, 1, ( 
 ( #5444, #5445 ),
 ( #5446, #5447 ),
 ( #5448, #5449 ),
 ( #5450, #5451 ),
 ( #5452, #5453 ),
 ( #5454, #5455 ),
 ( #5456, #5457 ),
 ( #5458, #5459 ),
 ( #5460, #5461 ),
 ( #5462, #5463 ),
 ( #5464, #5465 ),
 ( #5466, #5467 ),
 ( #5468, #5469 ),
 ( #5470, #5471 ),
 ( #5472, #5473 ),
 ( #5474, #5475 ),
 ( #5476, #5477 ),
 ( #5478, #5479 ),
 ( #5480, #5481 ) ),
 .UNSPECIFIED., .F., .F., .F.,
 ( 4, 1, 1, 1, 1, 1, 1, 1, 1, 1, 1, 1, 1, 1, 1, 1, 4 ),
 ( 2, 2 ),
 ( 0.0000000000000000000, 0.07524330859112955700, 0.1472088117202520800, 0.2164470898547697600, 0.2840250416193528200, 0.3506554491966478700, 0.4150313178410272600, 0.4796298309645113900, 0.5446516341371356900, 0.6080442396977436800, 0.6678275650288173500, 0.7251142466493378800, 0.7809917079106402100, 0.8355270040618585400, 0.8894381545415829300, 0.9440720891799445600, 0.9999999999999998900 ),
 ( 0.0000000000000000000, 1.000000000000000000 ),
 .UNSPECIFIED. ) ;
#8691 = B_SPLINE_SURFACE_WITH_KNOTS ( 'NONE', 3, 1, ( 
 ( #6627, #6628 ),
 ( #6629, #6630 ),
 ( #6631, #6632 ),
 ( #6633, #6634 ),
 ( #5338, #5339 ),
 ( #5340, #5341 ),
 ( #5342, #5343 ),
 ( #5344, #5345 ),
 ( #5346, #5347 ),
 ( #5348, #5349 ),
 ( #5350, #5351 ),
 ( #5352, #5353 ),
 ( #5354, #5355 ),
 ( #5356, #5357 ),
 ( #5358, #5359 ),
 ( #5360, #5361 ),
 ( #5362, #5363 ),
 ( #5364, #5365 ),
 ( #5366, #5367 ) ),
 .UNSPECIFIED., .F., .F., .F.,
 ( 4, 1, 1, 1, 1, 1, 1, 1, 1, 1, 1, 1, 1, 1, 1, 1, 4 ),
 ( 2, 2 ),
 ( 0.0000000000000000000, 0.05090243768365540500, 0.1010340427826149400, 0.1510838170086593300, 0.2030619875551385700, 0.2562484343627557900, 0.3108467145046029900, 0.3687690999693271100, 0.4300150403860059600, 0.4925196472738479500, 0.5560487215256787500, 0.6219956829149504400, 0.6901923690829554500, 0.7613848549884997300, 0.8363562199507238400, 0.9154870053271095800, 1.000000000000000000 ),
 ( 0.0000000000000000000, 1.000000000000000000 ),
 .UNSPECIFIED. ) ;
#8692 = B_SPLINE_SURFACE_WITH_KNOTS ( 'NONE', 3, 1, ( 
 ( #1378, #1379 ),
 ( #1380, #1381 ),
 ( #1382, #1383 ),
 ( #1384, #1385 ),
 ( #1386, #1387 ),
 ( #1388, #1389 ),
 ( #1390, #1391 ),
 ( #1392, #1393 ),
 ( #1394, #1395 ),
 ( #1396, #1397 ),
 ( #1398, #1399 ),
 ( #6347, #6348 ),
 ( #6349, #6350 ),
 ( #6351, #6352 ),
 ( #6353, #6354 ),
 ( #6355, #6356 ),
 ( #6357, #6358 ),
 ( #6359, #6360 ),
 ( #6361, #6362 ) ),
 .UNSPECIFIED., .F., .F., .F.,
 ( 4, 1, 1, 1, 1, 1, 1, 1, 1, 1, 1, 1, 1, 1, 1, 1, 4 ),
 ( 2, 2 ),
 ( 0.0000000000000000000, 0.07855643335270201500, 0.1528628401420925300, 0.2235596934382873000, 0.2903749439782083400, 0.3554030728222032900, 0.4182911570440928700, 0.4803885637756447600, 0.5430726152062792500, 0.6049239444620948500, 0.6643983091132995600, 0.7219425547367024400, 0.7783748910546740600, 0.8338299406509401800, 0.8888612363188848100, 0.9440889395778864200, 1.000000000000000000 ),
 ( 0.0000000000000000000, 1.000000000000000000 ),
 .UNSPECIFIED. ) ;
#8693 = B_SPLINE_SURFACE_WITH_KNOTS ( 'NONE', 3, 1, ( 
 ( #6546, #6547 ),
 ( #6548, #6549 ),
 ( #6550, #6551 ),
 ( #6552, #6553 ),
 ( #6554, #6555 ),
 ( #6556, #6557 ),
 ( #6558, #6559 ),
 ( #6560, #6561 ),
 ( #6562, #6563 ),
 ( #6564, #6565 ),
 ( #6566, #6567 ),
 ( #6568, #6569 ),
 ( #6570, #6571 ),
 ( #6572, #6573 ),
 ( #6574, #6575 ),
 ( #6576, #6577 ),
 ( #6578, #6579 ),
 ( #6580, #6581 ),
 ( #6582, #6583 ) ),
 .UNSPECIFIED., .F., .F., .F.,
 ( 4, 1, 1, 1, 1, 1, 1, 1, 1, 1, 1, 1, 1, 1, 1, 1, 4 ),
 ( 2, 2 ),
 ( 0.0000000000000000000, 0.05885358602866782400, 0.1163154589633509700, 0.1726748434114558100, 0.2287803868808988600, 0.2845803591252739100, 0.3402565063845448500, 0.3966298050124557600, 0.4535072628751918900, 0.5123181897799952100, 0.5726484440568294600, 0.6360219358217998900, 0.7023629463891915000, 0.7714830560569281300, 0.8441844774898995500, 0.9200697939721536000, 1.000000000000000000 ),
 ( 0.0000000000000000000, 1.000000000000000000 ),
 .UNSPECIFIED. ) ;
#8694 = B_SPLINE_SURFACE_WITH_KNOTS ( 'NONE', 3, 1, ( 
 ( #5574, #5575 ),
 ( #5576, #5577 ),
 ( #5578, #5579 ),
 ( #5580, #5581 ),
 ( #5582, #5583 ),
 ( #5584, #5585 ),
 ( #5586, #5587 ),
 ( #5588, #5589 ),
 ( #5590, #5591 ),
 ( #5592, #5593 ),
 ( #5594, #5595 ),
 ( #5596, #5597 ),
 ( #5598, #5599 ),
 ( #5600, #5601 ),
 ( #5602, #5603 ) ),
 .UNSPECIFIED., .F., .F., .F.,
 ( 4, 1, 1, 1, 1, 1, 1, 1, 1, 1, 1, 1, 4 ),
 ( 2, 2 ),
 ( 0.0000000000000000000, 0.07489820792759534200, 0.1485962943439405600, 0.2244712347857282000, 0.3023227423595712400, 0.3819186179896825200, 0.4611486955215892700, 0.5424171227241516600, 0.6267160830665700100, 0.7145968311855374100, 0.8049029203553208500, 0.9001272540718585600, 1.000000000000000000 ),
 ( 0.0000000000000000000, 1.000000000000000000 ),
 .UNSPECIFIED. ) ;
#8695 = B_SPLINE_SURFACE_WITH_KNOTS ( 'NONE', 3, 1, ( 
 ( #5523, #5524 ),
 ( #5525, #5526 ),
 ( #5527, #5528 ),
 ( #5529, #5530 ),
 ( #5531, #5532 ),
 ( #5533, #5534 ),
 ( #5535, #5536 ),
 ( #5537, #5538 ),
 ( #5539, #5540 ),
 ( #5541, #5542 ),
 ( #5543, #5544 ),
 ( #5545, #5546 ),
 ( #5547, #5548 ),
 ( #5549, #5550 ),
 ( #5551, #5552 ),
 ( #5553, #5554 ),
 ( #5555, #5556 ),
 ( #5557, #5558 ),
 ( #5559, #5560 ) ),
 .UNSPECIFIED., .F., .F., .F.,
 ( 4, 1, 1, 1, 1, 1, 1, 1, 1, 1, 1, 1, 1, 1, 1, 1, 4 ),
 ( 2, 2 ),
 ( 0.0000000000000000000, 0.07655893299404870100, 0.1491613519791150400, 0.2188268461269949600, 0.2855671390889779600, 0.3503131057192122600, 0.4141251538580793000, 0.4771791613162258400, 0.5403680185081833900, 0.6022023899907486000, 0.6620336537315644200, 0.7199344070495796700, 0.7759074326823267600, 0.8311148643832968500, 0.8866674470119630900, 0.9425523618334881200, 0.9999999999999998900 ),
 ( 0.0000000000000000000, 1.000000000000000000 ),
 .UNSPECIFIED. ) ;
#8696 = B_SPLINE_SURFACE_WITH_KNOTS ( 'NONE', 3, 1, ( 
 ( #5330, #5331 ),
 ( #5332, #5333 ),
 ( #5334, #5335 ),
 ( #5336, #5337 ),
 ( #1110, #1111 ),
 ( #1112, #1113 ),
 ( #1114, #1115 ),
 ( #1116, #1117 ),
 ( #1118, #1119 ),
 ( #1120, #1121 ),
 ( #1122, #1123 ),
 ( #1124, #1125 ),
 ( #1126, #1127 ),
 ( #1128, #1129 ),
 ( #1130, #1131 ),
 ( #1132, #1133 ),
 ( #1134, #1135 ),
 ( #1136, #1137 ),
 ( #1138, #1139 ),
 ( #1140, #1141 ),
 ( #1142, #1143 ),
 ( #1144, #1145 ),
 ( #1146, #1147 ),
 ( #1148, #1149 ),
 ( #1150, #1151 ),
 ( #1152, #1153 ),
 ( #1154, #1155 ) ),
 .UNSPECIFIED., .F., .F., .F.,
 ( 4, 1, 1, 1, 1, 1, 1, 1, 1, 1, 1, 1, 1, 1, 1, 1, 1, 1, 1, 1, 1, 1, 1, 1, 4 ),
 ( 2, 2 ),
 ( 0.0000000000000000000, 0.06859462225874235500, 0.1332460424433007700, 0.1943125864682561900, 0.2512792231169659300, 0.3045134392563466600, 0.3542349066533245800, 0.4004805887739886800, 0.4434107549384916900, 0.4840148686163447400, 0.5232523007732022800, 0.5610423727283596600, 0.5979002393643990700, 0.6335184888561948800, 0.6683143511696513200, 0.7024956712863808000, 0.7366853535134574300, 0.7702931693607880700, 0.8034372550192483400, 0.8359129516660289700, 0.8684602457892906000, 0.9008465382431828400, 0.9334665246307066700, 0.9662575752981231700, 1.000000000000000000 ),
 ( 0.0000000000000000000, 1.000000000000000000 ),
 .UNSPECIFIED. ) ;
#8697 = B_SPLINE_SURFACE_WITH_KNOTS ( 'NONE', 3, 1, ( 
 ( #6367, #6368 ),
 ( #6369, #6370 ),
 ( #6371, #6372 ),
 ( #6373, #6374 ),
 ( #6375, #6376 ),
 ( #6377, #6378 ),
 ( #6379, #6380 ),
 ( #6381, #6382 ),
 ( #6383, #6384 ),
 ( #6385, #6386 ),
 ( #6387, #6388 ),
 ( #6389, #6390 ),
 ( #6391, #6392 ),
 ( #6393, #6394 ),
 ( #6395, #6396 ),
 ( #6397, #6398 ),
 ( #6399, #6400 ),
 ( #6401, #6402 ),
 ( #6403, #6404 ),
 ( #6405, #6406 ),
 ( #6407, #6408 ),
 ( #6409, #6410 ),
 ( #6411, #6412 ),
 ( #6413, #6414 ),
 ( #6415, #6416 ),
 ( #6417, #6418 ),
 ( #6419, #6420 ) ),
 .UNSPECIFIED., .F., .F., .F.,
 ( 4, 1, 1, 1, 1, 1, 1, 1, 1, 1, 1, 1, 1, 1, 1, 1, 1, 1, 1, 1, 1, 1, 1, 1, 4 ),
 ( 2, 2 ),
 ( 0.0000000000000000000, 0.03378811616270917300, 0.06719393237387978600, 0.09986241085682411000, 0.1325666121262585900, 0.1651511732547852900, 0.1979131873557912800, 0.2313190035669617800, 0.2650832782673726000, 0.2992553087581145100, 0.3343985665049785100, 0.3699428235093072400, 0.4062835607000603900, 0.4440638196985081100, 0.4829977068727754900, 0.5233544466133039900, 0.5655365896041487600, 0.6096129240658192400, 0.6563908113764167500, 0.7058854949364571400, 0.7583245002617309300, 0.8138317829411499900, 0.8727945590393898500, 0.9347222295400741100, 1.000000000000000000 ),
 ( 0.0000000000000000000, 1.000000000000000000 ),
 .UNSPECIFIED. ) ;
#8698 = B_SPLINE_SURFACE_WITH_KNOTS ( 'NONE', 3, 1, ( 
 ( #6597, #6598 ),
 ( #6599, #6600 ),
 ( #6601, #6602 ),
 ( #6603, #6604 ),
 ( #6605, #6606 ),
 ( #6607, #6608 ),
 ( #6609, #6610 ),
 ( #6611, #6612 ),
 ( #6613, #6614 ),
 ( #6615, #6616 ),
 ( #6617, #6618 ),
 ( #6619, #6620 ),
 ( #6621, #6622 ),
 ( #6623, #6624 ),
 ( #6625, #6626 ) ),
 .UNSPECIFIED., .F., .F., .F.,
 ( 4, 1, 1, 1, 1, 1, 1, 1, 1, 1, 1, 1, 4 ),
 ( 2, 2 ),
 ( 0.0000000000000000000, 0.08968993624739170200, 0.1784940104960780200, 0.2668377532994865600, 0.3565581760610150900, 0.4453342496549763700, 0.5308058350374912400, 0.6140762174402838400, 0.6977070858228013900, 0.7791419498114603400, 0.8553535905869743500, 0.9285568200856553200, 1.000000000000000000 ),
 ( 0.0000000000000000000, 1.000000000000000000 ),
 .UNSPECIFIED. ) ;
#8699 = B_SPLINE_SURFACE_WITH_KNOTS ( 'NONE', 3, 1, ( 
 ( #5368, #5369 ),
 ( #5370, #5371 ),
 ( #5372, #5373 ),
 ( #5374, #5375 ),
 ( #5376, #5377 ),
 ( #5378, #5379 ),
 ( #5380, #5381 ),
 ( #5382, #5383 ),
 ( #5384, #5385 ),
 ( #5386, #5387 ),
 ( #5388, #5389 ),
 ( #5390, #5391 ),
 ( #5392, #5393 ),
 ( #5394, #5395 ),
 ( #5396, #5397 ),
 ( #5398, #5399 ),
 ( #5400, #5401 ),
 ( #5402, #5403 ),
 ( #5404, #5405 ) ),
 .UNSPECIFIED., .F., .F., .F.,
 ( 4, 1, 1, 1, 1, 1, 1, 1, 1, 1, 1, 1, 1, 1, 1, 1, 4 ),
 ( 2, 2 ),
 ( 0.0000000000000000000, 0.05456394950705875000, 0.1078262027811415800, 0.1619237085214006400, 0.2175097010530382100, 0.2744983327961374500, 0.3348147646240149900, 0.3975549470643520200, 0.4647545773561981300, 0.5329012097695236000, 0.6000972138233270400, 0.6653541614565446900, 0.7310836277242057600, 0.7968834939590050400, 0.8632915901470210600, 0.9308312175092451300, 1.000000000000000000 ),
 ( 0.0000000000000000000, 1.000000000000000000 ),
 .UNSPECIFIED. ) ;
#8700 = B_SPLINE_SURFACE_WITH_KNOTS ( 'NONE', 3, 1, ( 
 ( #1298, #1299 ),
 ( #1300, #1301 ),
 ( #1302, #1303 ),
 ( #1304, #1305 ),
 ( #1306, #1307 ),
 ( #1308, #1309 ),
 ( #1310, #1311 ),
 ( #1312, #1313 ),
 ( #1314, #1315 ),
 ( #1316, #1317 ),
 ( #1318, #1319 ),
 ( #1320, #1321 ),
 ( #1322, #1323 ),
 ( #1324, #1325 ),
 ( #1326, #1327 ),
 ( #1328, #1329 ),
 ( #1330, #1331 ),
 ( #1332, #1333 ),
 ( #1334, #1335 ) ),
 .UNSPECIFIED., .F., .F., .F.,
 ( 4, 1, 1, 1, 1, 1, 1, 1, 1, 1, 1, 1, 1, 1, 1, 1, 4 ),
 ( 2, 2 ),
 ( 0.0000000000000000000, 0.06796237149445516500, 0.1332834028675235200, 0.1978352977570553300, 0.2608919865309878800, 0.3233765044831756200, 0.3863500754690880100, 0.4496377310517143400, 0.5147953269783569500, 0.5792399132410305200, 0.6418141777582888600, 0.7013585647860582900, 0.7607267659857192000, 0.8192220679243874500, 0.8787161693846299300, 0.9381473540533082900, 1.000000000000000000 ),
 ( 0.0000000000000000000, 1.000000000000000000 ),
 .UNSPECIFIED. ) ;
#8701 = B_SPLINE_SURFACE_WITH_KNOTS ( 'NONE', 3, 1, ( 
 ( #5406, #5407 ),
 ( #5408, #5409 ),
 ( #5410, #5411 ),
 ( #5412, #5413 ),
 ( #5414, #5415 ),
 ( #5416, #5417 ),
 ( #5418, #5419 ),
 ( #5420, #5421 ),
 ( #5422, #5423 ),
 ( #5424, #5425 ),
 ( #5426, #5427 ),
 ( #5428, #5429 ),
 ( #5430, #5431 ),
 ( #5432, #5433 ),
 ( #5434, #5435 ),
 ( #5436, #5437 ),
 ( #5438, #5439 ),
 ( #5440, #5441 ),
 ( #5442, #5443 ) ),
 .UNSPECIFIED., .F., .F., .F.,
 ( 4, 1, 1, 1, 1, 1, 1, 1, 1, 1, 1, 1, 1, 1, 1, 1, 4 ),
 ( 2, 2 ),
 ( 0.0000000000000000000, 0.05733942592015884400, 0.1130633316232406300, 0.1691814487493783800, 0.2257745596549406200, 0.2838263038920834100, 0.3434542790864921800, 0.4059069615102772200, 0.4713922597696817400, 0.5380028337126924200, 0.6030635561963467700, 0.6676018307634198300, 0.7322254428169046000, 0.7970048098289833600, 0.8630479900344320000, 0.9303569870570425100, 0.9999999999999998900 ),
 ( 0.0000000000000000000, 1.000000000000000000 ),
 .UNSPECIFIED. ) ;
#8702 = VERTEX_POINT ( 'NONE', #3105 ) ;
#8703 = VERTEX_POINT ( 'NONE', #3106 ) ;
#8704 = VERTEX_POINT ( 'NONE', #3107 ) ;
#8705 = VERTEX_POINT ( 'NONE', #3108 ) ;
#8706 = VERTEX_POINT ( 'NONE', #3109 ) ;
#8707 = VERTEX_POINT ( 'NONE', #3110 ) ;
#8708 = VERTEX_POINT ( 'NONE', #3111 ) ;
#8709 = VERTEX_POINT ( 'NONE', #3112 ) ;
#8710 = VERTEX_POINT ( 'NONE', #3113 ) ;
#8711 = VERTEX_POINT ( 'NONE', #3114 ) ;
#8712 = VERTEX_POINT ( 'NONE', #3115 ) ;
#8713 = VERTEX_POINT ( 'NONE', #3116 ) ;
#8714 = VERTEX_POINT ( 'NONE', #3117 ) ;
#8715 = VERTEX_POINT ( 'NONE', #3118 ) ;
#8716 = VERTEX_POINT ( 'NONE', #3119 ) ;
#8717 = VERTEX_POINT ( 'NONE', #3120 ) ;
#8718 = VERTEX_POINT ( 'NONE', #3121 ) ;
#8719 = VERTEX_POINT ( 'NONE', #3122 ) ;
#8720 = VERTEX_POINT ( 'NONE', #3123 ) ;
#8721 = VERTEX_POINT ( 'NONE', #3124 ) ;
#8722 = VERTEX_POINT ( 'NONE', #3125 ) ;
#8723 = VERTEX_POINT ( 'NONE', #3126 ) ;
#8724 = VERTEX_POINT ( 'NONE', #3127 ) ;
#8725 = VERTEX_POINT ( 'NONE', #3128 ) ;
#8726 = VERTEX_POINT ( 'NONE', #3129 ) ;
#8727 = VERTEX_POINT ( 'NONE', #3130 ) ;
#8728 = VERTEX_POINT ( 'NONE', #3131 ) ;
#8729 = VERTEX_POINT ( 'NONE', #3132 ) ;
#8730 = VERTEX_POINT ( 'NONE', #3133 ) ;
#8731 = VERTEX_POINT ( 'NONE', #3134 ) ;
#8732 = VERTEX_POINT ( 'NONE', #3135 ) ;
#8733 = VERTEX_POINT ( 'NONE', #3136 ) ;
#8734 = VERTEX_POINT ( 'NONE', #3137 ) ;
#8735 = VERTEX_POINT ( 'NONE', #3138 ) ;
#8736 = VERTEX_POINT ( 'NONE', #3139 ) ;
#8737 = VERTEX_POINT ( 'NONE', #3140 ) ;
#8738 = VERTEX_POINT ( 'NONE', #3141 ) ;
#8739 = VERTEX_POINT ( 'NONE', #3142 ) ;
#8740 = VERTEX_POINT ( 'NONE', #3143 ) ;
#8741 = VERTEX_POINT ( 'NONE', #3144 ) ;
#8742 = VERTEX_POINT ( 'NONE', #3145 ) ;
#8743 = VERTEX_POINT ( 'NONE', #3146 ) ;
#8744 = VERTEX_POINT ( 'NONE', #3147 ) ;
#8745 = VERTEX_POINT ( 'NONE', #3148 ) ;
#8746 = VERTEX_POINT ( 'NONE', #3149 ) ;
#8747 = VERTEX_POINT ( 'NONE', #3150 ) ;
#8748 = VERTEX_POINT ( 'NONE', #3151 ) ;
#8749 = VERTEX_POINT ( 'NONE', #3152 ) ;
#8750 = VERTEX_POINT ( 'NONE', #3153 ) ;
#8751 = VERTEX_POINT ( 'NONE', #3154 ) ;
#8752 = VERTEX_POINT ( 'NONE', #3155 ) ;
#8753 = VERTEX_POINT ( 'NONE', #3156 ) ;
#8754 = VERTEX_POINT ( 'NONE', #3157 ) ;
#8755 = VERTEX_POINT ( 'NONE', #3158 ) ;
#8756 = VERTEX_POINT ( 'NONE', #3159 ) ;
#8757 = VERTEX_POINT ( 'NONE', #3160 ) ;
#8758 = VERTEX_POINT ( 'NONE', #3161 ) ;
#8759 = VERTEX_POINT ( 'NONE', #3162 ) ;
#8760 = VERTEX_POINT ( 'NONE', #3163 ) ;
#8761 = VERTEX_POINT ( 'NONE', #3164 ) ;
#8762 = VERTEX_POINT ( 'NONE', #3165 ) ;
#8763 = VERTEX_POINT ( 'NONE', #3166 ) ;
#8764 = VERTEX_POINT ( 'NONE', #3167 ) ;
#8765 = VERTEX_POINT ( 'NONE', #3168 ) ;
#8766 = VERTEX_POINT ( 'NONE', #3169 ) ;
#8767 = VERTEX_POINT ( 'NONE', #3170 ) ;
#8768 = VERTEX_POINT ( 'NONE', #3171 ) ;
#8769 = VERTEX_POINT ( 'NONE', #3172 ) ;
#8770 = VERTEX_POINT ( 'NONE', #3173 ) ;
#8771 = VERTEX_POINT ( 'NONE', #3174 ) ;
#8772 = ORIENTED_EDGE ( 'NONE', *, *, #705, .F. ) ;
#8773 = ORIENTED_EDGE ( 'NONE', *, *, #4599, .T. ) ;
#8774 = ORIENTED_EDGE ( 'NONE', *, *, #730, .F. ) ;
#8775 = ORIENTED_EDGE ( 'NONE', *, *, #4670, .T. ) ;
#8776 = ORIENTED_EDGE ( 'NONE', *, *, #4623, .F. ) ;
#8777 = ORIENTED_EDGE ( 'NONE', *, *, #4671, .F. ) ;
#8778 = ORIENTED_EDGE ( 'NONE', *, *, #4599, .F. ) ;
#8779 = ORIENTED_EDGE ( 'NONE', *, *, #4633, .T. ) ;
#8780 = ORIENTED_EDGE ( 'NONE', *, *, #2031, .F. ) ;
#8781 = ORIENTED_EDGE ( 'NONE', *, *, #4587, .T. ) ;
#8782 = ORIENTED_EDGE ( 'NONE', *, *, #4628, .T. ) ;
#8783 = ORIENTED_EDGE ( 'NONE', *, *, #2083, .F. ) ;
#8784 = ORIENTED_EDGE ( 'NONE', *, *, #4587, .F. ) ;
#8785 = ORIENTED_EDGE ( 'NONE', *, *, #4618, .T. ) ;
#8786 = ORIENTED_EDGE ( 'NONE', *, *, #4628, .F. ) ;
#8787 = ORIENTED_EDGE ( 'NONE', *, *, #4617, .T. ) ;
#8788 = ORIENTED_EDGE ( 'NONE', *, *, #2012, .F. ) ;
#8789 = ORIENTED_EDGE ( 'NONE', *, *, #4631, .T. ) ;
#8790 = ORIENTED_EDGE ( 'NONE', *, *, #4616, .T. ) ;
#8791 = ORIENTED_EDGE ( 'NONE', *, *, #4617, .F. ) ;
#8792 = ORIENTED_EDGE ( 'NONE', *, *, #4604, .F. ) ;
#8793 = ORIENTED_EDGE ( 'NONE', *, *, #2030, .F. ) ;
#8794 = ORIENTED_EDGE ( 'NONE', *, *, #4615, .T. ) ;
#8795 = ORIENTED_EDGE ( 'NONE', *, *, #4623, .T. ) ;
#8796 = ORIENTED_EDGE ( 'NONE', *, *, #4615, .F. ) ;
#8797 = ORIENTED_EDGE ( 'NONE', *, *, #4627, .T. ) ;
#8798 = ORIENTED_EDGE ( 'NONE', *, *, #2048, .F. ) ;
#8799 = ORIENTED_EDGE ( 'NONE', *, *, #4626, .T. ) ;
#8800 = ORIENTED_EDGE ( 'NONE', *, *, #4613, .T. ) ;
#8801 = ORIENTED_EDGE ( 'NONE', *, *, #4625, .T. ) ;
#8802 = ORIENTED_EDGE ( 'NONE', *, *, #4626, .F. ) ;
#8803 = ORIENTED_EDGE ( 'NONE', *, *, #4584, .T. ) ;
#8804 = ORIENTED_EDGE ( 'NONE', *, *, #4642, .F. ) ;
#8805 = ORIENTED_EDGE ( 'NONE', *, *, #4600, .F. ) ;
#8806 = ORIENTED_EDGE ( 'NONE', *, *, #4696, .T. ) ;
#8807 = ORIENTED_EDGE ( 'NONE', *, *, #4585, .T. ) ;
#8808 = ORIENTED_EDGE ( 'NONE', *, *, #4603, .F. ) ;
#8809 = ORIENTED_EDGE ( 'NONE', *, *, #4606, .T. ) ;
#8810 = ORIENTED_EDGE ( 'NONE', *, *, #4622, .T. ) ;
#8811 = ORIENTED_EDGE ( 'NONE', *, *, #4610, .T. ) ;
#8812 = ORIENTED_EDGE ( 'NONE', *, *, #4600, .T. ) ;
#8813 = ORIENTED_EDGE ( 'NONE', *, *, #4622, .F. ) ;
#8814 = ORIENTED_EDGE ( 'NONE', *, *, #4672, .F. ) ;
#8815 = ORIENTED_EDGE ( 'NONE', *, *, #4671, .T. ) ;
#8816 = ORIENTED_EDGE ( 'NONE', *, *, #629, .F. ) ;
#8817 = ORIENTED_EDGE ( 'NONE', *, *, #4603, .T. ) ;
#8818 = ORIENTED_EDGE ( 'NONE', *, *, #4625, .F. ) ;
#8819 = ORIENTED_EDGE ( 'NONE', *, *, #4604, .T. ) ;
#8820 = ORIENTED_EDGE ( 'NONE', *, *, #2120, .F. ) ;
#8821 = ORIENTED_EDGE ( 'NONE', *, *, #2040, .F. ) ;
#8822 = ORIENTED_EDGE ( 'NONE', *, *, #4682, .F. ) ;
#8823 = ORIENTED_EDGE ( 'NONE', *, *, #4650, .T. ) ;
#8824 = ORIENTED_EDGE ( 'NONE', *, *, #4627, .F. ) ;
#8825 = ORIENTED_EDGE ( 'NONE', *, *, #628, .F. ) ;
#8826 = ORIENTED_EDGE ( 'NONE', *, *, #4658, .T. ) ;
#8827 = ORIENTED_EDGE ( 'NONE', *, *, #4656, .T. ) ;
#8828 = ORIENTED_EDGE ( 'NONE', *, *, #4686, .F. ) ;
#8829 = ORIENTED_EDGE ( 'NONE', *, *, #4685, .F. ) ;
#8830 = ORIENTED_EDGE ( 'NONE', *, *, #4631, .F. ) ;
#8831 = ORIENTED_EDGE ( 'NONE', *, *, #4652, .F. ) ;
#8832 = ORIENTED_EDGE ( 'NONE', *, *, #4651, .F. ) ;
#8833 = ORIENTED_EDGE ( 'NONE', *, *, #4672, .T. ) ;
#8834 = ORIENTED_EDGE ( 'NONE', *, *, #4535, .F. ) ;
#8835 = ORIENTED_EDGE ( 'NONE', *, *, #4678, .F. ) ;
#8836 = ORIENTED_EDGE ( 'NONE', *, *, #4655, .T. ) ;
#8837 = ORIENTED_EDGE ( 'NONE', *, *, #4614, .F. ) ;
#8838 = ORIENTED_EDGE ( 'NONE', *, *, #4616, .F. ) ;
#8839 = ORIENTED_EDGE ( 'NONE', *, *, #4443, .F. ) ;
#8840 = ORIENTED_EDGE ( 'NONE', *, *, #4606, .F. ) ;
#8841 = ORIENTED_EDGE ( 'NONE', *, *, #4648, .T. ) ;
#8842 = ORIENTED_EDGE ( 'NONE', *, *, #720, .F. ) ;
#8843 = ORIENTED_EDGE ( 'NONE', *, *, #4652, .T. ) ;
#8844 = ORIENTED_EDGE ( 'NONE', *, *, #4650, .F. ) ;
#8845 = ORIENTED_EDGE ( 'NONE', *, *, #690, .F. ) ;
#8846 = ORIENTED_EDGE ( 'NONE', *, *, #4444, .F. ) ;
#8847 = ORIENTED_EDGE ( 'NONE', *, *, #4633, .F. ) ;
#8848 = ORIENTED_EDGE ( 'NONE', *, *, #4656, .F. ) ;
#8849 = ORIENTED_EDGE ( 'NONE', *, *, #4653, .T. ) ;
#8850 = ORIENTED_EDGE ( 'NONE', *, *, #4670, .F. ) ;
#8851 = ORIENTED_EDGE ( 'NONE', *, *, #4687, .F. ) ;
#8852 = ORIENTED_EDGE ( 'NONE', *, *, #4689, .F. ) ;
#8853 = ORIENTED_EDGE ( 'NONE', *, *, #4444, .T. ) ;
#8854 = ORIENTED_EDGE ( 'NONE', *, *, #4679, .F. ) ;
#8855 = ORIENTED_EDGE ( 'NONE', *, *, #4618, .F. ) ;
#8856 = ORIENTED_EDGE ( 'NONE', *, *, #4610, .F. ) ;
#8857 = ORIENTED_EDGE ( 'NONE', *, *, #4413, .T. ) ;
#8858 = ORIENTED_EDGE ( 'NONE', *, *, #4411, .F. ) ;
#8859 = ORIENTED_EDGE ( 'NONE', *, *, #4578, .F. ) ;
#8860 = ORIENTED_EDGE ( 'NONE', *, *, #4646, .F. ) ;
#8861 = ORIENTED_EDGE ( 'NONE', *, *, #4649, .T. ) ;
#8862 = ORIENTED_EDGE ( 'NONE', *, *, #4646, .T. ) ;
#8863 = ORIENTED_EDGE ( 'NONE', *, *, #621, .F. ) ;
#8864 = ORIENTED_EDGE ( 'NONE', *, *, #4647, .F. ) ;
#8865 = ORIENTED_EDGE ( 'NONE', *, *, #2061, .F. ) ;
#8866 = ORIENTED_EDGE ( 'NONE', *, *, #4642, .T. ) ;
#8867 = ORIENTED_EDGE ( 'NONE', *, *, #4645, .F. ) ;
#8868 = ORIENTED_EDGE ( 'NONE', *, *, #631, .F. ) ;
#8869 = ORIENTED_EDGE ( 'NONE', *, *, #4647, .T. ) ;
#8870 = ORIENTED_EDGE ( 'NONE', *, *, #609, .F. ) ;
#8871 = ORIENTED_EDGE ( 'NONE', *, *, #4645, .T. ) ;
#8872 = ORIENTED_EDGE ( 'NONE', *, *, #4639, .F. ) ;
#8873 = ORIENTED_EDGE ( 'NONE', *, *, #4634, .T. ) ;
#8874 = ORIENTED_EDGE ( 'NONE', *, *, #4641, .T. ) ;
#8875 = ORIENTED_EDGE ( 'NONE', *, *, #4640, .F. ) ;
#8876 = ORIENTED_EDGE ( 'NONE', *, *, #4639, .T. ) ;
#8877 = ORIENTED_EDGE ( 'NONE', *, *, #2025, .F. ) ;
#8878 = ORIENTED_EDGE ( 'NONE', *, *, #4641, .F. ) ;
#8879 = ORIENTED_EDGE ( 'NONE', *, *, #4635, .T. ) ;
#8880 = ORIENTED_EDGE ( 'NONE', *, *, #596, .F. ) ;
#8881 = ORIENTED_EDGE ( 'NONE', *, *, #4637, .T. ) ;
#8882 = ORIENTED_EDGE ( 'NONE', *, *, #4580, .T. ) ;
#8883 = ORIENTED_EDGE ( 'NONE', *, *, #4586, .F. ) ;
#8884 = ORIENTED_EDGE ( 'NONE', *, *, #616, .F. ) ;
#8885 = ORIENTED_EDGE ( 'NONE', *, *, #2126, .F. ) ;
#8886 = ORIENTED_EDGE ( 'NONE', *, *, #4586, .T. ) ;
#8887 = ORIENTED_EDGE ( 'NONE', *, *, #640, .T. ) ;
#8888 = ORIENTED_EDGE ( 'NONE', *, *, #680, .F. ) ;
#8889 = ORIENTED_EDGE ( 'NONE', *, *, #4632, .F. ) ;
#8890 = ORIENTED_EDGE ( 'NONE', *, *, #648, .F. ) ;
#8891 = ORIENTED_EDGE ( 'NONE', *, *, #2039, .F. ) ;
#8892 = ORIENTED_EDGE ( 'NONE', *, *, #746, .F. ) ;
#8893 = ORIENTED_EDGE ( 'NONE', *, *, #567, .T. ) ;
#8894 = ORIENTED_EDGE ( 'NONE', *, *, #4583, .T. ) ;
#8895 = ORIENTED_EDGE ( 'NONE', *, *, #4635, .F. ) ;
#8896 = ORIENTED_EDGE ( 'NONE', *, *, #4640, .T. ) ;
#8897 = ORIENTED_EDGE ( 'NONE', *, *, #4584, .F. ) ;
#8898 = ORIENTED_EDGE ( 'NONE', *, *, #4637, .F. ) ;
#8899 = ORIENTED_EDGE ( 'NONE', *, *, #4696, .F. ) ;
#8900 = ORIENTED_EDGE ( 'NONE', *, *, #4638, .F. ) ;
#8901 = ORIENTED_EDGE ( 'NONE', *, *, #4643, .F. ) ;
#8902 = ORIENTED_EDGE ( 'NONE', *, *, #4638, .T. ) ;
#8903 = ORIENTED_EDGE ( 'NONE', *, *, #729, .F. ) ;
#8904 = ORIENTED_EDGE ( 'NONE', *, *, #578, .F. ) ;
#8905 = ORIENTED_EDGE ( 'NONE', *, *, #673, .T. ) ;
#8906 = ORIENTED_EDGE ( 'NONE', *, *, #4644, .T. ) ;
#8907 = ORIENTED_EDGE ( 'NONE', *, *, #4636, .F. ) ;
#8908 = ORIENTED_EDGE ( 'NONE', *, *, #567, .F. ) ;
#8909 = ORIENTED_EDGE ( 'NONE', *, *, #4585, .F. ) ;
#8910 = ORIENTED_EDGE ( 'NONE', *, *, #4632, .T. ) ;
#8911 = ORIENTED_EDGE ( 'NONE', *, *, #726, .F. ) ;
#8912 = ORIENTED_EDGE ( 'NONE', *, *, #4580, .F. ) ;
#8913 = ORIENTED_EDGE ( 'NONE', *, *, #742, .T. ) ;
#8914 = ORIENTED_EDGE ( 'NONE', *, *, #4583, .F. ) ;
#8915 = ORIENTED_EDGE ( 'NONE', *, *, #4582, .T. ) ;
#8916 = ORIENTED_EDGE ( 'NONE', *, *, #4643, .T. ) ;
#8917 = ORIENTED_EDGE ( 'NONE', *, *, #4634, .F. ) ;
#8918 = ORIENTED_EDGE ( 'NONE', *, *, #4582, .F. ) ;
#8919 = ORIENTED_EDGE ( 'NONE', *, *, #691, .F. ) ;
#8920 = ORIENTED_EDGE ( 'NONE', *, *, #4636, .T. ) ;
#8921 = ORIENTED_EDGE ( 'NONE', *, *, #2038, .F. ) ;
#8922 = ORIENTED_EDGE ( 'NONE', *, *, #4644, .F. ) ;
#8923 = ORIENTED_EDGE ( 'NONE', *, *, #4704, .F. ) ;
#8924 = ORIENTED_EDGE ( 'NONE', *, *, #4578, .T. ) ;
#8925 = ORIENTED_EDGE ( 'NONE', *, *, #4538, .T. ) ;
#8926 = ORIENTED_EDGE ( 'NONE', *, *, #4380, .F. ) ;
#8927 = ORIENTED_EDGE ( 'NONE', *, *, #4538, .F. ) ;
#8928 = ORIENTED_EDGE ( 'NONE', *, *, #4536, .T. ) ;
#8929 = ORIENTED_EDGE ( 'NONE', *, *, #4649, .F. ) ;
#8930 = ORIENTED_EDGE ( 'NONE', *, *, #4651, .T. ) ;
#8931 = ORIENTED_EDGE ( 'NONE', *, *, #4658, .F. ) ;
#8932 = ORIENTED_EDGE ( 'NONE', *, *, #4536, .F. ) ;
#8933 = ORIENTED_EDGE ( 'NONE', *, *, #4673, .F. ) ;
#8934 = ORIENTED_EDGE ( 'NONE', *, *, #4413, .F. ) ;
#8935 = ORIENTED_EDGE ( 'NONE', *, *, #4414, .F. ) ;
#8936 = ORIENTED_EDGE ( 'NONE', *, *, #4409, .F. ) ;
#8937 = ORIENTED_EDGE ( 'NONE', *, *, #4385, .F. ) ;
#8938 = ORIENTED_EDGE ( 'NONE', *, *, #4694, .F. ) ;
#8939 = ORIENTED_EDGE ( 'NONE', *, *, #4439, .F. ) ;
#8940 = ORIENTED_EDGE ( 'NONE', *, *, #4655, .F. ) ;
#8941 = ORIENTED_EDGE ( 'NONE', *, *, #4648, .F. ) ;
#8942 = ORIENTED_EDGE ( 'NONE', *, *, #4653, .F. ) ;
#8943 = ORIENTED_EDGE ( 'NONE', *, *, #4533, .T. ) ;
#8944 = ORIENTED_EDGE ( 'NONE', *, *, #2076, .F. ) ;
#8945 = ORIENTED_EDGE ( 'NONE', *, *, #4537, .F. ) ;
#8946 = ORIENTED_EDGE ( 'NONE', *, *, #4529, .T. ) ;
#8947 = ORIENTED_EDGE ( 'NONE', *, *, #2070, .F. ) ;
#8948 = ORIENTED_EDGE ( 'NONE', *, *, #4529, .F. ) ;
#8949 = ORIENTED_EDGE ( 'NONE', *, *, #4532, .T. ) ;
#8950 = ORIENTED_EDGE ( 'NONE', *, *, #2055, .F. ) ;
#8951 = ORIENTED_EDGE ( 'NONE', *, *, #4528, .T. ) ;
#8952 = ORIENTED_EDGE ( 'NONE', *, *, #4528, .F. ) ;
#8953 = ORIENTED_EDGE ( 'NONE', *, *, #4534, .T. ) ;
#8954 = ORIENTED_EDGE ( 'NONE', *, *, #2112, .F. ) ;
#8955 = ORIENTED_EDGE ( 'NONE', *, *, #4530, .T. ) ;
#8956 = ORIENTED_EDGE ( 'NONE', *, *, #4530, .F. ) ;
#8957 = ORIENTED_EDGE ( 'NONE', *, *, #4527, .T. ) ;
#8958 = ORIENTED_EDGE ( 'NONE', *, *, #2129, .F. ) ;
#8959 = ORIENTED_EDGE ( 'NONE', *, *, #4525, .T. ) ;
#8960 = ORIENTED_EDGE ( 'NONE', *, *, #4525, .F. ) ;
#8961 = ORIENTED_EDGE ( 'NONE', *, *, #4526, .T. ) ;
#8962 = ORIENTED_EDGE ( 'NONE', *, *, #2058, .F. ) ;
#8963 = ORIENTED_EDGE ( 'NONE', *, *, #4520, .T. ) ;
#8964 = ORIENTED_EDGE ( 'NONE', *, *, #4520, .F. ) ;
#8965 = ORIENTED_EDGE ( 'NONE', *, *, #4524, .T. ) ;
#8966 = ORIENTED_EDGE ( 'NONE', *, *, #2052, .F. ) ;
#8967 = ORIENTED_EDGE ( 'NONE', *, *, #4522, .T. ) ;
#8968 = ORIENTED_EDGE ( 'NONE', *, *, #4522, .F. ) ;
#8969 = ORIENTED_EDGE ( 'NONE', *, *, #4531, .T. ) ;
#8970 = ORIENTED_EDGE ( 'NONE', *, *, #2015, .F. ) ;
#8971 = ORIENTED_EDGE ( 'NONE', *, *, #4523, .T. ) ;
#8972 = ORIENTED_EDGE ( 'NONE', *, *, #4523, .F. ) ;
#8973 = ORIENTED_EDGE ( 'NONE', *, *, #4519, .T. ) ;
#8974 = ORIENTED_EDGE ( 'NONE', *, *, #2005, .F. ) ;
#8975 = ORIENTED_EDGE ( 'NONE', *, *, #4516, .T. ) ;
#8976 = ORIENTED_EDGE ( 'NONE', *, *, #4516, .F. ) ;
#8977 = ORIENTED_EDGE ( 'NONE', *, *, #4521, .T. ) ;
#8978 = ORIENTED_EDGE ( 'NONE', *, *, #4537, .T. ) ;
#8979 = ORIENTED_EDGE ( 'NONE', *, *, #4515, .F. ) ;
#8980 = ORIENTED_EDGE ( 'NONE', *, *, #4513, .F. ) ;
#8981 = ORIENTED_EDGE ( 'NONE', *, *, #4517, .F. ) ;
#8982 = ORIENTED_EDGE ( 'NONE', *, *, #4514, .F. ) ;
#8983 = ORIENTED_EDGE ( 'NONE', *, *, #4511, .F. ) ;
#8984 = ORIENTED_EDGE ( 'NONE', *, *, #4531, .F. ) ;
#8985 = ORIENTED_EDGE ( 'NONE', *, *, #4521, .F. ) ;
#8986 = ORIENTED_EDGE ( 'NONE', *, *, #4533, .F. ) ;
#8987 = ORIENTED_EDGE ( 'NONE', *, *, #4519, .F. ) ;
#8988 = ORIENTED_EDGE ( 'NONE', *, *, #4524, .F. ) ;
#8989 = ORIENTED_EDGE ( 'NONE', *, *, #4526, .F. ) ;
#8990 = ORIENTED_EDGE ( 'NONE', *, *, #4527, .F. ) ;
#8991 = ORIENTED_EDGE ( 'NONE', *, *, #4534, .F. ) ;
#8992 = ORIENTED_EDGE ( 'NONE', *, *, #4532, .F. ) ;
#8993 = ORIENTED_EDGE ( 'NONE', *, *, #4509, .F. ) ;
#8994 = VECTOR ( 'NONE', #6503, 1000.000000000000000 ) ;
#8995 = VECTOR ( 'NONE', #6509, 1000.000000000000000 ) ;
#8996 = FACE_BOUND ( 'NONE', #1043, .T. ) ;
#8997 = VECTOR ( 'NONE', #6527, 1000.000000000000000 ) ;
#8998 = VECTOR ( 'NONE', #6536, 1000.000000000000000 ) ;
#8999 = VECTOR ( 'NONE', #6485, 1000.000000000000000 ) ;
#9000 = FACE_OUTER_BOUND ( 'NONE', #5887, .T. ) ;
#9001 = VECTOR ( 'NONE', #6512, 999.9999999999998900 ) ;
#9002 = FACE_OUTER_BOUND ( 'NONE', #5907, .T. ) ;
#9003 = VECTOR ( 'NONE', #6488, 1000.000000000000200 ) ;
#9004 = VECTOR ( 'NONE', #6462, 1000.000000000000000 ) ;
#9005 = VECTOR ( 'NONE', #6539, 1000.000000000000000 ) ;
#9006 = VECTOR ( 'NONE', #6506, 1000.000000000000000 ) ;
#9007 = FACE_OUTER_BOUND ( 'NONE', #5906, .T. ) ;
#9008 = VECTOR ( 'NONE', #6521, 1000.000000000000000 ) ;
#9009 = VECTOR ( 'NONE', #6542, 1000.000000000000000 ) ;
#9010 = VECTOR ( 'NONE', #6524, 1000.000000000000000 ) ;
#9011 = FACE_OUTER_BOUND ( 'NONE', #1067, .T. ) ;
#9012 = VECTOR ( 'NONE', #6515, 1000.000000000000000 ) ;
#9013 = VECTOR ( 'NONE', #6491, 1000.000000000000000 ) ;
#9014 = VECTOR ( 'NONE', #6586, 1000.000000000000000 ) ;
#9015 = VECTOR ( 'NONE', #6500, 1000.000000000000000 ) ;
#9016 = VECTOR ( 'NONE', #6494, 1000.000000000000000 ) ;
#9017 = VECTOR ( 'NONE', #6423, 999.9999999999998900 ) ;
#9018 = VECTOR ( 'NONE', #6465, 1000.000000000000000 ) ;
#9019 = VECTOR ( 'NONE', #6545, 1000.000000000000000 ) ;
#9020 = VECTOR ( 'NONE', #6530, 1000.000000000000000 ) ;
#9021 = VECTOR ( 'NONE', #6427, 1000.000000000000000 ) ;
#9022 = VECTOR ( 'NONE', #6445, 1000.000000000000000 ) ;
#9023 = VECTOR ( 'NONE', #6497, 1000.000000000000000 ) ;
#9024 = VECTOR ( 'NONE', #6448, 1000.000000000000000 ) ;
#9025 = AXIS2_PLACEMENT_3D ( 'NONE', #6591, #6592, #6593 ) ;
#9026 = VECTOR ( 'NONE', #6590, 1000.000000000000000 ) ;
#9027 = VECTOR ( 'NONE', #6518, 1000.000000000000000 ) ;
#9028 = VECTOR ( 'NONE', #6533, 1000.000000000000000 ) ;
#9029 = VECTOR ( 'NONE', #6596, 1000.000000000000000 ) ;
#9030 = FACE_BOUND ( 'NONE', #5913, .T. ) ;
#9031 = VECTOR ( 'NONE', #1545, 1000.000000000000000 ) ;
#9032 = AXIS2_PLACEMENT_3D ( 'NONE', #3721, #3722, #3723 ) ;
#9033 = VECTOR ( 'NONE', #1580, 1000.000000000000000 ) ;
#9034 = CLOSED_SHELL ( 'NONE', ( #1999, #2077, #2053, #2036, #2072, #2018, #2065, #2111, #2007, #2027, #2045, #2101, #2098, #2080, #2128, #2069, #2021, #2041, #2106, #2068, #2046, #2001, #2078, #2028, #2049, #2104, #2119, #2135, #2075, #2122, #2032, #2060, #2047, #2095, #2108, #2090, #2026, #2107, #2124, #2066, #2000, #2042, #2067, #2029, #2024, #2139, #2003, #2004, #2051, #2019, #2100, #2034, #2125, #2134, #2103, #2081, #2138, #2088, #2006, #2117, #2096, #2082, #2073, #2099, #2084, #2137, #2109, #2074, #2022, #2113, #2002, #2097, #2123, #2059, #2130, #2136, #2017, #2102, #2114, #2011, #2043, #2110, #2064, #2023, #2089, #2079, #2127, #2132, #2057, #2009, #2044, #2092, #2037, #2094, #2115, #2086, #2062, #2140, #2071, #2121, #4539, #4540, #4548, #4546, #4541, #4547, #4551, #4545, #4549, #4550, #4543, #4554, #4552, #4544, #4556, #4553, #4565, #4542, #4563, #4564, #4568, #4566, #4567, #4571, #4569, #4570, #4574, #4572, #4573, #4577, #4575, #4576, #4581, #4590, #4595, #4591, #4619, #4654, #4592, #4588, #4593, #4657, #4660, #4659, #4661, #4663, #4662, #4666, #4669, #4665, #4667, #4674, #4596, #4597, #4621, #4594, #4620, #4445, #4447, #4449, #4448, #4450, #4452, #4453, #4454, #4457, #4383, #4557, #4384, #4386, #4456, #4459, #4455, #4612, #4382, #4378, #4377 ) ) ;
#9035 = VECTOR ( 'NONE', #1515, 1000.000000000000000 ) ;
#9036 = AXIS2_PLACEMENT_3D ( 'NONE', #1669, #1670, #1671 ) ;
#9037 = VECTOR ( 'NONE', #1591, 1000.000000000000000 ) ;
#9038 = VECTOR ( 'NONE', #1512, 1000.000000000000000 ) ;
#9039 = AXIS2_PLACEMENT_3D ( 'NONE', #1574, #1575, #1576 ) ;
#9040 = VECTOR ( 'NONE', #1536, 1000.000000000000000 ) ;
#9041 = VECTOR ( 'NONE', #1583, 1000.000000000000000 ) ;
#9042 = VECTOR ( 'NONE', #1445, 1000.000000000000000 ) ;
#9043 = VECTOR ( 'NONE', #1421, 1000.000000000000000 ) ;
#9044 = VECTOR ( 'NONE', #1403, 1000.000000000000000 ) ;
#9045 = VECTOR ( 'NONE', #1427, 1000.000000000000000 ) ;
#9046 = VECTOR ( 'NONE', #1600, 1000.000000000000000 ) ;
#9047 = VECTOR ( 'NONE', #1675, 1000.000000000000000 ) ;
#9048 = VECTOR ( 'NONE', #1548, 1000.000000000000000 ) ;
#9049 = VECTOR ( 'NONE', #3736, 1000.000000000000000 ) ;
#9050 = VECTOR ( 'NONE', #1539, 1000.000000000000000 ) ;
#9051 = AXIS2_PLACEMENT_3D ( 'NONE', #1588, #1592, #1593 ) ;
#9052 = VECTOR ( 'NONE', #3730, 1000.000000000000000 ) ;
#9053 = AXIS2_PLACEMENT_3D ( 'NONE', #3260, #3273, #3274 ) ;
#9054 = VECTOR ( 'NONE', #3733, 1000.000000000000000 ) ;
#9055 = VECTOR ( 'NONE', #1551, 1000.000000000000000 ) ;
#9056 = VECTOR ( 'NONE', #1597, 1000.000000000000000 ) ;
#9057 = VECTOR ( 'NONE', #1518, 1000.000000000000000 ) ;
#9058 = VECTOR ( 'NONE', #1509, 1000.000000000000000 ) ;
#9059 = AXIS2_PLACEMENT_3D ( 'NONE', #3724, #3725, #3726 ) ;
#9060 = VECTOR ( 'NONE', #1424, 1000.000000000000000 ) ;
#9061 = VECTOR ( 'NONE', #1542, 1000.000000000000000 ) ;
#9062 = VERTEX_POINT ( 'NONE', #3175 ) ;
#9063 = VERTEX_POINT ( 'NONE', #3176 ) ;
#9064 = VERTEX_POINT ( 'NONE', #3177 ) ;
#9065 = VERTEX_POINT ( 'NONE', #3178 ) ;
#9066 = VERTEX_POINT ( 'NONE', #3179 ) ;
#9067 = VERTEX_POINT ( 'NONE', #3180 ) ;
#9068 = VERTEX_POINT ( 'NONE', #3181 ) ;
#9069 = VERTEX_POINT ( 'NONE', #3182 ) ;
#9070 = FACE_OUTER_BOUND ( 'NONE', #7054, .T. ) ;
#9071 = VECTOR ( 'NONE', #198, 1000.000000000000000 ) ;
#9072 = FACE_OUTER_BOUND ( 'NONE', #7110, .T. ) ;
#9073 = AXIS2_PLACEMENT_3D ( 'NONE', #8454, #8455, #8456 ) ;
#9074 = CYLINDRICAL_SURFACE ( 'NONE', #9073, 0.02499999999999995600 ) ;
#9075 = CYLINDRICAL_SURFACE ( 'NONE', #9137, 0.02499999999999995600 ) ;
#9076 = FACE_OUTER_BOUND ( 'NONE', #7090, .T. ) ;
#9077 = VECTOR ( 'NONE', #8569, 1000.000000000000000 ) ;
#9078 = AXIS2_PLACEMENT_3D ( 'NONE', #8504, #8514, #8515 ) ;
#9079 = AXIS2_PLACEMENT_3D ( 'NONE', #8461, #8462, #8463 ) ;
#9080 = AXIS2_PLACEMENT_3D ( 'NONE', #8571, #8572, #8573 ) ;
#9081 = AXIS2_PLACEMENT_3D ( 'NONE', #8564, #8565, #8566 ) ;
#9082 = VECTOR ( 'NONE', #205, 1000.000000000000000 ) ;
#9083 = CYLINDRICAL_SURFACE ( 'NONE', #9093, 0.02499999999999995600 ) ;
#9084 = SPHERICAL_SURFACE ( 'NONE', #9088, 0.02500000000000000100 ) ;
#9085 = AXIS2_PLACEMENT_3D ( 'NONE', #266, #267, #268 ) ;
#9086 = FACE_OUTER_BOUND ( 'NONE', #7207, .T. ) ;
#9087 = CYLINDRICAL_SURFACE ( 'NONE', #9078, 0.02499999999999995600 ) ;
#9088 = AXIS2_PLACEMENT_3D ( 'NONE', #8475, #8476, #8477 ) ;
#9089 = VECTOR ( 'NONE', #247, 1000.000000000000000 ) ;
#9090 = FACE_OUTER_BOUND ( 'NONE', #7269, .T. ) ;
#9091 = FACE_OUTER_BOUND ( 'NONE', #7131, .T. ) ;
#9092 = FACE_OUTER_BOUND ( 'NONE', #7128, .T. ) ;
#9093 = AXIS2_PLACEMENT_3D ( 'NONE', #4101, #4102, #4103 ) ;
#9094 = AXIS2_PLACEMENT_3D ( 'NONE', #8597, #8598, #8599 ) ;
#9095 = FACE_OUTER_BOUND ( 'NONE', #7082, .T. ) ;
#9096 = FACE_OUTER_BOUND ( 'NONE', #7242, .T. ) ;
#9097 = FACE_OUTER_BOUND ( 'NONE', #7074, .T. ) ;
#9098 = AXIS2_PLACEMENT_3D ( 'NONE', #200, #201, #202 ) ;
#9099 = AXIS2_PLACEMENT_3D ( 'NONE', #8561, #8562, #8563 ) ;
#9100 = AXIS2_PLACEMENT_3D ( 'NONE', #216, #217, #218 ) ;
#9101 = CYLINDRICAL_SURFACE ( 'NONE', #9149, 0.02500000000000001200 ) ;
#9102 = FACE_OUTER_BOUND ( 'NONE', #7094, .T. ) ;
#9103 = FACE_OUTER_BOUND ( 'NONE', #7081, .T. ) ;
#9104 = AXIS2_PLACEMENT_3D ( 'NONE', #259, #260, #261 ) ;
#9105 = FACE_OUTER_BOUND ( 'NONE', #7053, .T. ) ;
#9106 = FACE_OUTER_BOUND ( 'NONE', #7196, .T. ) ;
#9107 = AXIS2_PLACEMENT_3D ( 'NONE', #8590, #8591, #8592 ) ;
#9108 = FACE_OUTER_BOUND ( 'NONE', #7178, .T. ) ;
#9109 = FACE_OUTER_BOUND ( 'NONE', #7149, .T. ) ;
#9110 = SPHERICAL_SURFACE ( 'NONE', #9079, 0.02500000000000000100 ) ;
#9111 = SPHERICAL_SURFACE ( 'NONE', #9140, 0.02500000000000000100 ) ;
#9112 = VECTOR ( 'NONE', #4106, 1000.000000000000000 ) ;
#9113 = VECTOR ( 'NONE', #8518, 1000.000000000000000 ) ;
#9114 = FACE_OUTER_BOUND ( 'NONE', #7185, .T. ) ;
#9115 = AXIS2_PLACEMENT_3D ( 'NONE', #4115, #4116, #4117 ) ;
#9116 = VECTOR ( 'NONE', #8503, 1000.000000000000000 ) ;
#9117 = FACE_OUTER_BOUND ( 'NONE', #7261, .T. ) ;
#9118 = AXIS2_PLACEMENT_3D ( 'NONE', #8498, #8499, #8500 ) ;
#9119 = FACE_OUTER_BOUND ( 'NONE', #7044, .T. ) ;
#9120 = AXIS2_PLACEMENT_3D ( 'NONE', #4108, #4109, #4110 ) ;
#9121 = AXIS2_PLACEMENT_3D ( 'NONE', #4111, #4112, #4113 ) ;
#9122 = FACE_OUTER_BOUND ( 'NONE', #7225, .T. ) ;
#9123 = FACE_OUTER_BOUND ( 'NONE', #7119, .T. ) ;
#9124 = PRESENTATION_LAYER_ASSIGNMENT (  '', '', ( #9169 ) ) ;
#9125 = SPHERICAL_SURFACE ( 'NONE', #9081, 0.02500000000000000100 ) ;
#9126 = FACE_OUTER_BOUND ( 'NONE', #7184, .T. ) ;
#9127 = FACE_OUTER_BOUND ( 'NONE', #7167, .T. ) ;
#9128 = FACE_OUTER_BOUND ( 'NONE', #7270, .T. ) ;
#9129 = FACE_BOUND ( 'NONE', #7075, .T. ) ;
#9130 = AXIS2_PLACEMENT_3D ( 'NONE', #8546, #8547, #8548 ) ;
#9131 = STYLED_ITEM ( 'NONE', ( #212 ), #2036 ) ;
#9132 = FACE_OUTER_BOUND ( 'NONE', #7210, .T. ) ;
#9133 = VECTOR ( 'NONE', #8609, 1000.000000000000000 ) ;
#9134 = VECTOR ( 'NONE', #8576, 1000.000000000000000 ) ;
#9135 = MECHANICAL_DESIGN_GEOMETRIC_PRESENTATION_REPRESENTATION (  '', ( #9169 ), #3790 ) ;
#9136 = AXIS2_PLACEMENT_3D ( 'NONE', #8458, #8459, #8460 ) ;
#9137 = AXIS2_PLACEMENT_3D ( 'NONE', #193, #194, #195 ) ;
#9138 = AXIS2_PLACEMENT_3D ( 'NONE', #8578, #8579, #8580 ) ;
#9139 = PRESENTATION_LAYER_ASSIGNMENT (  '', '', ( #9131 ) ) ;
#9140 = AXIS2_PLACEMENT_3D ( 'NONE', #164, #165, #166 ) ;
#9141 = CYLINDRICAL_SURFACE ( 'NONE', #9121, 0.02499999999999995600 ) ;
#9142 = FACE_OUTER_BOUND ( 'NONE', #7100, .T. ) ;
#9143 = STYLED_ITEM ( 'NONE', ( #8586 ), #2065 ) ;
#9144 = FACE_OUTER_BOUND ( 'NONE', #7205, .T. ) ;
#9145 = STYLED_ITEM ( 'NONE', ( #8653 ), #2072 ) ;
#9146 = FACE_OUTER_BOUND ( 'NONE', #7051, .T. ) ;
#9147 = VECTOR ( 'NONE', #243, 1000.000000000000000 ) ;
#9148 = MECHANICAL_DESIGN_GEOMETRIC_PRESENTATION_REPRESENTATION (  '', ( #9145 ), #3792 ) ;
#9149 = AXIS2_PLACEMENT_3D ( 'NONE', #262, #263, #264 ) ;
#9150 = FACE_OUTER_BOUND ( 'NONE', #7160, .T. ) ;
#9151 = AXIS2_PLACEMENT_3D ( 'NONE', #8604, #8605, #8606 ) ;
#9152 = CYLINDRICAL_SURFACE ( 'NONE', #9107, 0.02500000000000001200 ) ;
#9153 = FACE_OUTER_BOUND ( 'NONE', #7129, .T. ) ;
#9154 = MECHANICAL_DESIGN_GEOMETRIC_PRESENTATION_REPRESENTATION (  '', ( #9143 ), #3791 ) ;
#9155 = AXIS2_PLACEMENT_3D ( 'NONE', #8601, #8602, #8603 ) ;
#9156 = FACE_OUTER_BOUND ( 'NONE', #7171, .T. ) ;
#9157 = FACE_OUTER_BOUND ( 'NONE', #7168, .T. ) ;
#9158 = FACE_OUTER_BOUND ( 'NONE', #7127, .T. ) ;
#9159 = AXIS2_PLACEMENT_3D ( 'NONE', #8657, #8658, #8659 ) ;
#9160 = MECHANICAL_DESIGN_GEOMETRIC_PRESENTATION_REPRESENTATION (  '', ( #9131 ), #3789 ) ;
#9161 = FACE_OUTER_BOUND ( 'NONE', #7176, .T. ) ;
#9162 = SPHERICAL_SURFACE ( 'NONE', #9166, 0.02500000000000000100 ) ;
#9163 = FACE_OUTER_BOUND ( 'NONE', #7151, .T. ) ;
#9164 = PRESENTATION_LAYER_ASSIGNMENT (  '', '', ( #9143 ) ) ;
#9165 = CYLINDRICAL_SURFACE ( 'NONE', #9159, 0.02500000000000001200 ) ;
#9166 = AXIS2_PLACEMENT_3D ( 'NONE', #8593, #8594, #8595 ) ;
#9167 = FACE_OUTER_BOUND ( 'NONE', #7088, .T. ) ;
#9168 = PRESENTATION_LAYER_ASSIGNMENT (  '', '', ( #9145 ) ) ;
#9169 = STYLED_ITEM ( 'NONE', ( #8510 ), #2053 ) ;
#9170 = CYLINDRICAL_SURFACE ( 'NONE', #9151, 0.02500000000000001200 ) ;
ENDSEC;
END-ISO-10303-21;
